# U-M7-02 Seeds manifest | master_seed=20260928 | data stream = g0/v1 (bit-identical to G0); tool stream namespace = m7-tool|<competitor>|<arm>|N<n>|r<k>
# note: profile=degraded adapter=docker provider=synthetic competitors=sigminer,sigprofiler commit=ca0e55424127d513219d3d9fd1f6047b1476b8a8
arm	N	rep	data_seed	seed_sigminer	seed_sigprofiler
main	100	0	3892182331271704643	378370763	157346364
main	100	1	10820360303607093643	1473519166	1802517059
main	100	2	10407241955487478744	1018102052	762205177
main	100	3	532147854617910338	1365988906	1640394333
main	100	4	9040993121995288930	2074323566	1361054480
main	100	5	15028459860850496220	505544073	1683951940
main	100	6	11115586842261660390	1942504531	289064826
main	100	7	14943438746963406638	375004206	11034305
main	100	8	2161704560070565654	1147741704	1940978072
main	100	9	12501870762656231088	734556709	1869656672
main	100	10	17033671546067348474	1090427022	1217341309
main	100	11	12266221113346098930	1079383845	1801656504
main	100	12	4733870113778021684	1615253142	849661158
main	100	13	13182666183714276194	1680445743	497084376
main	100	14	9571943682631186254	66519253	1515235409
main	100	15	9058903641757556302	1203488411	976824518
main	100	16	3026300490263460907	1521686787	994470212
main	100	17	16379194758984133537	1910737492	389553078
main	100	18	12298247164093982528	509516957	1791228558
main	100	19	10885598355763590101	1451104883	1002760522
main	100	20	13214510712289226380	1909367546	917237096
main	100	21	10797129325322263160	1178607339	1065988000
main	100	22	11605300570306117491	1020044365	439103228
main	100	23	3933929843692978914	1833949920	312352012
main	100	24	7056061098016410159	1017950006	204372422
main	100	25	14501829470593889703	1353758409	1932432432
main	100	26	10214023997360512122	1087954056	1343552597
main	100	27	14455993866651389478	181975045	1530473010
main	100	28	14740699444769693143	1217748148	1135394698
main	100	29	10995283552258683051	2114747094	1341038425
main	100	30	6570403879293134649	2034682704	707083424
main	100	31	14780153734281222453	1531482307	191053204
main	100	32	8830962011961476497	1100846758	626873392
main	100	33	8393296758452233676	1636314110	1038688155
main	100	34	12227848550731697970	1015552617	1629283051
main	100	35	4373745982396059034	468687224	71537246
main	100	36	11523173286947876504	566268409	42132139
main	100	37	8848858207877236010	1626348841	2044988728
main	100	38	17164564701970248400	1398955208	34183447
main	100	39	1386169748560577630	1898797912	940808005
main	100	40	14274139035103908631	945326203	1873549171
main	100	41	7629891506176147974	1809753603	189102750
main	100	42	13705806774339250840	1232968843	1792882376
main	100	43	11655907150051979618	1708506256	103861060
main	100	44	12267777516189369506	2077901586	836784442
main	100	45	8179576724707292968	1666345434	1792436555
main	100	46	7971241093963519068	1582949690	1441715060
main	100	47	10214230545117676300	734530766	1408920231
main	100	48	14676078063995491047	1224182704	802435671
main	100	49	17638573798109998192	806232563	2118613236
main	100	50	11223665235558251716	948459862	110717051
main	100	51	12269764714041234514	1273747608	508382272
main	100	52	10533604330360597855	59986058	1517655881
main	100	53	1618902068304677487	1284606026	202939755
main	100	54	6442555815107071286	598866300	1160160155
main	100	55	17246522484332719714	1899475344	502150862
main	100	56	2934650012722425665	1027592672	210822268
main	100	57	9310990928007016739	654437576	186969653
main	100	58	3608818459319721296	481587068	1063898063
main	100	59	4431832374388839803	265185141	223094322
main	100	60	17507835734357321406	1717317662	1897044795
main	100	61	4704794850620957877	1814671921	74387675
main	100	62	1633125697821333448	160394526	1675557796
main	100	63	9577270298858477100	1507356454	1779125568
main	100	64	11565582284317576402	1447577331	1610361623
main	100	65	695172168285863245	127442799	1368054470
main	100	66	9845786438064928426	1747634560	1170644718
main	100	67	3163117084719998621	1591154067	475665261
main	100	68	5266416891787160320	728704449	1846532639
main	100	69	9256704408698663155	55495758	765087011
main	100	70	6561842190825447653	1614181086	740588575
main	100	71	2927641129206287042	831311075	1739939023
main	100	72	10286188565354779694	1074793603	1026414621
main	100	73	2677673055081105664	1867113321	910004699
main	100	74	8855449679184285074	308447106	1705987539
main	100	75	6196421679893039833	402927007	863396258
main	100	76	8528654433622019821	1057016446	2036691610
main	100	77	1264999887332936014	203817943	696622674
main	100	78	1101102612044117469	2035035650	404493706
main	100	79	760202961587369484	839748293	823914728
main	100	80	5690819788913796984	1460847168	112824939
main	100	81	18179709902639206335	627321500	1867809881
main	100	82	11137807497809758156	464607944	1682577895
main	100	83	8760421628493004656	1370770464	639658211
main	100	84	3277069479993143004	925490316	1208848547
main	100	85	7788591140443489873	748872727	925610366
main	100	86	14406715894764582952	1065478460	173287009
main	100	87	10648658865249464217	952007863	1384174525
main	100	88	9438811090718272869	155657537	1005900595
main	100	89	16442192774841316855	618610211	943448731
main	100	90	4779435408432140371	2075239104	1729875873
main	100	91	7751672200964981010	904789830	1223521541
main	100	92	788665907431642072	289642855	727449167
main	100	93	6629917332351205533	517061770	296624977
main	100	94	18186006233237350051	1524653664	1295263038
main	100	95	5316078790620099584	296754911	309728618
main	100	96	4606705617331737122	2136900919	1514509307
main	100	97	6947652492227081848	375887910	1938142377
main	100	98	2447560705387499960	605034640	723681648
main	100	99	4243981853069694595	904047228	1515365082
main	1000	0	663988732034039842	1179398890	1586813777
main	1000	1	319328993915614430	47923692	1194221308
main	1000	2	4883674319524830253	752885500	1475908843
main	1000	3	1483628833557839299	2129102094	1244094730
main	1000	4	12744133713140540224	325837000	1322175853
main	1000	5	10678116377552101486	398069309	36529920
main	1000	6	14825327996378140571	1850429196	1721720308
main	1000	7	1821376549423341828	536467853	1271886444
main	1000	8	9356360226885338835	216476528	1484355694
main	1000	9	14819816986925987130	203436478	1379050328
main	1000	10	795615182365265265	1277322291	1945221518
main	1000	11	10260932002942156683	1133573975	675673158
main	1000	12	4074607361655154041	1587776476	1406609271
main	1000	13	2641673204266504514	1792953053	405336518
main	1000	14	13529090359979118047	395158152	896580679
main	1000	15	12672429727769950011	791718941	1798530443
main	1000	16	4027441026325786814	275883786	2009772341
main	1000	17	13332236969054076120	376331719	1015292303
main	1000	18	915346667447552160	975058198	1592989454
main	1000	19	15955074115168860842	1286198892	1743901354
main	1000	20	12071280859882934361	352979264	1232086378
main	1000	21	14164395966089169070	481118118	583063427
main	1000	22	7808318238667529713	684693593	2011098900
main	1000	23	14598386949232029960	1308336842	680996056
main	1000	24	17182255303057355976	968051037	119761603
main	1000	25	9432713594633609302	1767917022	1846466602
main	1000	26	11991563351168682301	975668975	591549700
main	1000	27	14370889343001171531	585238102	1504622356
main	1000	28	10340277322483534808	1533291893	532729856
main	1000	29	1209811731322547568	1344274877	1545819056
main	1000	30	4701883079045584934	1848758212	1718113617
main	1000	31	843675344916726202	707571418	378626335
main	1000	32	6142669439418614937	1810112267	544744181
main	1000	33	13067386032703634143	480047420	164130291
main	1000	34	14406427078445186206	73197579	1846771023
main	1000	35	11502221205293019803	1252048432	297683042
main	1000	36	3018883717717833595	1044785291	1230708986
main	1000	37	4532415008197011738	1572491569	841793975
main	1000	38	17797596786809265738	142567756	1517736719
main	1000	39	4927267148185390171	273043875	519662699
main	1000	40	10238081310762663925	405467244	394699838
main	1000	41	12315983038376556990	338724092	139347130
main	1000	42	10561328478134611711	1037245737	122126863
main	1000	43	3012612138553744333	1774114197	1128115690
main	1000	44	1359974045054423682	230437740	1449008079
main	1000	45	3202243348673850397	562302748	1745554214
main	1000	46	17960079696670556743	360640084	1513780928
main	1000	47	14858305013500380088	714830811	281917799
main	1000	48	16284144197375448058	843656719	1667178747
main	1000	49	16403189548066361211	1848244897	2100719476
main	1000	50	10787582435201430582	1826434591	1520783799
main	1000	51	14035257037336764899	1133388843	802684256
main	1000	52	15291487208409298133	264997185	2123030489
main	1000	53	8293015606737638086	1534931617	993213095
main	1000	54	14813133809566425140	1916351048	262346204
main	1000	55	13655721684835791399	407429209	1168941281
main	1000	56	3969326266847317144	2080229363	1014283077
main	1000	57	4031653716838326867	620164517	459838923
main	1000	58	16974819876648443185	2066508583	609668766
main	1000	59	12079318281257175707	1663884514	1939752746
main	1000	60	6675507444883703189	567423874	814398806
main	1000	61	2939597083303687493	524829097	629562782
main	1000	62	13230384345409042048	1680936351	1619122091
main	1000	63	1866998191519706461	690747060	1270773924
main	1000	64	12635262055059934135	867702462	419472702
main	1000	65	4623235873422826458	418209817	1476194865
main	1000	66	245441939948855298	872477150	2006684405
main	1000	67	13314847514301921089	1689694619	892974319
main	1000	68	3900872884239854456	687677851	654113220
main	1000	69	17921059338958896355	1098821920	1130779603
main	1000	70	9584113260593652064	621817124	310271121
main	1000	71	426094153519796819	2102213681	854924812
main	1000	72	16884899130642816610	935352491	2040358364
main	1000	73	1427064434831042440	1905391603	1168164208
main	1000	74	15642649807228431315	448476653	168925365
main	1000	75	135102337821695959	1398735855	1415514884
main	1000	76	18363537382900979092	1459991990	1338153877
main	1000	77	18388289935108908773	1020644721	2117152751
main	1000	78	1490768514032749422	508775244	1930270297
main	1000	79	17643563810582020370	700380037	503063559
main	1000	80	2157035298459916482	276179919	962511673
main	1000	81	13142030108296084941	926317216	1055645592
main	1000	82	5503328028814288843	1999080792	466371315
main	1000	83	477275655312618223	1217288415	936536444
main	1000	84	4145420059745528572	513743605	2043942540
main	1000	85	3974147441385825229	97423294	960889405
main	1000	86	17903982426748116087	2127133231	103579972
main	1000	87	8182620017194820995	1433431254	1249291049
main	1000	88	8550374535181491941	150085871	2115630831
main	1000	89	7702954303293620040	785596503	1732050710
main	1000	90	16085212064153836790	2034789219	396573064
main	1000	91	6197226044538221451	510268783	945079942
main	1000	92	13613984929104887892	294347005	1186944686
main	1000	93	11251410768085983830	2086402870	1737342069
main	1000	94	16375197647926088940	1447878648	1345186046
main	1000	95	7356647921944664407	743335446	138539973
main	1000	96	2496202163365641996	540643496	597753319
main	1000	97	2923122522814579478	920095934	36804440
main	1000	98	9130126226881487102	580951847	674291883
main	1000	99	1486572049727035309	2109345991	371327973
main	10000	0	2237003083837261163	1225993887	280565659
main	10000	1	15015851777973968669	2118338914	1476681352
main	10000	2	3861042311550678788	1483927019	718952491
main	10000	3	12745307322432546198	194341536	1062579117
main	10000	4	18009972242891915505	773467891	992513440
main	10000	5	267040040791554984	967377710	114111363
main	10000	6	6314801255721591545	2028890839	1889553305
main	10000	7	12830884694241864745	154276036	1856356063
main	10000	8	6828569067529282388	1068201194	2098648758
main	10000	9	9488748837999964660	2121542713	21092054
main	10000	10	13370501010846749197	1648665918	1471872872
main	10000	11	14131324600889523061	443482263	962383431
main	10000	12	7545750939871775600	1538674407	1459150806
main	10000	13	3778200672215430498	194644552	882191696
main	10000	14	5869591230607167952	784674902	1591812387
main	10000	15	13848956582470214155	679196017	44017231
main	10000	16	1838256576752382162	1532090469	1760874737
main	10000	17	7778619432728860698	1817033867	2146890769
main	10000	18	3853671074814005032	1869110484	1706454013
main	10000	19	11442908451583200076	1974931774	1200420052
main	10000	20	9101256054114947088	1333841283	526061805
main	10000	21	2092247802801359593	1011055939	1628191554
main	10000	22	12989816109178468318	2089782238	475249604
main	10000	23	16701578275715216889	1920851260	881068596
main	10000	24	1063945171310066677	1216622421	855332127
main	10000	25	9051637040420134956	1347022405	1689470388
main	10000	26	2155520650462534130	1325665045	1533791148
main	10000	27	9516750698945415461	24262261	1779674258
main	10000	28	11243397657790332573	2032169355	1403105464
main	10000	29	6892281574750762551	1735976350	1871590773
main	10000	30	7193358049265057205	1899639477	1220605799
main	10000	31	5406278057194303651	1660226227	370604867
main	10000	32	8165600948781412385	1852431731	119462437
main	10000	33	9276262952828604058	257630906	927833589
main	10000	34	9165575995576859709	2058347759	1408378260
main	10000	35	16151364353863117712	246063572	1130440355
main	10000	36	1806257588899018211	1776972523	2000844949
main	10000	37	15146506561422170562	1685414625	1115126992
main	10000	38	1374836094816889363	780875441	1964478934
main	10000	39	6302893787535030822	302688202	1006879753
main	10000	40	4084859638859864999	1134715850	543992323
main	10000	41	11445860079070137712	1104937876	1989615740
main	10000	42	14747815503120146639	2122194185	151524796
main	10000	43	6990908455352848997	13757885	1679065776
main	10000	44	14164129759267096335	371095633	1906984103
main	10000	45	4423686590976274570	1990467005	349507132
main	10000	46	18090108545983501489	783935231	796804150
main	10000	47	12626373083729287343	1587606393	400861855
main	10000	48	3937501089602976378	2131890352	415705874
main	10000	49	5041823864086489769	1329138667	2055203858
main	10000	50	898343631398335349	1432961383	1277404331
main	10000	51	7126989920256556837	1478014675	1495848065
main	10000	52	3642461256781828239	640041454	227579087
main	10000	53	4750768458012595981	526892892	753855981
main	10000	54	10865595334713263455	911449574	2084072852
main	10000	55	8220792468359759921	1254415180	740815573
main	10000	56	6735330234931604442	954250583	1506511940
main	10000	57	10751228941295952371	672562771	1960938542
main	10000	58	13690423934859256077	1326444814	1997948637
main	10000	59	16044756940710875503	1065450415	165799144
main	10000	60	10874809864184088215	1470543953	484492619
main	10000	61	5620851125341965954	987218815	1007782516
main	10000	62	16112454368608859118	2015008939	171694914
main	10000	63	7851159448165849014	553073510	81939845
main	10000	64	12593074768175363046	887151411	1581691269
main	10000	65	8739627675742205636	780156520	822536729
main	10000	66	16367209043712426294	1481974139	392232719
main	10000	67	5171295237711830460	505696322	694650147
main	10000	68	17025145681264192933	808994667	1465108630
main	10000	69	13520270052596107136	870222612	197011174
main	10000	70	8234565982663489553	1703597273	1317787419
main	10000	71	2523943207949009434	1810577503	359433892
main	10000	72	4811975251386040846	1279172269	1901280706
main	10000	73	455481602132425165	2131052945	929099637
main	10000	74	1134580341139727965	808187167	1899499453
main	10000	75	3160562014342052029	168685260	380420878
main	10000	76	8089110218742558148	1687902331	1329614203
main	10000	77	15110915694757891630	2002801865	335565267
main	10000	78	9825060756434484654	1525020480	2097616347
main	10000	79	12324822550481923679	1560014452	1566229764
main	10000	80	7125116452315098221	1515985009	1801281875
main	10000	81	8684084518227352059	1849323608	1794586197
main	10000	82	10081030841064061860	562746105	401744741
main	10000	83	10648152054274970729	1535309723	604495083
main	10000	84	11905590770116436300	859352517	242740920
main	10000	85	15691036125137919604	1752064566	1013936440
main	10000	86	5728326578801712360	1084755925	1127205113
main	10000	87	15089604853980994408	1060958082	1495396188
main	10000	88	1968132045412553467	975899784	82539246
main	10000	89	16397191031220272459	1421104314	1665540221
main	10000	90	11700496384601497603	1932342847	1338288014
main	10000	91	3513528266081198777	1586021624	216489802
main	10000	92	10446762988727571432	1368746378	1980443511
main	10000	93	9081716442812686177	950974320	1131524557
main	10000	94	16241978312544836564	1131088814	445227022
main	10000	95	14806399730072960080	472837204	421977054
main	10000	96	13159458927480319233	418128591	1356136154
main	10000	97	15498349366523451498	2068260546	315652959
main	10000	98	16111168137279069104	1793206019	1906111402
main	10000	99	12475711597267283382	1622160834	806234808
comp_clock_only	100	0	13752509224184873574	436326798	1063004897
comp_clock_only	100	1	144152227337303895	114250058	825649604
comp_clock_only	100	2	1884809551482636963	1065208511	46413077
comp_clock_only	100	3	2009187976191241365	1517958372	1999153371
comp_clock_only	100	4	1800395323768856795	970836178	1846143823
comp_clock_only	100	5	1700853367641728127	2026059563	524171812
comp_clock_only	100	6	7023128489203816524	818647093	1967664746
comp_clock_only	100	7	15901686282676147241	1698535228	1996198976
comp_clock_only	100	8	14043988541331454476	853704367	1540982703
comp_clock_only	100	9	9734985428972476656	315002896	1082442668
comp_clock_only	100	10	16264771025705354105	434005133	512381006
comp_clock_only	100	11	6173273560929568461	95501229	1792244031
comp_clock_only	100	12	11134445265976383617	831250367	1076891435
comp_clock_only	100	13	1882370867671715602	1624641128	178274889
comp_clock_only	100	14	16381402864443465942	1050812377	907905243
comp_clock_only	100	15	13609837860937815044	1348934456	737174407
comp_clock_only	100	16	16388687351814491245	1022506656	286529255
comp_clock_only	100	17	11329505197524049630	790324732	362681355
comp_clock_only	100	18	7265277313431739263	1384041829	1206105903
comp_clock_only	100	19	6310962562933755931	20319755	2093551070
comp_clock_only	100	20	10977660656390217869	1315248436	538505058
comp_clock_only	100	21	10098082131012223034	2093376026	856982421
comp_clock_only	100	22	3723743219512230971	1216234717	1316985456
comp_clock_only	100	23	284691259525061272	1527428486	1444035355
comp_clock_only	100	24	15097567479852382618	1500826891	689396595
comp_clock_only	100	25	4535776110331666957	1091921067	1986644200
comp_clock_only	100	26	6311532609655369904	1465518730	412899869
comp_clock_only	100	27	9832617153250304948	1602415214	1019005833
comp_clock_only	100	28	15607310166250252240	483544477	392957740
comp_clock_only	100	29	8802530344612107130	267005361	1848725931
comp_clock_only	100	30	15628209384736818680	666927521	493637747
comp_clock_only	100	31	11751727460110263108	1796606838	1691286404
comp_clock_only	100	32	9770270585988236986	605580355	2116003490
comp_clock_only	100	33	9935323519924448580	154364045	1226502932
comp_clock_only	100	34	10030795141973589832	1654911446	892499563
comp_clock_only	100	35	12105777781814867149	1933431490	1168626971
comp_clock_only	100	36	10407368816392822425	1075905602	1805880751
comp_clock_only	100	37	9168924962684449897	357916702	296445774
comp_clock_only	100	38	15405508618676810820	629376515	172174599
comp_clock_only	100	39	16183628341228234745	286964378	1735378419
comp_clock_only	100	40	7357272122216185063	1489962990	1950099125
comp_clock_only	100	41	9195709152841570281	634354315	1783422984
comp_clock_only	100	42	8008445915114446912	443709237	1025273611
comp_clock_only	100	43	8755729380196247180	1581258493	242836088
comp_clock_only	100	44	9133940857394085804	89378165	1908795540
comp_clock_only	100	45	17381923288258536349	252471960	1993793342
comp_clock_only	100	46	17514051079800608913	1162703078	910949928
comp_clock_only	100	47	9738724344756765854	1368736506	1126945959
comp_clock_only	100	48	14834972784085597192	582573811	966002642
comp_clock_only	100	49	3973662720463842615	1141162689	1261952204
comp_clock_only	100	50	16030214120556653532	1124193810	1567870056
comp_clock_only	100	51	15981731933874620468	1686433832	453489058
comp_clock_only	100	52	1869371585402658198	1651764959	541934150
comp_clock_only	100	53	16452360634834337979	1604488401	1650385970
comp_clock_only	100	54	8599995938078332332	2020450944	313845216
comp_clock_only	100	55	4502908590304178484	622644464	488089822
comp_clock_only	100	56	10389147912799683102	206838220	1803671971
comp_clock_only	100	57	17223956605968765357	1547684782	1142903269
comp_clock_only	100	58	12637887785879998733	691926654	360548380
comp_clock_only	100	59	12688961268560677024	801426433	657451977
comp_clock_only	100	60	16352093376695167499	822156247	2003458902
comp_clock_only	100	61	12377579612932054096	1103766815	866690148
comp_clock_only	100	62	11244804158030345756	2029962442	2093317102
comp_clock_only	100	63	10137995474412467881	291029175	802619486
comp_clock_only	100	64	6664388159835616136	835036479	1238292325
comp_clock_only	100	65	11987380564301992862	1042879055	254571307
comp_clock_only	100	66	13042708114667194899	109185864	191014304
comp_clock_only	100	67	15654945495126590761	358271871	2030745864
comp_clock_only	100	68	11378949713861312112	266474858	1647417793
comp_clock_only	100	69	210626117254363263	75996045	480612677
comp_clock_only	100	70	8119596273521070073	1585646460	650084358
comp_clock_only	100	71	431487634880279609	1647365012	786837147
comp_clock_only	100	72	4445362693696293759	140705301	2136409001
comp_clock_only	100	73	12681492548022947862	905061039	881313498
comp_clock_only	100	74	8995538361892990970	298543511	764935854
comp_clock_only	100	75	8010678997667021105	1878221623	1817058278
comp_clock_only	100	76	4166839585125347968	1273103336	1528494016
comp_clock_only	100	77	11853495180191193753	841925561	1781058978
comp_clock_only	100	78	14640205273978773572	2121032208	264366591
comp_clock_only	100	79	2724436279126384561	1498407526	1878792142
comp_clock_only	100	80	9655389629233239556	500494653	630084333
comp_clock_only	100	81	4790113068995086008	1747181219	1260314978
comp_clock_only	100	82	6276125966794496800	1057126177	263352655
comp_clock_only	100	83	15111845472002567098	852677395	647304419
comp_clock_only	100	84	11613816631261277583	1740886923	1702622122
comp_clock_only	100	85	1675167478303184482	1893916357	474191676
comp_clock_only	100	86	5893553953999512411	2040436406	1855601260
comp_clock_only	100	87	6801983958268146181	1318808172	1959860514
comp_clock_only	100	88	17977249474487108838	1159162398	528751709
comp_clock_only	100	89	5007539225549380882	636358622	12461593
comp_clock_only	100	90	14457098191545935985	1451974670	877745627
comp_clock_only	100	91	13215829718732576595	958009116	451306858
comp_clock_only	100	92	15067157859976489495	1683194837	1989093161
comp_clock_only	100	93	12977047175076136405	223712289	57933851
comp_clock_only	100	94	2484933494413455608	1151394116	2015545091
comp_clock_only	100	95	4729086701521205216	430640	1123250196
comp_clock_only	100	96	5593667440250696533	2141061631	287658740
comp_clock_only	100	97	10187807301843422109	379055358	1907293255
comp_clock_only	100	98	8938263877151172234	1388703941	115142236
comp_clock_only	100	99	9145005657095006487	1937151030	338929222
comp_clock_only	1000	0	8385406756201664004	1592250921	1853688694
comp_clock_only	1000	1	10189202972775582678	2126294318	811762703
comp_clock_only	1000	2	1759192628674749519	946966047	344640555
comp_clock_only	1000	3	15062046015677545557	463406829	5479690
comp_clock_only	1000	4	18272920716079824211	80442947	1029352710
comp_clock_only	1000	5	5287820894505394793	164501415	1477086574
comp_clock_only	1000	6	15413896415839438568	1641343682	666557840
comp_clock_only	1000	7	16288761837997324619	1734313777	1913319468
comp_clock_only	1000	8	17439290865234919438	1925288726	297774327
comp_clock_only	1000	9	12578893093663109300	276745996	31965142
comp_clock_only	1000	10	10848685784214872040	1015643875	789313762
comp_clock_only	1000	11	9184040396261545558	93901543	1019033024
comp_clock_only	1000	12	5069565213902003457	1707953084	1582099828
comp_clock_only	1000	13	8295426012784961577	1841993072	1930363772
comp_clock_only	1000	14	7279664963806559827	1479601467	144593532
comp_clock_only	1000	15	14734218232951804772	180635464	728362778
comp_clock_only	1000	16	14184334391976108	1681642822	2010145785
comp_clock_only	1000	17	9992522296861438526	558421220	2099210819
comp_clock_only	1000	18	6399990861022042637	1294269322	1277490062
comp_clock_only	1000	19	6536317952096641590	2047505578	911499175
comp_clock_only	1000	20	14333269242741185060	601944455	437445435
comp_clock_only	1000	21	5746479045741276688	2093346941	470421775
comp_clock_only	1000	22	4642001188192491105	121694002	329318256
comp_clock_only	1000	23	6601208552036520331	626415072	904040282
comp_clock_only	1000	24	8073381516160482919	1699553959	2074131883
comp_clock_only	1000	25	3359720396380717911	1137725146	1030085103
comp_clock_only	1000	26	17784774565716409926	911391437	305029124
comp_clock_only	1000	27	13151131954463069511	1285292615	625357146
comp_clock_only	1000	28	5593584616452231963	101077414	258184635
comp_clock_only	1000	29	5422470591951715462	993158430	1030673675
comp_clock_only	1000	30	6658696767357005504	345399229	948058359
comp_clock_only	1000	31	12011823744806836675	1445137916	876787338
comp_clock_only	1000	32	4523078159117186064	9409793	569278318
comp_clock_only	1000	33	16835726229607431080	1481044110	1643434573
comp_clock_only	1000	34	14785419701537071556	1353204248	1964735097
comp_clock_only	1000	35	4474301591328092982	926368224	1591553326
comp_clock_only	1000	36	8462761824726839219	650975927	1679481768
comp_clock_only	1000	37	4226582127103044707	1156100412	752577768
comp_clock_only	1000	38	4684436924076580943	988315079	1223251933
comp_clock_only	1000	39	5432091366722263709	207079307	1531059507
comp_clock_only	1000	40	15250898925534333926	1836026781	815481207
comp_clock_only	1000	41	5189586547159785216	1496529011	419012810
comp_clock_only	1000	42	11449565224022472609	1176380183	1085453854
comp_clock_only	1000	43	7011962321069714568	1502814926	273255073
comp_clock_only	1000	44	8983933419025011723	732272784	1587929137
comp_clock_only	1000	45	2942654408361485796	1060374036	345556106
comp_clock_only	1000	46	7913782961368515977	1886137006	807563182
comp_clock_only	1000	47	13023426788002131879	1753959027	1800757061
comp_clock_only	1000	48	1481656886555943878	441028690	1111362142
comp_clock_only	1000	49	14189482859990448976	1583315155	628657373
comp_clock_only	1000	50	16207574977398254871	581505169	368763311
comp_clock_only	1000	51	17862778900600383924	1358819274	218389438
comp_clock_only	1000	52	17534271402653873090	2146784306	1748480514
comp_clock_only	1000	53	1999781448333082951	1108998766	1338806706
comp_clock_only	1000	54	15528798274317736324	984697884	1255289603
comp_clock_only	1000	55	3962646915573531309	623887715	808246500
comp_clock_only	1000	56	3416770921587032059	1517624645	1013778343
comp_clock_only	1000	57	14470963237787775826	1441895055	1558392377
comp_clock_only	1000	58	13332522638913703979	1428241085	1715581516
comp_clock_only	1000	59	8519581202999540268	584495683	888079829
comp_clock_only	1000	60	13579297719636920644	1272643656	1281593355
comp_clock_only	1000	61	12082604806768909594	1156152241	455911603
comp_clock_only	1000	62	13390597821378246928	92216675	1571068354
comp_clock_only	1000	63	14523961376130932563	2087409695	693062802
comp_clock_only	1000	64	5329865734006460861	683708436	1560485245
comp_clock_only	1000	65	6388218609301997046	1172438245	599191222
comp_clock_only	1000	66	12795429058633945603	1932423581	1164155954
comp_clock_only	1000	67	840142179393019481	900540140	586599401
comp_clock_only	1000	68	10865103140904015931	1340155217	1935795287
comp_clock_only	1000	69	10866951964978649206	403586547	1342814362
comp_clock_only	1000	70	5203231673887841892	315403450	1876521087
comp_clock_only	1000	71	16543095793359441659	484327061	1666824150
comp_clock_only	1000	72	8843828576395378022	1918035732	2101252373
comp_clock_only	1000	73	5206647402709635397	950362283	368937483
comp_clock_only	1000	74	18002136974037515559	400485157	368503791
comp_clock_only	1000	75	10143716880346142844	75277929	828836093
comp_clock_only	1000	76	17165496379948147652	1235104499	1209431644
comp_clock_only	1000	77	3222845945562788519	1542697567	1295628151
comp_clock_only	1000	78	615217023445928888	789022050	1754110954
comp_clock_only	1000	79	6618447553932680178	2106414467	1981707111
comp_clock_only	1000	80	7704942802067971435	272375217	261845662
comp_clock_only	1000	81	12145155233954634873	1639723802	1851547895
comp_clock_only	1000	82	1779907860358693741	1841024415	2082219710
comp_clock_only	1000	83	1686992931631237616	1479187398	1066740173
comp_clock_only	1000	84	3910693609811635457	1986685295	822015851
comp_clock_only	1000	85	1387511499932176265	1441380135	263181662
comp_clock_only	1000	86	12219433895398247354	1893780642	1058219267
comp_clock_only	1000	87	16007965764964188707	72030699	249478538
comp_clock_only	1000	88	13911342455523214011	1796232636	1764815794
comp_clock_only	1000	89	18188016872038917968	1617455618	1680358991
comp_clock_only	1000	90	15017800428106492358	1053483155	599119124
comp_clock_only	1000	91	17163251351653393044	1777106431	151655743
comp_clock_only	1000	92	5024257091452848661	1159629286	895161135
comp_clock_only	1000	93	4913720727894412475	2117373675	1966441313
comp_clock_only	1000	94	4956196716724727953	911639404	424765238
comp_clock_only	1000	95	408806621098189982	343576069	980010620
comp_clock_only	1000	96	13211471719314592391	1576235550	926787759
comp_clock_only	1000	97	1105678900757859696	1856829041	2045637067
comp_clock_only	1000	98	16298167804889537332	197099799	1777767500
comp_clock_only	1000	99	18033273531378282587	1996515726	156297235
comp_clock_only	10000	0	8204602582977609699	1076383976	481382484
comp_clock_only	10000	1	13798645212177250984	2059177117	1725062374
comp_clock_only	10000	2	10113592497444450803	1875274573	2145534011
comp_clock_only	10000	3	7522502929503367178	1907277437	616125521
comp_clock_only	10000	4	8668275271769733767	345895343	289122239
comp_clock_only	10000	5	16081523721431138013	1293769165	341714751
comp_clock_only	10000	6	2697233758063129359	171087471	437650901
comp_clock_only	10000	7	18257600725360761507	1046779946	547173192
comp_clock_only	10000	8	1391884772027806	2035561947	2000503296
comp_clock_only	10000	9	6469170463447098820	656511981	886201509
comp_clock_only	10000	10	7900092221520237988	2123051872	191469796
comp_clock_only	10000	11	4029495536081694076	1070492927	1757356133
comp_clock_only	10000	12	13273772342813082591	258945923	1416719542
comp_clock_only	10000	13	8160901718578971473	998713807	2029518723
comp_clock_only	10000	14	4045865359732250473	192855071	1032349460
comp_clock_only	10000	15	12258917806021853342	1921869908	1450356382
comp_clock_only	10000	16	6160812815689873348	1140873625	995841321
comp_clock_only	10000	17	4893297605031201882	625774450	1749464133
comp_clock_only	10000	18	11957535046457373075	2018017837	155416439
comp_clock_only	10000	19	15151038596110412435	1858265172	359518422
comp_clock_only	10000	20	2170808215828864638	1753545158	165594441
comp_clock_only	10000	21	4099130789274746208	435922165	1009834792
comp_clock_only	10000	22	16460595040249588323	1616639932	1088100898
comp_clock_only	10000	23	14474927875948751025	351028994	1779715011
comp_clock_only	10000	24	8176394096356468093	274993018	444479758
comp_clock_only	10000	25	13273592790036887473	841994062	1723363032
comp_clock_only	10000	26	3921476437350106675	778757985	1967180837
comp_clock_only	10000	27	9570923332968043933	766167083	1458815597
comp_clock_only	10000	28	3769986775958778208	1591898436	918506247
comp_clock_only	10000	29	6803848624515133502	716213862	585612639
comp_clock_only	10000	30	6090586548668161527	1389701956	1708559864
comp_clock_only	10000	31	16757426641255597199	2124788634	106967583
comp_clock_only	10000	32	3535269206515290558	2111867046	1646788208
comp_clock_only	10000	33	10353982043413671355	162491742	449705890
comp_clock_only	10000	34	3320403644705876824	1879763149	1375297662
comp_clock_only	10000	35	18038364625492961952	1644076151	1589984460
comp_clock_only	10000	36	15231973252417000578	156171377	1305028024
comp_clock_only	10000	37	15923493189800379474	1075338730	456259939
comp_clock_only	10000	38	13485465250874620936	1623087621	596894334
comp_clock_only	10000	39	14015372794913392060	193020571	536428680
comp_clock_only	10000	40	6213755002057281930	1115502237	1290934837
comp_clock_only	10000	41	11889736288290838738	1380135986	357046483
comp_clock_only	10000	42	1262384646308211521	587894543	1269002424
comp_clock_only	10000	43	12451246576451371752	1699682999	1587932990
comp_clock_only	10000	44	5213797617654507833	1697516685	1112399544
comp_clock_only	10000	45	1377779603232374432	1572925121	760856146
comp_clock_only	10000	46	10997152645217130346	324054379	647044751
comp_clock_only	10000	47	15180524534782762418	827648972	1426369993
comp_clock_only	10000	48	13805416410990828123	700746458	819842541
comp_clock_only	10000	49	5182646200693008672	1182128755	2003146044
comp_clock_only	10000	50	8629337469522284110	1172527611	1680499585
comp_clock_only	10000	51	2298662465441584513	1360711216	117321593
comp_clock_only	10000	52	10071039914355419127	723620948	1806416535
comp_clock_only	10000	53	9329817312960554374	913548431	1912977004
comp_clock_only	10000	54	13823897177338140690	1051066773	1826252294
comp_clock_only	10000	55	9404836097153943278	376211606	1790074080
comp_clock_only	10000	56	8869911841263001473	735973916	1282096278
comp_clock_only	10000	57	706533137000724799	1583166122	1147801766
comp_clock_only	10000	58	4155075127336955686	1939320254	626353616
comp_clock_only	10000	59	9724791904475652285	1201846568	450556462
comp_clock_only	10000	60	16231845378799578169	1733890064	1923159171
comp_clock_only	10000	61	8627565537664957021	1398491549	38478290
comp_clock_only	10000	62	2007587786752140458	541889544	1722474433
comp_clock_only	10000	63	1598893338831265004	1012868724	1414588079
comp_clock_only	10000	64	11932783854764293419	1992767346	2001322390
comp_clock_only	10000	65	6382273737517081792	1067684587	373863381
comp_clock_only	10000	66	15166449221156503967	168486924	954138024
comp_clock_only	10000	67	5404484725940012418	245000281	1598006811
comp_clock_only	10000	68	9606744051465727552	1366117089	2019949365
comp_clock_only	10000	69	15417526188585946236	587642193	1353034798
comp_clock_only	10000	70	8793990796967053352	402449875	1377661246
comp_clock_only	10000	71	3857682276338651136	1275020301	1447275564
comp_clock_only	10000	72	7315744332614029690	642509167	1415484084
comp_clock_only	10000	73	5054315948223109453	1896835219	675152566
comp_clock_only	10000	74	15721439735070793631	1211998811	1555175369
comp_clock_only	10000	75	18244445125063520758	122489175	656681146
comp_clock_only	10000	76	15797848315147938413	645952168	491211352
comp_clock_only	10000	77	12176521370017912532	1066695753	1715321668
comp_clock_only	10000	78	8374769318386596401	1037092843	1732738029
comp_clock_only	10000	79	6017363596273624937	164830138	173937488
comp_clock_only	10000	80	8518627432358827663	740199434	1188629730
comp_clock_only	10000	81	8562793945388220400	398440248	1930452184
comp_clock_only	10000	82	3299066813077533900	854275432	243257115
comp_clock_only	10000	83	1958738009632376415	1636526713	393593378
comp_clock_only	10000	84	4351388597327103906	319035126	791669221
comp_clock_only	10000	85	5302315033775829379	425638809	1110745308
comp_clock_only	10000	86	9446120652930859703	616223618	111575656
comp_clock_only	10000	87	9031924863252811346	617659717	1647612031
comp_clock_only	10000	88	3896609429169536576	158016382	612411223
comp_clock_only	10000	89	15421343261483911188	885566046	685921072
comp_clock_only	10000	90	198792107811113039	1012061844	102112373
comp_clock_only	10000	91	9902834869649671247	901285092	2000610636
comp_clock_only	10000	92	11472571444537527857	1678946060	65305401
comp_clock_only	10000	93	14284140490614584130	350223682	790288147
comp_clock_only	10000	94	11830557809573282350	2036067168	421127609
comp_clock_only	10000	95	13267145777794088406	882983773	80890361
comp_clock_only	10000	96	1065538605685021351	418245066	1215796523
comp_clock_only	10000	97	3946387287870899254	1732741698	1468006245
comp_clock_only	10000	98	10571537512842717710	1839705008	1401817079
comp_clock_only	10000	99	5571844638427700655	903739021	1730450369
comp_mmr	100	0	5972924730034738981	187074784	1442359181
comp_mmr	100	1	5702834695696216203	102188176	861734994
comp_mmr	100	2	1206529405541918267	79091283	734116132
comp_mmr	100	3	17500521532959680489	1239955154	567909574
comp_mmr	100	4	13730029433897070850	702484324	731656743
comp_mmr	100	5	8369716954416609129	635769912	1384220529
comp_mmr	100	6	7105078572815388066	121734875	1935218661
comp_mmr	100	7	4072961963481846557	748893230	556252338
comp_mmr	100	8	8961423498127407269	705873828	1049137987
comp_mmr	100	9	17324774242893459885	1021889949	938736484
comp_mmr	100	10	331890721097786651	1499839339	1491101459
comp_mmr	100	11	15277561921228959368	30899334	623453777
comp_mmr	100	12	4832243590429319037	79259602	762599283
comp_mmr	100	13	10519926099735440629	877147370	343234102
comp_mmr	100	14	17172419780925327692	1548117946	22792473
comp_mmr	100	15	530287326118986659	1218215064	1126794732
comp_mmr	100	16	1009322255768756818	2075334192	728811616
comp_mmr	100	17	12253047805951066365	2108342788	233748935
comp_mmr	100	18	8811398948849257193	1255411454	1469613097
comp_mmr	100	19	15828700325211141757	824316088	979073239
comp_mmr	100	20	7732832216110136981	1268812369	1394567931
comp_mmr	100	21	8339793463993314429	346919304	1418505114
comp_mmr	100	22	10127058711089730798	1464460993	1276637323
comp_mmr	100	23	15396798279718029761	251314430	1190461597
comp_mmr	100	24	16761554659475439425	698151242	396046898
comp_mmr	100	25	8979938768227508370	1675704595	560987660
comp_mmr	100	26	5606297540562959206	1142739037	2036115726
comp_mmr	100	27	6893908170853145264	1124617576	1251429222
comp_mmr	100	28	81305383023270447	1118366530	965419438
comp_mmr	100	29	4608707655559669692	1266078456	950897033
comp_mmr	100	30	10352458904692204704	2129174622	772967004
comp_mmr	100	31	4843685457096110626	1948957185	1491004699
comp_mmr	100	32	12156084450556055532	859058108	121111544
comp_mmr	100	33	4934394961606806071	325181209	399990035
comp_mmr	100	34	16850435886940134639	756554604	440583746
comp_mmr	100	35	9953575017445180647	206756895	1897289610
comp_mmr	100	36	15004546125539028644	1481701190	1823780463
comp_mmr	100	37	12289845552873453314	1867514219	1094506866
comp_mmr	100	38	13311483774583344796	1508306053	2019042818
comp_mmr	100	39	11012405785443342317	514045412	1362424590
comp_mmr	100	40	9695804137543828038	611670348	1998472308
comp_mmr	100	41	15529248968396700899	1455427851	1937367833
comp_mmr	100	42	8749645898866988636	416989120	1965615163
comp_mmr	100	43	15684438420630422320	1150848856	359397029
comp_mmr	100	44	3770839324888717859	676327699	1993724148
comp_mmr	100	45	9291903514477383338	901514342	1614636944
comp_mmr	100	46	10227974904691514998	2013530408	143039910
comp_mmr	100	47	18033783390762362178	1124102773	1328800163
comp_mmr	100	48	14956434519934722867	105201945	935667942
comp_mmr	100	49	2786685388885780662	2112285710	1639017913
comp_mmr	100	50	1535998123676025353	1303676579	781675902
comp_mmr	100	51	15536012140444426541	969755657	1638240309
comp_mmr	100	52	17008299451466716926	724125718	1502471867
comp_mmr	100	53	2256192641563441062	979597784	1008452844
comp_mmr	100	54	14293889191716115466	371634938	1656301927
comp_mmr	100	55	3170604288149549924	133140055	1967125966
comp_mmr	100	56	6257372966475313079	1781593706	1190039836
comp_mmr	100	57	8727429536684988721	1547604965	1685290858
comp_mmr	100	58	4939053455100858801	1091824070	1727008736
comp_mmr	100	59	10934601612287885386	161010194	574783271
comp_mmr	100	60	7874600131093761018	1397694998	299114789
comp_mmr	100	61	3876812707780161786	2108878282	1194334796
comp_mmr	100	62	12679708161590596435	330987707	1387560624
comp_mmr	100	63	6722956726948743894	1899828372	1043307793
comp_mmr	100	64	16937560906285783108	723391363	841736143
comp_mmr	100	65	14835945371407088975	1469622429	117400555
comp_mmr	100	66	16074187876278416797	1692912478	997402105
comp_mmr	100	67	7416804285579624946	2033981384	1398535013
comp_mmr	100	68	15419775143546144168	810552273	889592958
comp_mmr	100	69	1460222618044242750	1204677607	1947438803
comp_mmr	100	70	10861503270908169742	723461054	539253185
comp_mmr	100	71	8858710161263831267	1999620739	573719834
comp_mmr	100	72	12416907661298900704	781307941	133168284
comp_mmr	100	73	11932833343736153871	1003777650	948168594
comp_mmr	100	74	17659332916999936829	1846018830	766433607
comp_mmr	100	75	1262576861100460893	1081163443	1416468823
comp_mmr	100	76	8769501102710646360	76301653	1079174196
comp_mmr	100	77	12803460440819547354	324317262	2127831887
comp_mmr	100	78	17278603132227607833	338391409	1705520376
comp_mmr	100	79	11851428987186819396	734526110	1874458182
comp_mmr	100	80	17939694280342509259	1703988339	101818070
comp_mmr	100	81	12078991408780715137	891210849	505156187
comp_mmr	100	82	8852429336529778212	2126234436	2105060904
comp_mmr	100	83	11221314144616890381	2059171919	964530227
comp_mmr	100	84	17523043769147966991	937778066	609224091
comp_mmr	100	85	7297038611310330880	165213354	1605810344
comp_mmr	100	86	164912827944551170	111383096	614658993
comp_mmr	100	87	14675961528910086759	1386954787	2067470586
comp_mmr	100	88	17101520655051549259	37449256	14447105
comp_mmr	100	89	3537941182226839600	1148548267	205665416
comp_mmr	100	90	13117022352717830074	25062180	1718645269
comp_mmr	100	91	1273131974174629366	1318947419	1164996818
comp_mmr	100	92	13808182318874970684	744256571	1968090905
comp_mmr	100	93	10586878835749202892	1865390709	853573655
comp_mmr	100	94	3805155375696738607	1153299926	1876551838
comp_mmr	100	95	2602502439403971262	1742438975	1746834772
comp_mmr	100	96	3010116786424494132	1293485029	58491808
comp_mmr	100	97	4304767002596027397	1287055947	1387877181
comp_mmr	100	98	2212561808971556963	403237972	1151056005
comp_mmr	100	99	6848698864604845184	2009924015	1197814611
comp_mmr	1000	0	11312223449983860568	809484058	569654015
comp_mmr	1000	1	8559751348388267424	686654356	584559844
comp_mmr	1000	2	7609587223276121014	2145257597	1520500918
comp_mmr	1000	3	14106621001410477594	406446042	788373613
comp_mmr	1000	4	11767899080491458822	640971359	1798889907
comp_mmr	1000	5	9569689266629876592	1332704438	1822061447
comp_mmr	1000	6	3583111989266067472	2028879691	632867407
comp_mmr	1000	7	3053773228782838728	246444907	963210303
comp_mmr	1000	8	18356501865065859765	1622263551	1638154851
comp_mmr	1000	9	4120338828254212904	1039607187	182568037
comp_mmr	1000	10	15852573746507335803	1696609933	1424434352
comp_mmr	1000	11	5060633590727569597	483898584	555525633
comp_mmr	1000	12	17701651527819020295	55968129	2083060381
comp_mmr	1000	13	5727409453226663226	1792406138	862713706
comp_mmr	1000	14	17079174058353199275	1605438497	1214491382
comp_mmr	1000	15	5370141985292606179	677359921	2022428917
comp_mmr	1000	16	7396540445056404418	1272131146	1250237022
comp_mmr	1000	17	1318308338310265454	851893543	868643983
comp_mmr	1000	18	2374084148002920834	2035004671	1711185452
comp_mmr	1000	19	12628679775196147498	1357662033	323885879
comp_mmr	1000	20	12040983237963023710	55336657	1960444300
comp_mmr	1000	21	6295028452467393394	537449024	1704648176
comp_mmr	1000	22	11830154462585893371	1903047880	1382823591
comp_mmr	1000	23	12418586324470895422	1369645687	2107232341
comp_mmr	1000	24	14330712558161869715	1775863374	1212504852
comp_mmr	1000	25	10396957564694988584	748360366	810253871
comp_mmr	1000	26	2580605786540768637	1659283235	1111605647
comp_mmr	1000	27	10181402708705849205	679082083	2003912548
comp_mmr	1000	28	5603637131616547797	1503878605	572448953
comp_mmr	1000	29	2669296428202842897	1886623858	1229411320
comp_mmr	1000	30	7802707019764598643	392994763	1527126227
comp_mmr	1000	31	15950065787096636078	1787235137	470503593
comp_mmr	1000	32	10698902806370634642	402630949	142033858
comp_mmr	1000	33	13702783525462303866	1787330280	718410026
comp_mmr	1000	34	2161541476236681287	381729083	1667961518
comp_mmr	1000	35	1024405760687272721	1766358692	1024424604
comp_mmr	1000	36	18101730179329137117	1159312920	1159080272
comp_mmr	1000	37	3387401640937410882	535350952	1192433367
comp_mmr	1000	38	7051644720368651926	953649086	1011098087
comp_mmr	1000	39	346757932144433081	1482116312	1445847016
comp_mmr	1000	40	14981972433355327717	448765785	1752485862
comp_mmr	1000	41	11229463401532641111	153010298	617283199
comp_mmr	1000	42	190245481496339471	1529420295	1126318345
comp_mmr	1000	43	12489596143891043329	477440226	100383591
comp_mmr	1000	44	15414251553617536288	272112504	1659680274
comp_mmr	1000	45	4255300412333584429	250523101	1067715787
comp_mmr	1000	46	17451220978605105688	448920880	84501939
comp_mmr	1000	47	4215375386519608802	1915662473	1036835275
comp_mmr	1000	48	2517695149517661600	1650875443	323119924
comp_mmr	1000	49	6751897711899799738	1186955848	1254150843
comp_mmr	1000	50	13578151702789331877	827174855	858064275
comp_mmr	1000	51	1546225775731858786	1994091190	92967639
comp_mmr	1000	52	3162057061904084179	811784827	1160554012
comp_mmr	1000	53	14592281820834870474	1396561446	1373064108
comp_mmr	1000	54	10773334417189855182	950293419	2049897480
comp_mmr	1000	55	15659546918039407112	969281189	835573017
comp_mmr	1000	56	13496963497672655219	76163547	99222859
comp_mmr	1000	57	8875876137679879920	289503115	1846453733
comp_mmr	1000	58	1888975021845464431	1350966348	1096170450
comp_mmr	1000	59	18050796998418858929	898213095	1151103348
comp_mmr	1000	60	4095121859224012116	1208628246	1632167242
comp_mmr	1000	61	2258449996088701420	1949150286	687120642
comp_mmr	1000	62	13884148770785349008	1394373658	982700879
comp_mmr	1000	63	13882923912028577051	774310510	1807498129
comp_mmr	1000	64	13274063659961169444	588441801	58661689
comp_mmr	1000	65	9778841616632109227	1728199019	1065822145
comp_mmr	1000	66	8145456829241448312	732788933	33883680
comp_mmr	1000	67	13996099737952300360	1275058270	2169452
comp_mmr	1000	68	12497065074220881661	1486664196	1155224012
comp_mmr	1000	69	4012821840248888081	92550597	1673736089
comp_mmr	1000	70	6525148443882227398	593529441	2020920605
comp_mmr	1000	71	9590701950984920437	1415274899	110297899
comp_mmr	1000	72	8986140400373303522	811952808	2004981182
comp_mmr	1000	73	1444060296067236975	40319604	1892752964
comp_mmr	1000	74	23917111981195835	130261724	797939636
comp_mmr	1000	75	1865386226723728410	919178525	1939330685
comp_mmr	1000	76	2177506076505546393	29434434	2082953820
comp_mmr	1000	77	16950115709819624542	1670243957	214488870
comp_mmr	1000	78	13580619320649590383	1541264584	248233533
comp_mmr	1000	79	7955440147882758208	2134358333	640315842
comp_mmr	1000	80	4341439557353615820	1104983837	1071154835
comp_mmr	1000	81	17922888929176959286	347100057	117524187
comp_mmr	1000	82	14531947869612336393	1150914626	465096406
comp_mmr	1000	83	15604221637182789175	1113568219	1041768514
comp_mmr	1000	84	5800831286255355982	682711851	387787589
comp_mmr	1000	85	1207835525089058450	1363596301	776761467
comp_mmr	1000	86	3023282847365015925	1578082157	868156956
comp_mmr	1000	87	3906991014982301034	63447048	827828102
comp_mmr	1000	88	9346172373696204046	577776501	275551888
comp_mmr	1000	89	6663280474559671077	1334360996	1398087832
comp_mmr	1000	90	2365999756926065826	208339134	953017577
comp_mmr	1000	91	3643806508216257793	1470838095	1167624056
comp_mmr	1000	92	3067587245899243588	936376255	1633676427
comp_mmr	1000	93	1441609312418793683	1963483949	530037636
comp_mmr	1000	94	7732346488959304237	1157416363	559936204
comp_mmr	1000	95	14745445972499266497	128159842	296336698
comp_mmr	1000	96	5609449074708752847	120694793	714485052
comp_mmr	1000	97	6944409485520023368	1444468209	169041735
comp_mmr	1000	98	16315826105191618496	99452860	1647885720
comp_mmr	1000	99	15328268569780320709	751521758	328201979
comp_mmr	10000	0	15239609436085337946	1775754754	43776295
comp_mmr	10000	1	3474842223144294283	1150717712	2079844575
comp_mmr	10000	2	1031641377601778295	997676203	231511427
comp_mmr	10000	3	15829583838651038397	1015841626	1107801624
comp_mmr	10000	4	2808351548722843609	1312603470	1992599681
comp_mmr	10000	5	13584876917944831253	2035073008	520290381
comp_mmr	10000	6	16270320262232417519	1519233583	2086348631
comp_mmr	10000	7	16716964792003765050	200457935	523986924
comp_mmr	10000	8	15414212298263183905	1031692138	1625533336
comp_mmr	10000	9	13005030936196566381	1154406371	272872831
comp_mmr	10000	10	3561011460664782945	145475973	484161744
comp_mmr	10000	11	17350998857400930613	1801579111	1970528376
comp_mmr	10000	12	12811569072218147374	983993572	1276722410
comp_mmr	10000	13	10465934099318758461	183677869	1892915546
comp_mmr	10000	14	17649171736648999847	191010858	2084239369
comp_mmr	10000	15	13837397666036720965	833224606	256381731
comp_mmr	10000	16	460131570976188293	1918247932	455240687
comp_mmr	10000	17	10973306160359539440	1969233181	1182696500
comp_mmr	10000	18	1186367984730420839	823510947	595395726
comp_mmr	10000	19	9526360846669960077	2007731635	1135834231
comp_mmr	10000	20	17741569500964158796	83887693	195089179
comp_mmr	10000	21	16151281610308124519	398294240	1981121750
comp_mmr	10000	22	12062764617676715014	1860678827	268703934
comp_mmr	10000	23	13797947909595076224	1892740516	87799899
comp_mmr	10000	24	10405542637421906524	1625635286	280851168
comp_mmr	10000	25	6614716275540065189	2115097698	1199242637
comp_mmr	10000	26	11385121992941340728	1348554080	755075772
comp_mmr	10000	27	1094691821582581995	1193702831	1235854289
comp_mmr	10000	28	1718871335687758960	918762496	1188494898
comp_mmr	10000	29	7113879958105761126	416365249	1061616016
comp_mmr	10000	30	15374562339848260671	1453964673	299304582
comp_mmr	10000	31	16223195367290479671	660275237	1332206854
comp_mmr	10000	32	16699938037896870802	1826708995	611138714
comp_mmr	10000	33	3421176575185608847	1771815471	1529963814
comp_mmr	10000	34	2218507676538778861	397296083	1307633106
comp_mmr	10000	35	16451306573075263515	635353314	423048888
comp_mmr	10000	36	5662255522590434736	275282612	373920906
comp_mmr	10000	37	10846499928235802772	1981798350	107282439
comp_mmr	10000	38	17236859595171261732	1493936571	995958138
comp_mmr	10000	39	585035198780808191	353726694	859464820
comp_mmr	10000	40	13929457422501865145	1094616362	1998980826
comp_mmr	10000	41	12416193720493063822	1726994843	26500647
comp_mmr	10000	42	2101669043867156407	240387203	1453798768
comp_mmr	10000	43	4002848740001615443	1978952837	559012011
comp_mmr	10000	44	11867534288933188860	1237219293	958489894
comp_mmr	10000	45	10096853543246011160	269163654	689119305
comp_mmr	10000	46	16757660315632931563	1477603418	730827133
comp_mmr	10000	47	11945912419352413108	2058239916	907290068
comp_mmr	10000	48	3121146303324760070	88861375	1928584390
comp_mmr	10000	49	12390678343049461523	1744982625	47974311
comp_mmr	10000	50	11367994000768270836	583866782	667122066
comp_mmr	10000	51	14302398668205486786	628186529	1759503594
comp_mmr	10000	52	2826632208772442822	1445736757	770237562
comp_mmr	10000	53	11045481651891171658	749575919	1678004044
comp_mmr	10000	54	16518348251053440865	1488259425	862059581
comp_mmr	10000	55	3791009831737114368	1851825729	1747434485
comp_mmr	10000	56	3563263857361962937	1747420207	1620291877
comp_mmr	10000	57	6510910873428719040	688642384	760735742
comp_mmr	10000	58	10694095553981331809	2029760750	2013031582
comp_mmr	10000	59	17797990328837773887	958599242	5516216
comp_mmr	10000	60	7120028637852070385	12107288	521704180
comp_mmr	10000	61	5290885219954037899	774822824	397673036
comp_mmr	10000	62	2789292566861275818	432378110	928113500
comp_mmr	10000	63	10659909512336751156	46710864	860681563
comp_mmr	10000	64	4944882592982713167	256529043	578211815
comp_mmr	10000	65	10188542063481160238	354088522	1841657732
comp_mmr	10000	66	2316453189615433406	555422304	1052635496
comp_mmr	10000	67	8895075303298539107	1087582666	1682038564
comp_mmr	10000	68	6189431634694754403	1682568573	1368871392
comp_mmr	10000	69	2848834549947426623	1416736850	1884124970
comp_mmr	10000	70	4083636361972657583	945617482	670293874
comp_mmr	10000	71	2725607297536650733	130878096	700020657
comp_mmr	10000	72	3567373285393306112	211373510	424418110
comp_mmr	10000	73	8515497038051588651	912398754	1445920736
comp_mmr	10000	74	11534781242870320680	1736586904	1196312414
comp_mmr	10000	75	16877632999472275750	688007827	754060966
comp_mmr	10000	76	1527422090692101059	870699525	1992230461
comp_mmr	10000	77	14633657081090733335	234372182	1581313991
comp_mmr	10000	78	16132581739323234719	288153020	1191791426
comp_mmr	10000	79	18060723108237301034	259707009	2075297752
comp_mmr	10000	80	11869855638556653317	1543469903	878389458
comp_mmr	10000	81	8319778444698566558	743876573	1557833256
comp_mmr	10000	82	17940091482359599026	1212834479	1445660448
comp_mmr	10000	83	11388705470158212655	1632266787	881869402
comp_mmr	10000	84	537880705643028335	306940072	1948178510
comp_mmr	10000	85	11166211439651967939	131628846	906821144
comp_mmr	10000	86	7790297360885271238	1259185377	315779883
comp_mmr	10000	87	4780052521609782073	575575176	491030778
comp_mmr	10000	88	5702669272227603420	661178500	358367862
comp_mmr	10000	89	5154852411240510804	86020767	1686748647
comp_mmr	10000	90	1573263244209770074	952281551	521318335
comp_mmr	10000	91	17112360893632842398	1182220973	216829472
comp_mmr	10000	92	7855944953969588008	1437599599	1443786790
comp_mmr	10000	93	4286836435500443108	2120805136	443205763
comp_mmr	10000	94	1550115341273463667	707577476	917057689
comp_mmr	10000	95	884814158751634149	1788497470	391598627
comp_mmr	10000	96	1296696041682312834	217148449	1015835160
comp_mmr	10000	97	597898259529542348	2070910472	510608543
comp_mmr	10000	98	11043869335523612238	1386603180	1656864025
comp_mmr	10000	99	16905985653647237698	1641298497	655551536
comp_pole	100000	0	11969503232702240273	488144490	1449200432
comp_pole	100000	1	13315445377574881393	1551585114	1021400762
comp_pole	100000	2	6027568235839378801	883898471	950359437
comp_pole	100000	3	16579582570588868354	1501311001	1761971473
comp_pole	100000	4	10987402736259204390	1966517128	185635651
comp_pole	100000	5	1443473806007758426	1867200252	1021918989
comp_pole	100000	6	3476615812705904169	815753011	1610810496
comp_pole	100000	7	17631523887323194758	779229127	236606843
comp_pole	100000	8	5898615416547478920	111147888	732377494
comp_pole	100000	9	373174100975713670	32443112	594685475
comp_pole	100000	10	7566023047774657435	1327634831	225460829
comp_pole	100000	11	17032456433981295611	1000508708	477651838
comp_pole	100000	12	6337665133173362661	1737298596	1881482222
comp_pole	100000	13	11802804793039522103	2093370562	315274169
comp_pole	100000	14	5407091008167297027	2125556710	659264264
comp_pole	100000	15	15483754750309863009	2054583492	1294037807
comp_pole	100000	16	4413796297325321055	1305281195	1588919593
comp_pole	100000	17	9505794916902025455	1616388891	1949853876
comp_pole	100000	18	14902810085065999567	376851570	2004107872
comp_pole	100000	19	103748336149953577	341284485	260549259
comp_pole	100000	20	9998893077275003511	1726875085	1855236685
comp_pole	100000	21	1880020156413590534	568034187	1425642673
comp_pole	100000	22	13472439666419509318	1942266944	1932691744
comp_pole	100000	23	15835759066316103831	29016466	1112811781
comp_pole	100000	24	10862093113151195965	1501350775	969120277
comp_pole	100000	25	4916699410724497174	1456268653	1186358955
comp_pole	100000	26	1524392694262999652	1598512347	1928063346
comp_pole	100000	27	16039391610852807729	536441648	1757308409
comp_pole	100000	28	1946278731576087316	1950089855	306088732
comp_pole	100000	29	7519973194044446751	726490776	1113297250
comp_pole	100000	30	5968874281967150830	999695890	840595105
comp_pole	100000	31	12806333250028487886	230186884	887512677
comp_pole	100000	32	11032836684618131782	250066821	1258465823
comp_pole	100000	33	7055172613229970815	658340293	2010532238
comp_pole	100000	34	13684667399288097634	2080108729	1870702561
comp_pole	100000	35	10873226314026188769	2114914344	1174832615
comp_pole	100000	36	8367954105047620879	361267570	639387574
comp_pole	100000	37	3910503286453159812	925592070	1658352300
comp_pole	100000	38	9957330841193872014	361946952	659461447
comp_pole	100000	39	12701457986091983347	1561912855	297794917
comp_pole	100000	40	17433254078003690897	94282010	719682675
comp_pole	100000	41	12123539589587244806	318739563	960731418
comp_pole	100000	42	16902175299066274182	1676556782	1120062750
comp_pole	100000	43	11200911411604090367	488797545	244499680
comp_pole	100000	44	1603168032065798983	196082261	2066715867
comp_pole	100000	45	10692658822268509622	911140272	1998159528
comp_pole	100000	46	2120220243973848063	1495341093	821825844
comp_pole	100000	47	7806476185208154644	524920540	133942853
comp_pole	100000	48	5152950750734593212	1062180804	55937509
comp_pole	100000	49	10720059881555993139	2003739503	1668090925
comp_pole	100000	50	392033123484363457	455835822	24593365
comp_pole	100000	51	3471437144273008520	41555476	129185305
comp_pole	100000	52	11332360269958792437	138893073	216155515
comp_pole	100000	53	14534384125858405120	1154893672	1970072972
comp_pole	100000	54	10123472784469526479	306598846	445025305
comp_pole	100000	55	14609208280966792314	1525014137	562048158
comp_pole	100000	56	2353054876136811921	1914479251	883886746
comp_pole	100000	57	444195783741493604	326552707	1678290972
comp_pole	100000	58	642466124610560196	1857735854	327679048
comp_pole	100000	59	7744527245691976209	1638465025	1785910348
comp_pole	100000	60	16767827147084233867	1657323436	1361077912
comp_pole	100000	61	13253087328260579551	1921098131	1950076860
comp_pole	100000	62	242272457020881318	807550339	1595075896
comp_pole	100000	63	7960295522123942251	1057114946	1577972456
comp_pole	100000	64	6119952774999637067	151191421	723465456
comp_pole	100000	65	3804002821045116111	154253104	1257787822
comp_pole	100000	66	3706581120771534282	1547832283	1065246230
comp_pole	100000	67	12214749190802429925	2098496308	1239038437
comp_pole	100000	68	17417898168100347727	944399485	1861944666
comp_pole	100000	69	2485689330352221416	1227376977	2136245500
comp_pole	100000	70	4922938327125491264	67050387	891882970
comp_pole	100000	71	2728453505545913107	1517495400	2043178050
comp_pole	100000	72	5236890449221686914	1752053763	503742151
comp_pole	100000	73	468487347469911412	1460770048	1274845686
comp_pole	100000	74	17690702928505940560	965320343	1199165726
comp_pole	100000	75	7766401674047297917	1117900118	488959813
comp_pole	100000	76	1211452832157388318	853684670	1812192832
comp_pole	100000	77	8477523739597358775	1167984504	339049741
comp_pole	100000	78	18221506149518092162	1649580393	411785210
comp_pole	100000	79	14863949159953070548	581304280	1032277526
comp_pole	100000	80	1438603548132538768	1606166933	213274845
comp_pole	100000	81	7173223756949198394	1996529151	400332186
comp_pole	100000	82	10512063882718524589	1130804621	128288549
comp_pole	100000	83	10295888601290435507	818709284	1053900822
comp_pole	100000	84	7968646695646665495	1608288645	1237602356
comp_pole	100000	85	10814277868563859582	1478534336	1411101564
comp_pole	100000	86	1758469594768969888	743234809	841031570
comp_pole	100000	87	8511017820394940343	2058582665	1095307957
comp_pole	100000	88	8145985062075219797	1587679976	48803942
comp_pole	100000	89	12391619412450374002	654875647	1736693854
comp_pole	100000	90	8492539269460515121	1510828901	2147328948
comp_pole	100000	91	11772391520570360735	621421985	1284862908
comp_pole	100000	92	10160688321364526090	1276010588	779121958
comp_pole	100000	93	10808514496322258755	426153354	260547178
comp_pole	100000	94	16586093875953920007	1933369839	672400563
comp_pole	100000	95	5462996644021667168	2079009240	1078160060
comp_pole	100000	96	8066413781631669287	1635483470	1866139460
comp_pole	100000	97	2860344179560762627	409295697	1615734244
comp_pole	100000	98	3951177683034640735	206046051	204578629
comp_pole	100000	99	13781715836579984226	1058536297	2027798387
comp_pole	300000	0	13546209243446205156	494308396	520335711
comp_pole	300000	1	15514714188542804549	528307094	824526968
comp_pole	300000	2	12016511404181226461	1075575952	32070116
comp_pole	300000	3	1587587679469721441	492660159	1351745356
comp_pole	300000	4	15681381810848535822	1003097038	288749323
comp_pole	300000	5	2099290161403644	1318183660	1106965437
comp_pole	300000	6	15099383192117566147	1766047	1361268094
comp_pole	300000	7	4677187492653531725	1530141656	806072494
comp_pole	300000	8	4451555728137522462	1109978994	1115805138
comp_pole	300000	9	5523222690161780691	1568460491	115163192
comp_pole	300000	10	10535337220941102840	1695908442	1802099748
comp_pole	300000	11	11833370529873003961	639302116	2064344372
comp_pole	300000	12	17545803271479078957	1825766395	550775429
comp_pole	300000	13	9377309476729899761	660565368	569144877
comp_pole	300000	14	4951178483277236115	2070444091	601029436
comp_pole	300000	15	13739662691610970969	1622608831	1413289531
comp_pole	300000	16	11337670810694002790	737715829	1206556020
comp_pole	300000	17	9451219902780415772	2114136894	1459117584
comp_pole	300000	18	12198584206514689016	239287988	908025997
comp_pole	300000	19	17990932403731675834	228123191	549257117
comp_pole	300000	20	4694349826405674102	1722526130	1699768016
comp_pole	300000	21	1528520559120311874	1419149501	552510188
comp_pole	300000	22	5688948327836708234	2053115319	420511676
comp_pole	300000	23	3149926450240977588	1513372458	95431497
comp_pole	300000	24	18122915684779839815	2125394470	1876792600
comp_pole	300000	25	18373224512640566609	637440602	152433794
comp_pole	300000	26	293209471738965099	306390502	1521140337
comp_pole	300000	27	11446377214350396900	1942007325	503463342
comp_pole	300000	28	5136061745709159823	365224675	302603587
comp_pole	300000	29	680181693652531181	685807526	577331673
comp_pole	300000	30	15959662074684340462	1257599045	447409496
comp_pole	300000	31	17362291458358965665	1285242698	1006697809
comp_pole	300000	32	9977554000511964364	278072488	44189046
comp_pole	300000	33	13316997011691405303	1953151414	1486416947
comp_pole	300000	34	4684778237792946787	2071912861	349838894
comp_pole	300000	35	12282229289851376518	732714243	47162657
comp_pole	300000	36	680424979230347542	697558643	1263715852
comp_pole	300000	37	17697242507482471366	282039945	1347154903
comp_pole	300000	38	11798405845398747291	1639093318	2002966813
comp_pole	300000	39	17935585132853813836	657701582	348222693
comp_pole	300000	40	17994249473151182322	223034489	1302508419
comp_pole	300000	41	6221567938513411639	1942600159	2076275666
comp_pole	300000	42	3057545098707893990	863145721	1891454939
comp_pole	300000	43	6859684454859864096	1996956075	1760628702
comp_pole	300000	44	3739896271019520981	435331539	93782578
comp_pole	300000	45	1845117275914832540	206737265	931848968
comp_pole	300000	46	15462037715259822567	1738568649	1042179967
comp_pole	300000	47	3982827492036274340	153004732	16560413
comp_pole	300000	48	5175383870125868518	2006664791	1743491361
comp_pole	300000	49	9213330811984287108	865615102	680939240
comp_pole	300000	50	15350382799428755479	1213581641	902083785
comp_pole	300000	51	8398099352240488885	1937125345	1455438978
comp_pole	300000	52	1323654056658964683	2075335932	1354607530
comp_pole	300000	53	15010666055001678084	136205034	855779300
comp_pole	300000	54	17303761315834465351	522226321	2094609479
comp_pole	300000	55	2966882127479678581	2033035370	529781921
comp_pole	300000	56	3530635293729426432	368694322	1835843299
comp_pole	300000	57	15772431228078088473	452964860	1084391657
comp_pole	300000	58	6870585971441166258	1656322890	1776123144
comp_pole	300000	59	5811967920232701854	428722788	2061145975
comp_pole	300000	60	1688430650642871185	2015475882	1045268843
comp_pole	300000	61	4029961730253737984	1036488733	1928471236
comp_pole	300000	62	3043805426295024793	1391483152	390758772
comp_pole	300000	63	7320689644223680659	1107648007	353919350
comp_pole	300000	64	5588097362290952423	958213012	1379415597
comp_pole	300000	65	13078058267428843154	272992520	1648034725
comp_pole	300000	66	10675959198244814640	2145232519	313290715
comp_pole	300000	67	14938487735987149543	1212798890	1366343577
comp_pole	300000	68	2929383354036764853	1300963747	1530097223
comp_pole	300000	69	7220790326367655798	1406915322	1297451331
comp_pole	300000	70	6277713907794104393	1177477306	249524675
comp_pole	300000	71	12405889841580971580	1881478684	356102958
comp_pole	300000	72	13925515721468789510	1165759545	1639594653
comp_pole	300000	73	17375399719374069960	1635297048	45413383
comp_pole	300000	74	8339418134708626524	12907235	333698091
comp_pole	300000	75	17683350332989138575	1007699717	55364444
comp_pole	300000	76	67704155094967163	1965718748	1860196404
comp_pole	300000	77	16288828940240757791	1754142024	2076564583
comp_pole	300000	78	2167385324642445989	303529954	1303021946
comp_pole	300000	79	1394507608619937684	961126463	1174570361
comp_pole	300000	80	18188028840075398661	1921799063	1995830716
comp_pole	300000	81	8795184008575072467	165814267	324956243
comp_pole	300000	82	1325653696883065413	641861438	632843563
comp_pole	300000	83	3535861228998515643	411019856	934991579
comp_pole	300000	84	3147091828685020026	658987563	1347838977
comp_pole	300000	85	20697132051482675	1041211958	1577128980
comp_pole	300000	86	5865244715556645714	628330935	753905769
comp_pole	300000	87	3879767731552998070	937368943	604028964
comp_pole	300000	88	11833720463131496623	489834622	1318827430
comp_pole	300000	89	2966180999056594545	1355045904	1515878625
comp_pole	300000	90	15873893999467419233	433829203	919910626
comp_pole	300000	91	10747236709919416797	162360671	1525117732
comp_pole	300000	92	15194093907447864197	1587828134	1028042285
comp_pole	300000	93	11110466894066887552	740941123	1827327889
comp_pole	300000	94	4340436092000578887	817766938	1904181652
comp_pole	300000	95	11813428395959772864	556753550	2037405954
comp_pole	300000	96	3721679626393892651	1058877536	1807260922
comp_pole	300000	97	5231362551955414429	1619770071	1882685059
comp_pole	300000	98	2857033581054044569	218456530	421513892
comp_pole	300000	99	7427056175188850413	2000608726	1490548553
comp_pole	1000000	0	10890153392968584014	908454727	950965535
comp_pole	1000000	1	9194805174416943119	1890318779	649358859
comp_pole	1000000	2	6729064874887384210	1696371379	1555267649
comp_pole	1000000	3	11323640915380219293	873713144	85147116
comp_pole	1000000	4	1079621052309071388	1053477494	115097854
comp_pole	1000000	5	10635609212571867883	211135453	41634681
comp_pole	1000000	6	10939151225166623552	1101007209	623403279
comp_pole	1000000	7	8289489875525880845	1526199286	764118693
comp_pole	1000000	8	13918978057805681771	604210368	2060124026
comp_pole	1000000	9	8960752439321563351	275898178	101559133
comp_pole	1000000	10	5952949325537807920	1054641127	432674705
comp_pole	1000000	11	6338776698700978617	898205925	1339917421
comp_pole	1000000	12	5226564549655865600	73718674	1512274699
comp_pole	1000000	13	12944065825570854625	2029083170	106839695
comp_pole	1000000	14	5782019975077772568	1812711412	1467701086
comp_pole	1000000	15	6444485590701094287	736181259	1380000913
comp_pole	1000000	16	14023194022486992265	414791647	1238093437
comp_pole	1000000	17	4767040933113248461	1018036807	1647720661
comp_pole	1000000	18	6468056389864190526	1657494594	1163136118
comp_pole	1000000	19	11889883800442780936	1250471374	1490258919
comp_pole	1000000	20	9454106080643272428	2107918587	1702322886
comp_pole	1000000	21	15261387477376596112	2091299837	1511312990
comp_pole	1000000	22	4231937325712257944	360662772	954488359
comp_pole	1000000	23	15436481736390454201	1285378966	2038800844
comp_pole	1000000	24	13435699104458508767	1072897763	813495146
comp_pole	1000000	25	583900751135373768	415278891	2102101538
comp_pole	1000000	26	342837162561370640	1061158160	814924651
comp_pole	1000000	27	12100659469270352374	224616120	1206749845
comp_pole	1000000	28	8731057184266110754	1397575886	1627851810
comp_pole	1000000	29	15726126571945486834	1259570834	1651060065
comp_pole	1000000	30	10912098684007917055	1773943081	1605395139
comp_pole	1000000	31	1941345701900628341	1892013652	1514481651
comp_pole	1000000	32	17963425904129450447	1452439725	2077401650
comp_pole	1000000	33	2523436104700333456	1635228904	113769679
comp_pole	1000000	34	7886908524477038102	1741866803	1224694338
comp_pole	1000000	35	17727446218862312102	652050593	977962160
comp_pole	1000000	36	5254563536130065523	1441940839	1218736506
comp_pole	1000000	37	6213876895506396570	486639380	1874172882
comp_pole	1000000	38	6408552081537553458	1417321217	85511545
comp_pole	1000000	39	4822776963324798315	69026698	910214045
comp_pole	1000000	40	17432371208386202274	2141814772	567011720
comp_pole	1000000	41	13713061955350031759	289656872	1047768715
comp_pole	1000000	42	12582164131775017419	1432228915	346224187
comp_pole	1000000	43	4598708143544789058	1935613599	56329490
comp_pole	1000000	44	703059800477783812	173810035	247865161
comp_pole	1000000	45	1108861056403657962	397974651	2133289269
comp_pole	1000000	46	433470848010686229	1550654099	1409631400
comp_pole	1000000	47	1682162924000350826	294958965	778678891
comp_pole	1000000	48	4059337983796743060	1816526294	1276278772
comp_pole	1000000	49	7245154808240794575	2082719901	1482220344
comp_pole	1000000	50	2978239830635035561	1139342503	1403497230
comp_pole	1000000	51	10695601090294591842	2129978029	1587738451
comp_pole	1000000	52	4972666267464321807	89000130	1759037597
comp_pole	1000000	53	17702919674311938550	186371343	462501960
comp_pole	1000000	54	14515024940023987197	988488724	1024496565
comp_pole	1000000	55	17963566484403989388	1829784966	1522686100
comp_pole	1000000	56	14500570310695326712	40544208	1715580313
comp_pole	1000000	57	7119164432030341357	235395733	1097825915
comp_pole	1000000	58	14281169343352300126	267114317	91173321
comp_pole	1000000	59	11243076237752726898	301359209	168411056
comp_pole	1000000	60	1888061828226108980	161147618	683944988
comp_pole	1000000	61	17070119593307411536	759647346	276817887
comp_pole	1000000	62	1823450844110642366	1167236158	927554864
comp_pole	1000000	63	8352159134647906042	1459094398	1591618655
comp_pole	1000000	64	4082884964439349781	1273599228	1438459856
comp_pole	1000000	65	11028047621749412425	47372856	1342011569
comp_pole	1000000	66	8547415181297831629	228580534	1447530945
comp_pole	1000000	67	15514277388062485156	1409304514	1002349873
comp_pole	1000000	68	8924623908142346137	175272669	2139864097
comp_pole	1000000	69	1168683102728664127	1113057100	1900628827
comp_pole	1000000	70	6822884120959473287	1556364375	1766692972
comp_pole	1000000	71	14098492943590152118	735724464	442201152
comp_pole	1000000	72	14456544132990258901	1503776679	499885516
comp_pole	1000000	73	14338497841712620384	345710278	904512274
comp_pole	1000000	74	12978450837309270480	421962219	407034753
comp_pole	1000000	75	5001899346462024009	1242209742	1568349374
comp_pole	1000000	76	6934661070215395320	1778931118	768852212
comp_pole	1000000	77	8045721033054620920	416389148	1878992486
comp_pole	1000000	78	15790280587396860964	672821078	879683292
comp_pole	1000000	79	16690481961723762835	36416290	1308695468
comp_pole	1000000	80	12556181609550719663	1290097908	1193231700
comp_pole	1000000	81	13858834048030245985	1071705068	2110033898
comp_pole	1000000	82	12755044683364903715	1088459103	357526228
comp_pole	1000000	83	11446898718400512835	314723068	1566172822
comp_pole	1000000	84	14951551695907663094	1917279111	1532059957
comp_pole	1000000	85	12897599733995102177	198880846	249717360
comp_pole	1000000	86	2981979303953826349	404489815	112280255
comp_pole	1000000	87	1234317899253889555	1778571686	1809601608
comp_pole	1000000	88	15820909216630096818	283771669	569552561
comp_pole	1000000	89	993855936612525175	91134484	1996642832
comp_pole	1000000	90	18325212274648008183	986386395	2040547805
comp_pole	1000000	91	17815097927773582836	1637379838	187299394
comp_pole	1000000	92	5347071794390871413	26028328	1741630209
comp_pole	1000000	93	17386020877643336077	581496629	1536170254
comp_pole	1000000	94	5173127398246001093	1069214777	10908694
comp_pole	1000000	95	4132301799323951055	2014163939	1193420499
comp_pole	1000000	96	3662139427602315240	1550788987	184844073
comp_pole	1000000	97	4267529042292666314	2116796073	590856890
comp_pole	1000000	98	1665793555307287672	1327549375	1776555310
comp_pole	1000000	99	9056747196592877263	1687477855	294998705
comp_flat_triple	100	0	6765836649141750406	619081273	1402224526
comp_flat_triple	100	1	14650529294815515873	2089075095	1123714504
comp_flat_triple	100	2	11098824768351465818	477237525	177040031
comp_flat_triple	100	3	16617326368631990652	238112963	1549237820
comp_flat_triple	100	4	4296498375685997492	199118019	2058220971
comp_flat_triple	100	5	5483858956346829826	1008414732	1299447035
comp_flat_triple	100	6	11478610053922390441	1397024030	1090601741
comp_flat_triple	100	7	2189408285273920216	2030001540	1157710568
comp_flat_triple	100	8	13951792195544965998	1392805132	242556876
comp_flat_triple	100	9	13539079984567183576	996729219	1970252343
comp_flat_triple	100	10	2636540434907724824	908883696	290703151
comp_flat_triple	100	11	8562701343595858646	385222416	1404327021
comp_flat_triple	100	12	9868647823539540493	1473811444	2110266915
comp_flat_triple	100	13	4713920722025333705	224166847	797803073
comp_flat_triple	100	14	18368712703571954577	499430156	404768218
comp_flat_triple	100	15	15965319901801149956	1983305558	776437797
comp_flat_triple	100	16	3922344031907877062	724017564	2050734808
comp_flat_triple	100	17	16905021632117858808	465254454	1676118124
comp_flat_triple	100	18	5124678113585058477	1953532632	1993344865
comp_flat_triple	100	19	6956303595247169440	21497591	2020900189
comp_flat_triple	100	20	3689751492251885524	464298400	1236820784
comp_flat_triple	100	21	4711010568414335022	330384729	1500229008
comp_flat_triple	100	22	11245438379868265220	683133986	1431883616
comp_flat_triple	100	23	9935569987250552609	1361795642	643112567
comp_flat_triple	100	24	12583531832038690979	1212745359	13637841
comp_flat_triple	100	25	11746472095260551981	373119396	1419968595
comp_flat_triple	100	26	4571952314303654037	466229513	619830218
comp_flat_triple	100	27	7721662892851607483	1323997647	1543524754
comp_flat_triple	100	28	17922618593396487580	1022994542	1371109343
comp_flat_triple	100	29	405598880484261145	1438292149	516297632
comp_flat_triple	100	30	3050580682100031127	1902999029	355626983
comp_flat_triple	100	31	16488570015077054940	1340753238	976975092
comp_flat_triple	100	32	2647095239654647717	42170146	629057397
comp_flat_triple	100	33	1303721273147706241	925556745	279489627
comp_flat_triple	100	34	14285092925925386171	1667820407	1465039880
comp_flat_triple	100	35	6275954363533911551	829606588	923543405
comp_flat_triple	100	36	9331791652422432881	810832331	269295746
comp_flat_triple	100	37	10309902783813875161	215402022	2068928518
comp_flat_triple	100	38	13481423913662082789	1837467356	1150283324
comp_flat_triple	100	39	10442380352017442439	1963738985	1782868463
comp_flat_triple	100	40	2328647695559880665	1727972131	771081002
comp_flat_triple	100	41	15907525219870844400	2048984347	826271445
comp_flat_triple	100	42	11939776166772466847	812175514	197472878
comp_flat_triple	100	43	8224504023929080982	74218325	81653760
comp_flat_triple	100	44	8965029962654767260	1103982348	1236228509
comp_flat_triple	100	45	8725943551501658978	979274224	1875437227
comp_flat_triple	100	46	15007065199040116853	1445542813	169487183
comp_flat_triple	100	47	13632215271734699075	211076907	294989290
comp_flat_triple	100	48	15018724656037317639	1749753295	822975015
comp_flat_triple	100	49	1694145995541609054	1877492304	1326792318
comp_flat_triple	100	50	13740578512772874213	726390170	1900963084
comp_flat_triple	100	51	14340452364194488346	1913535583	1910841249
comp_flat_triple	100	52	15314295174630326798	1373077304	633167131
comp_flat_triple	100	53	16021011539790241347	2021124652	1464577269
comp_flat_triple	100	54	611991338704866088	2034561450	1721980358
comp_flat_triple	100	55	7384656597127966044	1957100044	326371324
comp_flat_triple	100	56	9970164183794321504	1772959398	1306740326
comp_flat_triple	100	57	13488112758374062333	447984044	234433989
comp_flat_triple	100	58	15732722667111039188	1178094699	1332546803
comp_flat_triple	100	59	16275942187557041727	141810902	110642379
comp_flat_triple	100	60	7704243104058039793	1185823692	1205574233
comp_flat_triple	100	61	10632757785172784241	1622159444	1543805300
comp_flat_triple	100	62	12669767859123889168	1918409911	1126994883
comp_flat_triple	100	63	14625041388345447700	777581106	383151244
comp_flat_triple	100	64	10469578989370763830	623395525	1810539289
comp_flat_triple	100	65	6088937988746423597	541952006	1557341271
comp_flat_triple	100	66	13408118821318482512	937928178	2119380754
comp_flat_triple	100	67	12528035642068766609	705866753	316465061
comp_flat_triple	100	68	5679901357770269759	929966879	483009606
comp_flat_triple	100	69	9244032436090903333	1478940071	590106611
comp_flat_triple	100	70	9566580264954255926	622612689	321105230
comp_flat_triple	100	71	16907703228534052933	1735666159	1946298634
comp_flat_triple	100	72	3939182702639932972	402612605	1287106911
comp_flat_triple	100	73	5688542100698122972	834047228	1435064651
comp_flat_triple	100	74	124041076726229390	412824010	361495570
comp_flat_triple	100	75	5113596615217401763	1392206471	1423125122
comp_flat_triple	100	76	12666116304030633668	1896629922	49388982
comp_flat_triple	100	77	2207339522493747017	1377771070	461108000
comp_flat_triple	100	78	4938004030493608600	143246266	884829461
comp_flat_triple	100	79	3623959441320966109	1897557238	679304860
comp_flat_triple	100	80	16883536481911597292	742330792	869585386
comp_flat_triple	100	81	17784970112259136820	1622785133	452997937
comp_flat_triple	100	82	16752693691941777628	1441433013	1386785102
comp_flat_triple	100	83	7249609762486478320	111373443	1420716906
comp_flat_triple	100	84	9357694602289665604	1840519919	1772702936
comp_flat_triple	100	85	7511845929489954107	1177324733	1903064678
comp_flat_triple	100	86	2038738925552277373	1034435287	671804210
comp_flat_triple	100	87	14720357498179156738	1589875840	1174718940
comp_flat_triple	100	88	5656054033901881076	1108195759	1841373325
comp_flat_triple	100	89	13458325358519719896	893935780	309259356
comp_flat_triple	100	90	8853082349835899596	960567162	591703585
comp_flat_triple	100	91	9576815702587449929	433769578	1258356751
comp_flat_triple	100	92	12685859572657715456	2133783286	464085127
comp_flat_triple	100	93	17045276228211475965	68724952	736677902
comp_flat_triple	100	94	938589000980815989	1916281655	1829362597
comp_flat_triple	100	95	18314643521108308363	1845510030	61423689
comp_flat_triple	100	96	5514020900544039400	1738051200	53415702
comp_flat_triple	100	97	13652776712785083709	1381675886	1803553012
comp_flat_triple	100	98	13567506044298816920	1702511190	594014310
comp_flat_triple	100	99	2011710245551968065	984339827	601678276
comp_flat_triple	1000	0	9117833714671991181	1789235530	629549592
comp_flat_triple	1000	1	11758047946248166133	703175547	532750897
comp_flat_triple	1000	2	6831037182424667229	1101043649	1517614666
comp_flat_triple	1000	3	18384770341590694750	2016048671	475229662
comp_flat_triple	1000	4	18136537304925172422	317558935	853817821
comp_flat_triple	1000	5	11003392740436543024	260341299	1883163094
comp_flat_triple	1000	6	7661264604574332778	1660003031	487937776
comp_flat_triple	1000	7	4869505284991554015	1045873169	433755627
comp_flat_triple	1000	8	2196472993760225191	2058168319	945900873
comp_flat_triple	1000	9	17092044583558752036	968452531	1405854687
comp_flat_triple	1000	10	16694650724827127090	94505617	1545957325
comp_flat_triple	1000	11	14592108020213203100	1634785362	558555433
comp_flat_triple	1000	12	7878382588537522102	516523229	894155577
comp_flat_triple	1000	13	15975440107277170770	198326067	1529079734
comp_flat_triple	1000	14	13611210778358435538	2017211797	220227654
comp_flat_triple	1000	15	16418961942206109196	303299571	389015957
comp_flat_triple	1000	16	10810812504564150773	289045503	377310745
comp_flat_triple	1000	17	2979539849257712008	657586446	1697063896
comp_flat_triple	1000	18	8305124469574114665	709912830	957467747
comp_flat_triple	1000	19	17946461586267186339	1480724967	817435857
comp_flat_triple	1000	20	14967296637979900198	648873571	2007046892
comp_flat_triple	1000	21	7558379725975236991	1896367650	873691701
comp_flat_triple	1000	22	13545208840878862103	871609495	932979293
comp_flat_triple	1000	23	13895744664703502077	1612921759	1674469534
comp_flat_triple	1000	24	17855634636033382651	835410080	1253411782
comp_flat_triple	1000	25	6352360103812154599	313416689	1905189206
comp_flat_triple	1000	26	12865687080322524805	2128967627	205265174
comp_flat_triple	1000	27	9504951656707016818	540664198	70190563
comp_flat_triple	1000	28	14695799559820497865	1298343332	1398519834
comp_flat_triple	1000	29	3147248675090252678	97455372	1706565850
comp_flat_triple	1000	30	2959298881664943907	1841021644	552104863
comp_flat_triple	1000	31	16797541477002609763	922124339	471342723
comp_flat_triple	1000	32	17514234085943297462	1675775172	1300763725
comp_flat_triple	1000	33	12474277705433187130	1135261469	3881588
comp_flat_triple	1000	34	3062330782631182900	773322224	786836670
comp_flat_triple	1000	35	9948832338100464190	607758860	148923984
comp_flat_triple	1000	36	4255203541840138149	2055516181	1568262784
comp_flat_triple	1000	37	1504117582971498453	962800401	67617266
comp_flat_triple	1000	38	8373146057137961924	1843137046	1521681233
comp_flat_triple	1000	39	17648618370496403582	533403550	1224096750
comp_flat_triple	1000	40	16757864686491867772	532941628	1781472340
comp_flat_triple	1000	41	3804084947604798265	432808131	486251000
comp_flat_triple	1000	42	10613671981380247402	1756828595	346240930
comp_flat_triple	1000	43	6640380530874650432	780173817	433413347
comp_flat_triple	1000	44	9106973123880174520	756553659	941038115
comp_flat_triple	1000	45	9346306319068663407	165807002	665050862
comp_flat_triple	1000	46	11308075250274930866	588598971	166880277
comp_flat_triple	1000	47	1969855171725939083	2048364997	809793259
comp_flat_triple	1000	48	10607313804226070963	367781103	1548461077
comp_flat_triple	1000	49	7033872935955917868	1170339575	2011114868
comp_flat_triple	1000	50	3400936625759069653	1829203562	1957058142
comp_flat_triple	1000	51	6959813478999654029	508595772	568544885
comp_flat_triple	1000	52	76101789238922988	1660502562	1578429642
comp_flat_triple	1000	53	16047303246588943483	1449225034	1681479501
comp_flat_triple	1000	54	13502361944366441794	1751716088	651282785
comp_flat_triple	1000	55	15450071821712420749	614098318	1563439482
comp_flat_triple	1000	56	14023034090087866217	365269733	185636341
comp_flat_triple	1000	57	13114501908206311196	2001354779	1494464464
comp_flat_triple	1000	58	14803765665020248834	1071308166	603955244
comp_flat_triple	1000	59	16851346306249391247	1831046417	1058010292
comp_flat_triple	1000	60	412208719422627622	1313933014	644662816
comp_flat_triple	1000	61	7334844471807055717	1475352423	1350575481
comp_flat_triple	1000	62	5660828256391867450	752743945	933547471
comp_flat_triple	1000	63	8904444481191504764	1028778337	439713029
comp_flat_triple	1000	64	3235176216540019089	1780980038	181510922
comp_flat_triple	1000	65	2979423960917825373	439344219	2004821443
comp_flat_triple	1000	66	16609759149473526880	984816764	1646265558
comp_flat_triple	1000	67	17012656604519785982	1520335166	1302084330
comp_flat_triple	1000	68	15632573183120619283	1781662214	1870131141
comp_flat_triple	1000	69	13965254551123450389	175900747	104785256
comp_flat_triple	1000	70	10898055255604199480	1964509459	803822620
comp_flat_triple	1000	71	9771856131822734706	1469711320	118597131
comp_flat_triple	1000	72	2674850951394608879	102252504	572236006
comp_flat_triple	1000	73	9576619392825976022	1267339397	789375258
comp_flat_triple	1000	74	836947248876540191	106363336	1047852148
comp_flat_triple	1000	75	9689914143295747877	1339934683	406530897
comp_flat_triple	1000	76	12936458497280141556	1121029569	132124349
comp_flat_triple	1000	77	4482053592793858069	1245623494	1086224667
comp_flat_triple	1000	78	1827805930249249859	1513031354	1681434541
comp_flat_triple	1000	79	9423627809140401166	1372529216	1429680757
comp_flat_triple	1000	80	5171841625538168000	586932574	926495983
comp_flat_triple	1000	81	6471516873882427772	1196139283	1211428588
comp_flat_triple	1000	82	1267695482571473888	1812090887	2128085303
comp_flat_triple	1000	83	15673122473604860269	1081477700	1000487788
comp_flat_triple	1000	84	10948752522798537069	1610705983	1717001201
comp_flat_triple	1000	85	13647088944198670035	137043826	1144400117
comp_flat_triple	1000	86	12136922178697499441	1336773687	963545416
comp_flat_triple	1000	87	5652802291810891648	1665190425	1398144701
comp_flat_triple	1000	88	1507642185825753865	1519378676	1080047745
comp_flat_triple	1000	89	13312009959894253910	232696933	2131842019
comp_flat_triple	1000	90	4476564773827119797	1905607738	341166369
comp_flat_triple	1000	91	12981621351765921390	1521740615	157469922
comp_flat_triple	1000	92	2507464830866370863	1632891998	737798632
comp_flat_triple	1000	93	15126183710120875937	645419790	1550003480
comp_flat_triple	1000	94	17557697713537257198	1097038948	1589009977
comp_flat_triple	1000	95	2568518394900058278	1099046396	846013634
comp_flat_triple	1000	96	16166427370382583833	771809390	926972999
comp_flat_triple	1000	97	8586595441312292815	990918124	1986362395
comp_flat_triple	1000	98	17471840740971264511	1775139085	2007018062
comp_flat_triple	1000	99	17972527806444113989	817166615	895491177
comp_flat_triple	10000	0	12445136130922847628	785887431	1540160149
comp_flat_triple	10000	1	330302674513074926	493733620	324655931
comp_flat_triple	10000	2	5730050496292989803	489115480	103237538
comp_flat_triple	10000	3	4361061107604197453	346397478	127050569
comp_flat_triple	10000	4	8991970122944176187	925933666	169551976
comp_flat_triple	10000	5	784498810023848630	117957159	134554686
comp_flat_triple	10000	6	9553447386483921862	1381379201	1199615327
comp_flat_triple	10000	7	13357822000358165256	1689135570	2137643206
comp_flat_triple	10000	8	8329737790497264552	546707046	348703377
comp_flat_triple	10000	9	2638616448038482811	952794382	1943456880
comp_flat_triple	10000	10	14771089829702363713	2012099036	726057101
comp_flat_triple	10000	11	11382515790990621166	730211038	591274541
comp_flat_triple	10000	12	16565563012870993803	1077221799	106608646
comp_flat_triple	10000	13	7728028232292253066	1067966525	946837890
comp_flat_triple	10000	14	7536062725318686082	1390648296	1361143940
comp_flat_triple	10000	15	16931392861075449864	1774209099	1756682330
comp_flat_triple	10000	16	4528897144830179521	22289844	2041841878
comp_flat_triple	10000	17	10384945358378416073	1956048587	104087776
comp_flat_triple	10000	18	8586794146403978937	1635596400	326029270
comp_flat_triple	10000	19	3166433638075267678	1139649495	574677571
comp_flat_triple	10000	20	11189750679389408143	920280414	210920528
comp_flat_triple	10000	21	14057917457263439627	6349005	640607971
comp_flat_triple	10000	22	16836016500825136054	330229236	2084716736
comp_flat_triple	10000	23	9088882822249825009	432783582	518445327
comp_flat_triple	10000	24	1000643610661352164	383933932	443965276
comp_flat_triple	10000	25	674443831943529679	863342085	1365446395
comp_flat_triple	10000	26	13242139270955146694	1302207159	675878684
comp_flat_triple	10000	27	1202447451891008208	399980777	652226095
comp_flat_triple	10000	28	18279263638006920062	759473482	1276128403
comp_flat_triple	10000	29	14139917401268793334	1161455985	557461885
comp_flat_triple	10000	30	1647821268785370519	715550698	2036651832
comp_flat_triple	10000	31	9085816299251401694	1057032279	1602947422
comp_flat_triple	10000	32	17380761760005155806	182918525	36956747
comp_flat_triple	10000	33	7902715479510909498	1752527267	100131941
comp_flat_triple	10000	34	2944530934512118254	710164705	614196278
comp_flat_triple	10000	35	10238191321946452259	538889567	211174366
comp_flat_triple	10000	36	5516997429420859778	1188856612	584532892
comp_flat_triple	10000	37	4147439206640895689	1441453791	1157975862
comp_flat_triple	10000	38	12883397432256369513	1640242590	1525677575
comp_flat_triple	10000	39	3075949641001735504	146803487	1620812636
comp_flat_triple	10000	40	16682996978869133247	714573754	684758993
comp_flat_triple	10000	41	10610286575856004929	1917929923	1184786536
comp_flat_triple	10000	42	12933455617348139423	1098858552	108837521
comp_flat_triple	10000	43	13576501210984991843	1771470182	1985357265
comp_flat_triple	10000	44	8843621108633547529	2037877787	1881741954
comp_flat_triple	10000	45	7454489002197837391	599116951	1515698845
comp_flat_triple	10000	46	8017034526204794963	1253243022	119317176
comp_flat_triple	10000	47	7468437146093454747	753521148	177349507
comp_flat_triple	10000	48	7132402450646347539	1747112161	919150382
comp_flat_triple	10000	49	8117572382768593202	1580532993	1844078132
comp_flat_triple	10000	50	1244682900160227582	528747004	1756252202
comp_flat_triple	10000	51	10077150503032491526	30357224	1651768739
comp_flat_triple	10000	52	3152928769429212841	1103834030	1387219988
comp_flat_triple	10000	53	15377402487406995874	25280274	734637671
comp_flat_triple	10000	54	1492654658441521416	1165182911	1903841037
comp_flat_triple	10000	55	13992196270686137444	968515824	672508301
comp_flat_triple	10000	56	1159135680399982639	1362616510	1939425673
comp_flat_triple	10000	57	12770446029996160385	1346389809	1217460676
comp_flat_triple	10000	58	13093578397405008677	1024027255	563299805
comp_flat_triple	10000	59	1362645223279120108	917901536	1888143993
comp_flat_triple	10000	60	2152492934670711262	408950946	696809080
comp_flat_triple	10000	61	17393472522451291150	1467096816	840356793
comp_flat_triple	10000	62	9055917683603313643	174520941	1146282213
comp_flat_triple	10000	63	9172374940405606714	1172292174	74373115
comp_flat_triple	10000	64	1291700519662819118	886694082	1491280949
comp_flat_triple	10000	65	3680000568996930462	128921416	851631637
comp_flat_triple	10000	66	2028204836419124852	1643104933	1949186650
comp_flat_triple	10000	67	10341568032016205433	409330175	1571468671
comp_flat_triple	10000	68	3461132367784876707	1387372172	1554155935
comp_flat_triple	10000	69	5251123417631093696	2012761243	100174044
comp_flat_triple	10000	70	1094071197932808622	1325899765	482944235
comp_flat_triple	10000	71	6218533265745569676	1371975586	832406388
comp_flat_triple	10000	72	9529399115734085170	37519237	1864464153
comp_flat_triple	10000	73	4868738935641502558	885882512	2108043324
comp_flat_triple	10000	74	16042975922916974289	1883877087	837935008
comp_flat_triple	10000	75	792108466259822780	588061358	209373133
comp_flat_triple	10000	76	10836057397648620047	736504566	1653867037
comp_flat_triple	10000	77	16677072857474481915	905425503	1486002996
comp_flat_triple	10000	78	15395246873886312263	720804095	159897408
comp_flat_triple	10000	79	4518689708893145080	38815651	15733194
comp_flat_triple	10000	80	16924475156258576107	1881648578	1737063927
comp_flat_triple	10000	81	15668123310266360478	1258854804	596266784
comp_flat_triple	10000	82	1425145646746374069	1667091421	1625767983
comp_flat_triple	10000	83	14519152216793437054	380511468	2028469150
comp_flat_triple	10000	84	9346831589731457289	1783886909	148602667
comp_flat_triple	10000	85	4114113345508706215	1177681983	1327710882
comp_flat_triple	10000	86	12742209537318467085	1846621030	380481497
comp_flat_triple	10000	87	9195975800308995939	413567808	1716983979
comp_flat_triple	10000	88	9950158272632399533	283993936	1799847519
comp_flat_triple	10000	89	17522844410532038612	1254012617	35866171
comp_flat_triple	10000	90	794550156932719473	241402263	866220297
comp_flat_triple	10000	91	18235264584586876246	1957715294	1786245179
comp_flat_triple	10000	92	16819185570246996164	103530825	776563932
comp_flat_triple	10000	93	12525906543436403441	2061956475	199819806
comp_flat_triple	10000	94	16164190558691333408	1735607790	895539294
comp_flat_triple	10000	95	18409450033355085691	202111989	1611883954
comp_flat_triple	10000	96	388196001695205509	928260402	250819242
comp_flat_triple	10000	97	13256079496469946880	151565645	411982489
comp_flat_triple	10000	98	1079458343080647749	1478726855	1241135628
comp_flat_triple	10000	99	1201283186314757687	329750073	801862186
comp_strong_flat	100	0	12457475926460578025	531532391	1995000474
comp_strong_flat	100	1	9829160160871256424	1141174581	1638153373
comp_strong_flat	100	2	17896504957474544889	101188595	841601302
comp_strong_flat	100	3	1903214756711757382	1996717138	871046816
comp_strong_flat	100	4	9058395803488968453	313952471	1180120539
comp_strong_flat	100	5	15305064344568750169	1541109802	1349309837
comp_strong_flat	100	6	3311715262109836930	86487968	294144931
comp_strong_flat	100	7	15879036526341477631	694929339	494780193
comp_strong_flat	100	8	9165387440156407136	608746144	173485070
comp_strong_flat	100	9	14857530764543758073	1618538156	1190097591
comp_strong_flat	100	10	14871163919508238747	267666383	782720305
comp_strong_flat	100	11	7097397706955926808	331821439	2089523203
comp_strong_flat	100	12	16342539120198430365	849946315	505744666
comp_strong_flat	100	13	312145142140117209	447779092	511233985
comp_strong_flat	100	14	7471038739207829598	104708486	258834350
comp_strong_flat	100	15	7529466750274489428	1637291197	254422462
comp_strong_flat	100	16	15737223312362977916	1847476190	1427685915
comp_strong_flat	100	17	6023122519839181021	905958256	1509991238
comp_strong_flat	100	18	270601475705642647	1358654306	506418405
comp_strong_flat	100	19	9260611220648785690	459618483	1174587682
comp_strong_flat	100	20	7282818868959459278	842273614	90480367
comp_strong_flat	100	21	11654448605348558441	814275591	983050204
comp_strong_flat	100	22	10776822772990906937	1745803488	1996289969
comp_strong_flat	100	23	15571360555647965943	1190590053	1092172243
comp_strong_flat	100	24	4563750882688810938	1086888481	370518649
comp_strong_flat	100	25	765195642261383782	1085983516	27116730
comp_strong_flat	100	26	2260694228156309554	1687588001	97547159
comp_strong_flat	100	27	4237908880320288151	1221295718	655829963
comp_strong_flat	100	28	11376927197457735566	590733714	2115288165
comp_strong_flat	100	29	168595745501705009	1166840876	506224152
comp_strong_flat	100	30	7450768139580726393	979792479	1020359323
comp_strong_flat	100	31	12535909447694298081	392923252	1715552445
comp_strong_flat	100	32	11563982895374419751	517350961	1604218088
comp_strong_flat	100	33	13546337349558814753	1090589511	1224679846
comp_strong_flat	100	34	3911337365577925142	1925538570	946513663
comp_strong_flat	100	35	2314677233062617057	1334414936	2000131550
comp_strong_flat	100	36	17470405109515310255	997834882	1971399318
comp_strong_flat	100	37	13875527590398205993	45990525	51233168
comp_strong_flat	100	38	3322543039510242696	1528761367	727753790
comp_strong_flat	100	39	4178758866875389535	1201534313	1553200023
comp_strong_flat	100	40	18155177269303779480	1023844921	70893221
comp_strong_flat	100	41	12744911454266219479	845557578	2034543636
comp_strong_flat	100	42	7209460394577244184	540626318	672928088
comp_strong_flat	100	43	15754257311391427937	1064768200	132701027
comp_strong_flat	100	44	18206739425805937060	839782233	797030424
comp_strong_flat	100	45	17423045747245782477	1937632142	1170425191
comp_strong_flat	100	46	10147739055035908607	44676823	1899590246
comp_strong_flat	100	47	15192515313460488087	987488787	665562346
comp_strong_flat	100	48	5694405334710455050	1809857746	1512479886
comp_strong_flat	100	49	819737627641188947	87190028	799534376
comp_strong_flat	100	50	14003483771448371742	142424661	1486929019
comp_strong_flat	100	51	16840477558801073447	2077183649	1069067783
comp_strong_flat	100	52	2423921736943005201	116177540	1962876454
comp_strong_flat	100	53	15591557583227715089	1167889459	1957823897
comp_strong_flat	100	54	14560798565378236323	1420073817	1498393655
comp_strong_flat	100	55	6630946275876389513	405491145	125211628
comp_strong_flat	100	56	254578185356485549	1405160431	1885327271
comp_strong_flat	100	57	10981112654841460736	1685154049	791762050
comp_strong_flat	100	58	3335948923600735040	1141565524	94246716
comp_strong_flat	100	59	14112117713961317232	102103765	945193079
comp_strong_flat	100	60	12976770252109065711	1481986135	2039480574
comp_strong_flat	100	61	5150942999791442196	363994509	2071033682
comp_strong_flat	100	62	56425545514044318	1628292507	733047338
comp_strong_flat	100	63	10449512978346976300	803603961	1547520202
comp_strong_flat	100	64	14627708703545352637	394375788	150699863
comp_strong_flat	100	65	14924924711034829879	1559854054	460459499
comp_strong_flat	100	66	1602796086041296726	2000510518	335616547
comp_strong_flat	100	67	5648466460975810160	1739614086	1343839717
comp_strong_flat	100	68	14469905652751287877	1837003077	1678083032
comp_strong_flat	100	69	11787960944877861499	1965642385	1640921917
comp_strong_flat	100	70	12755268305254040627	1486985454	2056478254
comp_strong_flat	100	71	3934841792306077309	724304336	1215751293
comp_strong_flat	100	72	11860775833053435662	1372714380	1502416155
comp_strong_flat	100	73	14508457843945170757	1545950188	421816448
comp_strong_flat	100	74	7295881417863493819	1039297786	1142984470
comp_strong_flat	100	75	15950038049075636335	1476273812	2061995734
comp_strong_flat	100	76	15583714432807685991	347122061	2074820852
comp_strong_flat	100	77	7189540789144299563	1658876151	6375981
comp_strong_flat	100	78	9071239046436677356	274227333	1053012127
comp_strong_flat	100	79	13752529291581096432	1006635824	870909645
comp_strong_flat	100	80	1831462831699149555	62518175	1459836616
comp_strong_flat	100	81	1099525436426924735	1953697455	981078999
comp_strong_flat	100	82	8484458760337640586	1675732924	2145116054
comp_strong_flat	100	83	7716007655266911449	1599835794	406419217
comp_strong_flat	100	84	16575704783968201375	704451040	272907631
comp_strong_flat	100	85	3258943929887709204	1131762396	1640639071
comp_strong_flat	100	86	17152531391580218710	786043682	2000289866
comp_strong_flat	100	87	7171564074988733148	846503463	1681380769
comp_strong_flat	100	88	17029695627676197033	284472966	2073623601
comp_strong_flat	100	89	2834596040200284175	1771258914	991883118
comp_strong_flat	100	90	15660516381089594053	1866688091	1062313754
comp_strong_flat	100	91	6938284333839463481	1908476310	1024139608
comp_strong_flat	100	92	3911385245320100475	454433295	2047535022
comp_strong_flat	100	93	14490532905170095313	630647387	454227099
comp_strong_flat	100	94	13537600603390909766	1680246636	441793718
comp_strong_flat	100	95	18243659876704341733	1762837067	961517545
comp_strong_flat	100	96	15595326106429612423	702975975	1086607610
comp_strong_flat	100	97	14327393083022091806	1222165871	1205544944
comp_strong_flat	100	98	8930168695203371777	367465933	453926978
comp_strong_flat	100	99	16981171506716867236	510805198	1707631915
comp_strong_flat	1000	0	9802761604876494020	6564453	688745819
comp_strong_flat	1000	1	16493703704203840136	1528218834	475322487
comp_strong_flat	1000	2	7428204565839496820	2089269333	1015437756
comp_strong_flat	1000	3	3332768726003689417	1607651924	706941097
comp_strong_flat	1000	4	11117460054170231578	413520601	1212802184
comp_strong_flat	1000	5	5199462244706009302	1847378713	2071730792
comp_strong_flat	1000	6	2686265434892299271	1489533141	166523318
comp_strong_flat	1000	7	14575017561861972940	2088220525	1291524482
comp_strong_flat	1000	8	11741159114345885580	1760938737	519403246
comp_strong_flat	1000	9	56250658193185459	468635260	1625018868
comp_strong_flat	1000	10	16256596444072846399	991930776	1827114988
comp_strong_flat	1000	11	11466488798762963406	998212708	1768224374
comp_strong_flat	1000	12	13870048453999071151	1859371503	1135344563
comp_strong_flat	1000	13	15444903521428832922	685570231	1468678618
comp_strong_flat	1000	14	11515051737480435031	155594755	1460564787
comp_strong_flat	1000	15	3611759756685030330	1513785249	1654243414
comp_strong_flat	1000	16	1937186214555357388	1656125010	396083412
comp_strong_flat	1000	17	6619115432710268324	173323874	811992333
comp_strong_flat	1000	18	5569760885018081184	285844228	766770080
comp_strong_flat	1000	19	13634200159724392180	2086233864	1476843683
comp_strong_flat	1000	20	299597289053743391	594558291	958299447
comp_strong_flat	1000	21	8917101163581001263	2107236620	8920177
comp_strong_flat	1000	22	13962607502974275270	151380619	985019047
comp_strong_flat	1000	23	13003771039354177633	2107263684	1575133522
comp_strong_flat	1000	24	11063016065906263786	465002340	426719729
comp_strong_flat	1000	25	2573051212190668631	1250452854	1910588152
comp_strong_flat	1000	26	6883104333349717854	627742642	1836113775
comp_strong_flat	1000	27	717205931218336604	19113206	98864262
comp_strong_flat	1000	28	5312405763911454609	36168706	1390133808
comp_strong_flat	1000	29	4049997964578843217	668388674	1577559538
comp_strong_flat	1000	30	6973434244754399404	142460190	1674380473
comp_strong_flat	1000	31	14084776807942839726	187530293	1187767806
comp_strong_flat	1000	32	3678463425863287288	407008846	510836738
comp_strong_flat	1000	33	3075841103354120301	921563097	685995509
comp_strong_flat	1000	34	3941100484064844845	657936866	1624558794
comp_strong_flat	1000	35	10671604936022685783	190677633	1836885610
comp_strong_flat	1000	36	11056961499687460619	1639467003	1889733650
comp_strong_flat	1000	37	560451293844937433	297535674	79657639
comp_strong_flat	1000	38	1813101698179648088	1167331644	193445268
comp_strong_flat	1000	39	3248715033783565832	1878418988	1446017473
comp_strong_flat	1000	40	13155410810070875004	1442576256	560820088
comp_strong_flat	1000	41	17233453019781582596	2143277786	522437029
comp_strong_flat	1000	42	8980442018069470744	782636421	1248329074
comp_strong_flat	1000	43	2339237349843083087	943717608	271842739
comp_strong_flat	1000	44	9001558550011024052	1204054720	186812001
comp_strong_flat	1000	45	1828079522976955091	454840891	912772908
comp_strong_flat	1000	46	8667813582290037831	1849784602	1806435459
comp_strong_flat	1000	47	15686537577206901029	221789583	2145047680
comp_strong_flat	1000	48	18196805515979139551	1651698519	349314477
comp_strong_flat	1000	49	3978847462698717038	2099099688	1998727269
comp_strong_flat	1000	50	3962636168674091415	317842406	1988894519
comp_strong_flat	1000	51	855469850096814634	1439427095	2147426315
comp_strong_flat	1000	52	15606593569380353046	344932473	1164685170
comp_strong_flat	1000	53	11719216030382098453	1614881326	1376787395
comp_strong_flat	1000	54	11611153845017962667	419697719	339179843
comp_strong_flat	1000	55	6352634648807633678	915341578	423179886
comp_strong_flat	1000	56	5066934113190276442	336157826	1389662521
comp_strong_flat	1000	57	13519561917311812952	2145475005	2033822216
comp_strong_flat	1000	58	10936553058538803931	2015789097	949999785
comp_strong_flat	1000	59	15262658900047809223	553292290	986676662
comp_strong_flat	1000	60	3101666320568627988	2075920386	927126563
comp_strong_flat	1000	61	18045137415745732548	471837704	1693504700
comp_strong_flat	1000	62	17692068012814691168	1452005479	793771474
comp_strong_flat	1000	63	13435018653917267829	1704540612	1610264466
comp_strong_flat	1000	64	10331744390334102269	1206195973	1579410772
comp_strong_flat	1000	65	8944008644944027629	309020922	827202648
comp_strong_flat	1000	66	12353172636859842683	499414615	182008885
comp_strong_flat	1000	67	11690024773397073331	117593092	1046138376
comp_strong_flat	1000	68	15074325985940226248	1750774566	1007856728
comp_strong_flat	1000	69	10888138418992415814	967679983	486120811
comp_strong_flat	1000	70	15356744369656592586	486671122	1203242643
comp_strong_flat	1000	71	2712569407798301798	1103187014	889062719
comp_strong_flat	1000	72	5941526109518963603	478420779	1991059098
comp_strong_flat	1000	73	16216041267812805063	1971358053	421240685
comp_strong_flat	1000	74	7890867204961888869	1862405311	1013552091
comp_strong_flat	1000	75	13117099009800828676	696450038	1227330352
comp_strong_flat	1000	76	1308132519685599370	1311895157	329976576
comp_strong_flat	1000	77	15966632477539721665	1530926161	1746685216
comp_strong_flat	1000	78	12275091353311834254	1458097799	16974005
comp_strong_flat	1000	79	8054755763944304908	1510092469	981041647
comp_strong_flat	1000	80	12322100287746089440	1206276328	1263118048
comp_strong_flat	1000	81	5402266645303380446	1402953829	649472303
comp_strong_flat	1000	82	3042376283219549097	1038820210	282916638
comp_strong_flat	1000	83	5293598077423618859	1486173622	404319495
comp_strong_flat	1000	84	7289702877674415948	1498321324	139957210
comp_strong_flat	1000	85	6613669953664616993	1544393719	153923817
comp_strong_flat	1000	86	10070191750278622771	364846644	1049801086
comp_strong_flat	1000	87	5982176988677123291	692275627	779431538
comp_strong_flat	1000	88	12740413549853540807	1828268731	1890541706
comp_strong_flat	1000	89	2204615156841756810	1685399737	1848727360
comp_strong_flat	1000	90	3659515507534790229	1419598352	1715695336
comp_strong_flat	1000	91	9275644662154140190	1345964984	1409231711
comp_strong_flat	1000	92	3684661471683138276	1253904001	972565898
comp_strong_flat	1000	93	6634848348292982557	1335342244	104377717
comp_strong_flat	1000	94	14387120616547256735	1299075241	2087624100
comp_strong_flat	1000	95	1660776552489081227	2062745642	1516223061
comp_strong_flat	1000	96	7522387044467195021	2096477511	1961161634
comp_strong_flat	1000	97	1143133679358173857	1062330215	384925166
comp_strong_flat	1000	98	7784409409037226619	2006591708	2085259056
comp_strong_flat	1000	99	13189486195344446067	886216336	151564611
comp_strong_flat	10000	0	3814247398648392539	2139455601	1528525392
comp_strong_flat	10000	1	293144407650195682	1471848595	594764023
comp_strong_flat	10000	2	91420405524442148	994988247	2136131221
comp_strong_flat	10000	3	3057798058121943403	1313019216	1650392608
comp_strong_flat	10000	4	2313054305629515850	1186204867	591013172
comp_strong_flat	10000	5	7860328444384202811	114866241	1782190705
comp_strong_flat	10000	6	15447213844703842930	113363990	252346921
comp_strong_flat	10000	7	1839404499989672140	772995184	431761845
comp_strong_flat	10000	8	583091850697767444	617128552	1926993627
comp_strong_flat	10000	9	12651851574196911059	590931849	2115461179
comp_strong_flat	10000	10	8939897460987354706	313517575	2097794038
comp_strong_flat	10000	11	10481274766705647538	1433674781	1332285935
comp_strong_flat	10000	12	117368515975345439	1276270518	987015904
comp_strong_flat	10000	13	1014513692534827516	1117450657	1497483584
comp_strong_flat	10000	14	10767487095348715975	535179602	17465718
comp_strong_flat	10000	15	10875786227092060594	1653326210	134690975
comp_strong_flat	10000	16	10347994343519365001	779941318	318908763
comp_strong_flat	10000	17	6205116751627142165	1356848030	1767994031
comp_strong_flat	10000	18	7062863077501202543	1892178655	91395817
comp_strong_flat	10000	19	2950716560447952235	1245887110	338626924
comp_strong_flat	10000	20	13852053548895385176	1454433598	1172701173
comp_strong_flat	10000	21	14224424747138605582	37049746	1609587671
comp_strong_flat	10000	22	1959170138270034710	964112279	360949288
comp_strong_flat	10000	23	163050823110019975	1699928539	1165200140
comp_strong_flat	10000	24	13965448949840030934	210447691	916755118
comp_strong_flat	10000	25	12616939989878559734	1503112548	1945289584
comp_strong_flat	10000	26	11362959193076158614	170690751	2075037168
comp_strong_flat	10000	27	1818208271466145208	1158580585	367405101
comp_strong_flat	10000	28	4886010387878456907	1451295651	599960477
comp_strong_flat	10000	29	1678804255524356708	681307403	255123275
comp_strong_flat	10000	30	3027262684250692638	1119097122	400186643
comp_strong_flat	10000	31	2419222414982290183	1191945597	129714776
comp_strong_flat	10000	32	16555282126281322869	2066288280	2036680221
comp_strong_flat	10000	33	15026417924601252898	282888821	316991624
comp_strong_flat	10000	34	11493049138507533246	13980471	2006360315
comp_strong_flat	10000	35	14016169581207063037	1198764910	1519274253
comp_strong_flat	10000	36	15649500222356460972	278585700	667802042
comp_strong_flat	10000	37	1491900440947229758	73594973	740075462
comp_strong_flat	10000	38	638762093215524661	988018907	580964281
comp_strong_flat	10000	39	12538197228661033067	1131529287	539030697
comp_strong_flat	10000	40	10166431897797423729	1852495810	2115497
comp_strong_flat	10000	41	17407054259492614129	56464456	1847086411
comp_strong_flat	10000	42	10100219575250496158	661299629	483065197
comp_strong_flat	10000	43	15806070011263797458	1235296601	1775247386
comp_strong_flat	10000	44	12191925190889672668	675678762	85310533
comp_strong_flat	10000	45	10296233166061373839	1860614650	615069683
comp_strong_flat	10000	46	17600649084384374352	1306353172	1111565970
comp_strong_flat	10000	47	469989141818014514	1066747668	108142154
comp_strong_flat	10000	48	8190009833244875308	643960595	306681553
comp_strong_flat	10000	49	7214498244060242439	447236478	1516828590
comp_strong_flat	10000	50	14024850898092443577	927425172	1485026943
comp_strong_flat	10000	51	14739350380197863843	1070361219	1498250326
comp_strong_flat	10000	52	13666799560005049796	530402336	1602728967
comp_strong_flat	10000	53	4325703253514066361	1018423008	211427175
comp_strong_flat	10000	54	260879316223044648	1783383232	928699751
comp_strong_flat	10000	55	8010476496165311595	1003019146	1575476701
comp_strong_flat	10000	56	3278364789480994037	1462352045	1781052414
comp_strong_flat	10000	57	357299612478929115	1242071034	1068285662
comp_strong_flat	10000	58	3528907612011499827	975063014	763292609
comp_strong_flat	10000	59	12260552029430155374	1953321631	932316227
comp_strong_flat	10000	60	11035254342121654071	1635291801	1802226033
comp_strong_flat	10000	61	286148715872398888	1462112388	1837452456
comp_strong_flat	10000	62	278986577263706658	178917831	1464237710
comp_strong_flat	10000	63	2937576722848134854	702690976	778590730
comp_strong_flat	10000	64	9050664399375737773	2056285771	360563644
comp_strong_flat	10000	65	8031899240239436275	2097168375	913420864
comp_strong_flat	10000	66	11617424161398194039	485948349	684828436
comp_strong_flat	10000	67	9953664898122446161	1405545785	1554516270
comp_strong_flat	10000	68	3442348106373774659	1850089190	503508626
comp_strong_flat	10000	69	15420367913686279198	728784363	1077317786
comp_strong_flat	10000	70	2714067625222713346	676086197	213936134
comp_strong_flat	10000	71	16206087363383152865	731489883	599471543
comp_strong_flat	10000	72	10638980659032889656	135218935	2011650861
comp_strong_flat	10000	73	11494305418258050876	920562064	312670151
comp_strong_flat	10000	74	5309174146812521132	720733082	280178906
comp_strong_flat	10000	75	8109032387419752788	447389946	615566018
comp_strong_flat	10000	76	13273537437698316381	1242615574	259028848
comp_strong_flat	10000	77	16462597142173636872	60047048	1588368577
comp_strong_flat	10000	78	18224766308898275829	133226114	1753799487
comp_strong_flat	10000	79	3907715213393785266	40970273	1924790830
comp_strong_flat	10000	80	7683367603854042499	652812704	1927893662
comp_strong_flat	10000	81	3824176428115955723	1782408322	276471305
comp_strong_flat	10000	82	17805147207354708362	1990222397	668337237
comp_strong_flat	10000	83	5429225645352355148	1351478153	1324418374
comp_strong_flat	10000	84	12120281518235136647	1019256769	1210908315
comp_strong_flat	10000	85	17707624669088298082	429214306	260178623
comp_strong_flat	10000	86	12790921558829742837	386784824	448543321
comp_strong_flat	10000	87	5343764750660487832	778181621	1926334257
comp_strong_flat	10000	88	16958589572929132709	1122181035	1875487890
comp_strong_flat	10000	89	16078628919499126435	1567812072	1284490656
comp_strong_flat	10000	90	14611665833674668992	1131371302	1615737940
comp_strong_flat	10000	91	2399709086522291424	1981864896	748728932
comp_strong_flat	10000	92	6143608182093795766	1877374063	337257992
comp_strong_flat	10000	93	16008836035105417553	1824906020	927530677
comp_strong_flat	10000	94	9265484917632702171	1185833919	908280139
comp_strong_flat	10000	95	14773825912421860599	1990357913	13194428
comp_strong_flat	10000	96	10234225529766866676	1003431142	85359502
comp_strong_flat	10000	97	9627893119296347300	307841005	1129044009
comp_strong_flat	10000	98	4892472052762166690	2141980687	1223144675
comp_strong_flat	10000	99	3052422653093743207	1191754006	888460464
nb	1000	0	12403870183931229977	1466524387	994577719
nb	1000	1	16138854778367581324	680352529	158398505
nb	1000	2	13801697337652846852	2106968532	981900296
nb	1000	3	2714330185329587474	2096389233	236151556
nb	1000	4	3433855834083811199	682864599	420189282
nb	1000	5	3306809079689176477	661546295	1277194085
nb	1000	6	16278824516791410634	1984046616	1597715035
nb	1000	7	2714858470733766689	1440380027	633113543
nb	1000	8	10667177783352319224	1535858410	2103914685
nb	1000	9	14654062220788751964	515066321	1800727320
nb	1000	10	13075764563634511775	1408250110	1551278527
nb	1000	11	4828082343097985698	1690003462	374667944
nb	1000	12	1482552569908481643	64541650	1664539398
nb	1000	13	1152569976218018477	1747046831	108875839
nb	1000	14	3742625473894852418	1469999134	2137020475
nb	1000	15	2225998588629405127	218163574	796181243
nb	1000	16	2502541364524743188	1815015361	483990474
nb	1000	17	12447643412530345900	1528669003	1847280450
nb	1000	18	8919504886699950681	1488992275	192522887
nb	1000	19	8556583284163488661	1076268889	1064573189
nb	1000	20	15454638567885710456	1551556471	1192596407
nb	1000	21	324034960770923914	1310359147	1381717748
nb	1000	22	322356811539020850	153980451	358674519
nb	1000	23	6970286133455772562	354095276	1072004904
nb	1000	24	3957077586394617078	459245729	809196247
nb	1000	25	16876573147270475332	526434531	1028265224
nb	1000	26	13948585110242675223	1782623470	1327514570
nb	1000	27	8248551733863902290	593600489	478702281
nb	1000	28	17009260242987975168	884155065	1256101487
nb	1000	29	3783358544664494719	1654769003	736369819
nb	1000	30	5565385571568039701	1776740550	341869979
nb	1000	31	14150569258849061460	132869193	617760084
nb	1000	32	3856614585419201840	1783782162	2097212605
nb	1000	33	13834136461750297065	1961567513	427227732
nb	1000	34	5934902243003695753	1209289670	387113107
nb	1000	35	14576513109164326201	1535715983	1326478585
nb	1000	36	14547594049645646437	426422633	466949237
nb	1000	37	271362000970744589	465067690	1929766492
nb	1000	38	1843674429213136755	973252958	211508765
nb	1000	39	17005203399742615969	1785012883	780978541
nb	1000	40	5689993750438637042	1121709408	743615240
nb	1000	41	13758912664171112076	333046308	1032311225
nb	1000	42	25629372630026598	1291049121	1420145591
nb	1000	43	8027764117483566537	1395025447	554639976
nb	1000	44	16395013325881707708	1425417021	74801745
nb	1000	45	13644745860191596190	1903756551	1549368819
nb	1000	46	13636754973432263836	890749249	854201147
nb	1000	47	17741761843734993215	1708988244	2005181722
nb	1000	48	7090387162240105282	2132807126	80806424
nb	1000	49	18373732758379989571	1781547467	1814310892
nb	1000	50	14476322704347003590	264311835	703313258
nb	1000	51	16098320532391838056	487207558	237020693
nb	1000	52	10415065961605991399	496767609	1910186949
nb	1000	53	18021091982948304154	603458417	1331950642
nb	1000	54	17258649698764875711	1204823826	1981058639
nb	1000	55	11437905949290085443	719360395	1697260136
nb	1000	56	989238411891368153	2139140725	829431780
nb	1000	57	2707948915290290222	1331668531	490721714
nb	1000	58	334185391683422484	257538142	1694039122
nb	1000	59	688621317852130905	2062611821	1027446400
nb	1000	60	16346573825827984170	1345113157	1730155739
nb	1000	61	7785901187265220404	558821386	1390672490
nb	1000	62	2933046481714988446	1877689026	1845387557
nb	1000	63	2535705263236605740	1854552385	188585442
nb	1000	64	13631525087326718773	1641109987	112467921
nb	1000	65	13601326813257123073	2111674955	1846504339
nb	1000	66	407056738910791706	647705836	954259198
nb	1000	67	16047587508800558245	927504234	555356356
nb	1000	68	18437982464858336806	1516962610	1853684252
nb	1000	69	9882818407700036555	1042853344	1007389136
nb	1000	70	8657047716205608172	1475795645	408047099
nb	1000	71	1285733664135127547	1856621957	192559520
nb	1000	72	2048491431168029257	349308940	551407139
nb	1000	73	8208070880361318137	1920514629	1055430476
nb	1000	74	4273909110903735644	1553971093	1690174641
nb	1000	75	7019414634088404793	634095002	1032677943
nb	1000	76	11396951800040417070	1944486802	137569933
nb	1000	77	4481714019962931035	309830362	1541251915
nb	1000	78	9279022810464565943	1370770630	480159445
nb	1000	79	6156261677793221834	203960885	382001860
nb	1000	80	11531923624936468991	1175248581	1346844727
nb	1000	81	11308405538067835863	380532578	542306548
nb	1000	82	1689454506071006644	4809729	2140558696
nb	1000	83	673663023436592547	1471676578	508139864
nb	1000	84	14092625731036255112	1660193315	1787804635
nb	1000	85	7866043517141131998	1249727066	1258071787
nb	1000	86	12794530104488152472	2126418839	175457958
nb	1000	87	9685666972038505882	1130066049	1036840392
nb	1000	88	9085040869880045821	1323320642	1318455894
nb	1000	89	16564584615082487656	818984411	821830732
nb	1000	90	12368417163021815024	1509999935	404364879
nb	1000	91	5739559543149755099	245285595	1401333263
nb	1000	92	13977395800450864438	259058486	12064843
nb	1000	93	17364315305241880828	1851224826	1707359800
nb	1000	94	6799172921920515449	1164456810	453317236
nb	1000	95	3118397515895757487	1939314797	1954570061
nb	1000	96	16350629129253906382	1824905775	2134330781
nb	1000	97	5998600646709160307	243197967	2117642637
nb	1000	98	17531177887339015646	1986187648	684855480
nb	1000	99	8889334807626674539	1343051680	1299634664
clock	1000	0	6928429872505694931	592955236	1684153128
clock	1000	1	13550662313238217081	1144455431	775011237
clock	1000	2	6388215441999499493	392798199	1252604097
clock	1000	3	7844547176731249599	1963090792	533985661
clock	1000	4	5694637427968847330	1645178831	227874309
clock	1000	5	7094948112050657723	184698590	1598012033
clock	1000	6	8663684827258535878	2025389767	44771406
clock	1000	7	9463664412038572156	373931614	1598049817
clock	1000	8	10240552240827914526	1995963910	96966998
clock	1000	9	8001464519469363349	455441733	336020523
clock	1000	10	8589191629418322152	2147171857	1161285646
clock	1000	11	1560610716069015829	374348875	655165484
clock	1000	12	2173905828402615221	1196480434	1108702635
clock	1000	13	8401674444910570836	1926023349	229268106
clock	1000	14	2140276304783415316	650736498	1336329256
clock	1000	15	4086734091164984474	496431260	810514117
clock	1000	16	10762014559914977878	1524850161	552687638
clock	1000	17	17012445539644485785	1283811879	1141828116
clock	1000	18	13613454401619240715	1046697581	1198605246
clock	1000	19	15732497802935393873	593042977	1865154989
clock	1000	20	17841333417356641842	1716050544	173933857
clock	1000	21	2201614333554132266	2039732871	456715756
clock	1000	22	8870316434048408011	1720952064	1847076926
clock	1000	23	13330242197742158938	1340832077	2001037599
clock	1000	24	7245973072573320115	72563279	979435925
clock	1000	25	9998275573848673470	2145631972	216817290
clock	1000	26	12617121368794254934	975380681	1743277970
clock	1000	27	13989614034324920982	19571794	330906587
clock	1000	28	15376380102557177513	435225013	1108982918
clock	1000	29	17458317979404961219	76699233	758410210
clock	1000	30	6174397569976822003	122492368	396953978
clock	1000	31	2855215802252326653	1789471304	204114324
clock	1000	32	12659362794185965772	1377230423	2122387621
clock	1000	33	15306557428962179925	82767929	1896767616
clock	1000	34	4619848057459599460	139811075	413242060
clock	1000	35	14781432190518679054	1449396031	1848951932
clock	1000	36	7268131316349639369	848330449	1890328398
clock	1000	37	2846363759110839082	1733252378	1127003855
clock	1000	38	6554774391105181583	1377112683	608902162
clock	1000	39	17941649102529038910	945038820	684552815
clock	1000	40	3607134472971207167	156643507	1565235242
clock	1000	41	13543175803585911639	243294550	1998874129
clock	1000	42	8839836672794107177	1568130202	636136954
clock	1000	43	9138705969415994511	1438509520	685253079
clock	1000	44	15315035639948502300	904836424	833046437
clock	1000	45	17349626062206705556	149819055	1778421365
clock	1000	46	8327552257419219481	430062450	762569179
clock	1000	47	15845648748289488334	655923515	1535387334
clock	1000	48	16015361479260413564	1454586489	731277971
clock	1000	49	10543072141018117216	1604927139	9651811
clock	1000	50	5530436778426032231	1079091416	1114862673
clock	1000	51	4513640507210220206	2043266581	118369394
clock	1000	52	572923303742448250	1414041753	718381846
clock	1000	53	15993612281189127493	784853876	1583498959
clock	1000	54	7595906867745222895	988633530	1268627691
clock	1000	55	3227795310679319538	2012996162	1810532638
clock	1000	56	537659951978673206	583596601	1639345616
clock	1000	57	9534198057235104382	510031739	483147828
clock	1000	58	12135141384885909939	1331936156	1003436870
clock	1000	59	6078806233453496565	502191808	571632653
clock	1000	60	10973733310099702394	1459195696	1845410882
clock	1000	61	12029907075369036230	831739701	502826389
clock	1000	62	8593519413929374130	1920627169	2087157782
clock	1000	63	6378172359633272458	759528852	1098428606
clock	1000	64	3390922566581191875	284532021	639646582
clock	1000	65	8183026407529802298	1917824648	1262750588
clock	1000	66	6086852898343142138	1350412433	1210829039
clock	1000	67	246668975734545996	1061387856	254743335
clock	1000	68	14265068432633943795	1949129609	690185809
clock	1000	69	17427719060380824700	1452729767	1168855782
clock	1000	70	12834671797763330255	1406594417	1002775562
clock	1000	71	4528696049462064471	1343013223	2026418135
clock	1000	72	14606585300197924726	2024811188	1317188018
clock	1000	73	11685791177220644625	61294083	1644107491
clock	1000	74	3805427432536359604	1752999634	1791569726
clock	1000	75	254188109847363684	23038177	1778822015
clock	1000	76	5776743484446831678	1391431212	679482516
clock	1000	77	12491290045517314621	1512315034	188575059
clock	1000	78	451793676655606675	692213448	1362083609
clock	1000	79	10695648651568210052	1296587669	1667060924
clock	1000	80	5583620752723276399	1895380513	1434393035
clock	1000	81	979176885130938939	1991464058	1369434091
clock	1000	82	14017001654727537350	571664305	554305031
clock	1000	83	8620301882914161308	727954635	1719628214
clock	1000	84	678373216144113674	1645449607	1903189045
clock	1000	85	8887470453439399697	2017765013	1517814923
clock	1000	86	5611879668641644308	2061832624	605854246
clock	1000	87	12080552869255007536	1332541067	1350649648
clock	1000	88	2107585960860401508	1360642724	1708264555
clock	1000	89	15749972948270658981	2104205762	1784921543
clock	1000	90	8972983371619405921	1469253208	181906038
clock	1000	91	6445572309872280265	1114737318	1246677659
clock	1000	92	14618385689760486559	802132028	1560114230
clock	1000	93	13877798305652165995	638819818	695422778
clock	1000	94	11098698498356446483	1613869675	2094885751
clock	1000	95	14798133088851816527	1900051421	179891306
clock	1000	96	11746512156527311824	704190260	307161663
clock	1000	97	6572236966193644624	218808172	241940430
clock	1000	98	2067366699352165297	1894957303	1389255911
clock	1000	99	16712290214713349756	1704745871	1531709421
sparse	1000	0	12041570345643588873	473970813	1087676608
sparse	1000	1	15332065187279895872	1815853615	835384150
sparse	1000	2	14724439426462980522	346238836	1986882162
sparse	1000	3	623325956637837202	1410512727	1592942296
sparse	1000	4	4126237114475552514	956761583	2131298196
sparse	1000	5	1440082735449704877	377053805	1468233167
sparse	1000	6	16838008918341090661	1722657174	1439908009
sparse	1000	7	8538870109271851684	853803282	857799477
sparse	1000	8	16251620652091963204	1557847708	717004694
sparse	1000	9	2220431132476536415	1990330409	222568184
sparse	1000	10	5875139677093392412	1668569436	1662603433
sparse	1000	11	17026296482971927650	1452660438	738778755
sparse	1000	12	10124766549801326790	1487952699	389290216
sparse	1000	13	6046283838235173729	1470227262	153856209
sparse	1000	14	17326025979026132296	984835136	206601632
sparse	1000	15	11251773104520879252	1943327868	1513444789
sparse	1000	16	12633176210103855790	1467171672	1516408998
sparse	1000	17	2538956732912353713	60219683	409170089
sparse	1000	18	5396585575779085119	910550314	1194288747
sparse	1000	19	6573392618723136544	1595641377	220592653
sparse	1000	20	5335766640500718106	1978490021	753579928
sparse	1000	21	1386732916845692903	1241970810	115959280
sparse	1000	22	6357314710534700294	1511300502	1037224630
sparse	1000	23	10020447955420196202	1962991183	1420041789
sparse	1000	24	5795705323305384821	1024761447	1849060260
sparse	1000	25	3242175185142430122	1153080113	2142262759
sparse	1000	26	287969651279445332	1480734339	1492633381
sparse	1000	27	3868118318325785223	615262315	547022656
sparse	1000	28	3391236479619796561	1226523728	1278081817
sparse	1000	29	4449113825660676427	923350624	190359734
sparse	1000	30	3173976438790865943	1067999384	2019583387
sparse	1000	31	9446640647884935493	939028631	2031049643
sparse	1000	32	682413368056870234	822085916	1301141583
sparse	1000	33	15166668696127403628	1556622922	940975083
sparse	1000	34	5925271536146382520	1026929644	674005090
sparse	1000	35	9138502140262984014	2070878672	133355517
sparse	1000	36	6913500941726947618	1851038231	1924749496
sparse	1000	37	11294068000268518813	1478168895	1619707761
sparse	1000	38	4885436022833497280	1295111487	775158407
sparse	1000	39	17942486730921452153	80906781	1890179287
sparse	1000	40	1602946377134351771	1930813485	965279004
sparse	1000	41	9732877754564404833	1661283531	1947628822
sparse	1000	42	1290581599259013549	1396020574	1948114688
sparse	1000	43	15368733454384248956	1461074536	1711074341
sparse	1000	44	15794056084304405010	945952034	896576327
sparse	1000	45	18248540371498475415	826893250	1990899936
sparse	1000	46	15297990164973410291	834359495	382280399
sparse	1000	47	16763493559858192085	1684572094	1141171725
sparse	1000	48	11870455958775422061	1784817355	2030326015
sparse	1000	49	2458196493802447915	1210040944	2102374811
sparse	1000	50	17301398944412996433	2070342653	1835455959
sparse	1000	51	10241164432075150457	317475880	1335538278
sparse	1000	52	46765162774886570	1593831843	1008287211
sparse	1000	53	6929193896773318348	1415027693	1123189572
sparse	1000	54	15362019784052747527	560496956	1506685637
sparse	1000	55	15328150460469768953	1525332242	976835777
sparse	1000	56	16739386065914858301	1732191235	530719953
sparse	1000	57	9435721664968274097	614693287	1235062482
sparse	1000	58	3755201149992635638	471651140	1313912199
sparse	1000	59	7256889104760538178	1017692046	1559222349
sparse	1000	60	14048250773305686016	2100564952	1830209525
sparse	1000	61	4431141994069942471	427380765	78359787
sparse	1000	62	9471847669761095329	2023469795	1118163175
sparse	1000	63	1381378574101280794	629296499	1008164800
sparse	1000	64	7312050305771872060	2003644734	965425403
sparse	1000	65	11150518591855931631	1605063842	1836488318
sparse	1000	66	16261488843230921605	1543745460	576209873
sparse	1000	67	11921486025335299446	1042496949	1568236560
sparse	1000	68	3769716911918361931	1958008697	500876642
sparse	1000	69	8447925727367138362	1804338989	706676035
sparse	1000	70	5614458107729303963	1165104019	2034967251
sparse	1000	71	9252142648994400617	31120151	1315131246
sparse	1000	72	14054279180642637517	816966386	958141108
sparse	1000	73	4988506131888868251	637041899	555600014
sparse	1000	74	8937508111129128556	825777913	1908053552
sparse	1000	75	11728516105541280553	783317092	2007932473
sparse	1000	76	5396892902113851235	42669576	1513880959
sparse	1000	77	17059112067105975975	1729281011	375536306
sparse	1000	78	10896474456997455876	1861672851	253751236
sparse	1000	79	11612015114514638430	1811770183	258595861
sparse	1000	80	17385659855233297576	1540004871	1307625364
sparse	1000	81	6184528506519659219	215353258	1537686854
sparse	1000	82	13187827201205495607	1296837909	1656092482
sparse	1000	83	5437921794309122130	576780552	1206346993
sparse	1000	84	2853356987430036845	1296473342	1706974000
sparse	1000	85	15734951289789820702	50596380	1010504509
sparse	1000	86	5996637445625705402	176899551	1085757653
sparse	1000	87	14133272214095208532	1724419814	1138538976
sparse	1000	88	1455788789984928962	797226873	911876135
sparse	1000	89	16818064270061722043	798869144	1825667916
sparse	1000	90	15732735564922606715	850756106	1421058421
sparse	1000	91	2279288132118546866	882861695	41166305
sparse	1000	92	3370603522713722845	796074789	2123162001
sparse	1000	93	1792863858157494642	667685714	604918022
sparse	1000	94	1379996196257973569	2051902972	21743774
sparse	1000	95	10223281899782456786	368538242	293641115
sparse	1000	96	9466749632257134420	1435485634	187553519
sparse	1000	97	12668328693340176552	1302728227	4391715
sparse	1000	98	2668545086514917859	704433188	773965258
sparse	1000	99	10566618668298180952	1908320127	976069328
