# G0 Seeds manifest | master_seed=20260928 | derivation=g0/v1: splitmix64(master ^ fnv1a64(label))
# tool seed columns = same derivation folded mod 2^31 (int32 seed domain of Stan/STL; data_seed stays u64)
# note: profile=degraded adapter=docker provider=cosmic-file tools=sigfit,stl reps=100 commit=20655fae099b886aa48677fb3806e11197220589 DEGRADED
arm	N	rep	data_seed	seed_sigfit	seed_stl
main	100	0	3892182331271704643	434205110	472363135
main	100	1	10820360303607093643	1808310283	613824147
main	100	2	10407241955487478744	807963158	746286174
main	100	3	532147854617910338	982970084	84455343
main	100	4	9040993121995288930	1021530108	1985005293
main	100	5	15028459860850496220	364849008	573940502
main	100	6	11115586842261660390	1527112406	2055449620
main	100	7	14943438746963406638	167823417	971929234
main	100	8	2161704560070565654	1215104301	1263016458
main	100	9	12501870762656231088	933024632	1433962562
main	100	10	17033671546067348474	403185744	457327648
main	100	11	12266221113346098930	1662503389	445336842
main	100	12	4733870113778021684	2062699601	1014398306
main	100	13	13182666183714276194	425410531	557212451
main	100	14	9571943682631186254	555026166	1705429253
main	100	15	9058903641757556302	2045379243	960506989
main	100	16	3026300490263460907	1939504880	1857717113
main	100	17	16379194758984133537	1164309228	777341529
main	100	18	12298247164093982528	331944022	1729837738
main	100	19	10885598355763590101	1665650106	315948999
main	100	20	13214510712289226380	1252706201	1667693906
main	100	21	10797129325322263160	252932311	1133676851
main	100	22	11605300570306117491	1869653100	811534401
main	100	23	3933929843692978914	1641491577	1190636661
main	100	24	7056061098016410159	1901661597	1853118635
main	100	25	14501829470593889703	2005104274	1018930648
main	100	26	10214023997360512122	578059760	1256189512
main	100	27	14455993866651389478	1408862995	265041201
main	100	28	14740699444769693143	1732960989	1249717524
main	100	29	10995283552258683051	1692545953	348722902
main	100	30	6570403879293134649	1557815684	379217628
main	100	31	14780153734281222453	1630860180	2145074779
main	100	32	8830962011961476497	1281477980	1833738446
main	100	33	8393296758452233676	592141327	1085099176
main	100	34	12227848550731697970	2104892928	2010736092
main	100	35	4373745982396059034	2125021713	106431765
main	100	36	11523173286947876504	1767450273	468369674
main	100	37	8848858207877236010	623275613	539499647
main	100	38	17164564701970248400	2054153365	2119421076
main	100	39	1386169748560577630	962402152	1811932447
main	100	40	14274139035103908631	1737996638	276682954
main	100	41	7629891506176147974	838998375	1484111248
main	100	42	13705806774339250840	1900457910	1587280472
main	100	43	11655907150051979618	1260399745	2003769991
main	100	44	12267777516189369506	1044514850	79987628
main	100	45	8179576724707292968	476074696	471909080
main	100	46	7971241093963519068	62364948	730936471
main	100	47	10214230545117676300	275984427	1360993925
main	100	48	14676078063995491047	78948565	1444326797
main	100	49	17638573798109998192	467840409	1237366151
main	100	50	11223665235558251716	1214896733	312705970
main	100	51	12269764714041234514	1390886936	456781467
main	100	52	10533604330360597855	971387854	2018160538
main	100	53	1618902068304677487	1224609618	525500280
main	100	54	6442555815107071286	974556286	1539024156
main	100	55	17246522484332719714	1989053077	313936339
main	100	56	2934650012722425665	379552390	952402144
main	100	57	9310990928007016739	292462579	694504807
main	100	58	3608818459319721296	2128170781	1059699908
main	100	59	4431832374388839803	721140877	1450806564
main	100	60	17507835734357321406	1835330451	637176912
main	100	61	4704794850620957877	1366199020	187677267
main	100	62	1633125697821333448	1500859010	1736056574
main	100	63	9577270298858477100	1213655212	2132438908
main	100	64	11565582284317576402	1583173428	1613697852
main	100	65	695172168285863245	634534271	512810932
main	100	66	9845786438064928426	537932262	741141276
main	100	67	3163117084719998621	1404866720	227894105
main	100	68	5266416891787160320	894754010	628813205
main	100	69	9256704408698663155	1253637892	358198132
main	100	70	6561842190825447653	220672219	1864621997
main	100	71	2927641129206287042	168160085	52727712
main	100	72	10286188565354779694	1341125569	1752450376
main	100	73	2677673055081105664	1467046494	170732040
main	100	74	8855449679184285074	359403204	251265075
main	100	75	6196421679893039833	1318185843	1961724892
main	100	76	8528654433622019821	2056050194	2014617758
main	100	77	1264999887332936014	328848315	1397143786
main	100	78	1101102612044117469	244511125	697172757
main	100	79	760202961587369484	1292584923	644240056
main	100	80	5690819788913796984	477813404	534201455
main	100	81	18179709902639206335	1497275707	1440275991
main	100	82	11137807497809758156	243340245	918768974
main	100	83	8760421628493004656	1217653922	1276029310
main	100	84	3277069479993143004	577703680	302783349
main	100	85	7788591140443489873	12813930	1364392712
main	100	86	14406715894764582952	232725072	73076022
main	100	87	10648658865249464217	2070397012	771886004
main	100	88	9438811090718272869	1076318818	106933968
main	100	89	16442192774841316855	1002038521	1409423039
main	100	90	4779435408432140371	66822562	675806125
main	100	91	7751672200964981010	1759637697	1497596053
main	100	92	788665907431642072	1554867212	924494746
main	100	93	6629917332351205533	105843659	1125052815
main	100	94	18186006233237350051	215414141	686097958
main	100	95	5316078790620099584	848351644	2018160584
main	100	96	4606705617331737122	1545898853	1899988943
main	100	97	6947652492227081848	227850051	851858002
main	100	98	2447560705387499960	375039772	1600812207
main	100	99	4243981853069694595	978164919	294533555
main	1000	0	663988732034039842	1342082352	1232582473
main	1000	1	319328993915614430	2124994444	2142773041
main	1000	2	4883674319524830253	2029090700	3510729
main	1000	3	1483628833557839299	2127096372	1344893594
main	1000	4	12744133713140540224	626576878	1716353752
main	1000	5	10678116377552101486	2087460818	1210246367
main	1000	6	14825327996378140571	535425881	1164696944
main	1000	7	1821376549423341828	1052361436	2024353904
main	1000	8	9356360226885338835	248641482	1727086080
main	1000	9	14819816986925987130	1104911968	822653197
main	1000	10	795615182365265265	1085834287	1974434327
main	1000	11	10260932002942156683	4621540	944880385
main	1000	12	4074607361655154041	1832676704	1654738612
main	1000	13	2641673204266504514	1840406312	1676496028
main	1000	14	13529090359979118047	1904866280	121507982
main	1000	15	12672429727769950011	530234810	1087101523
main	1000	16	4027441026325786814	6361780	1826468206
main	1000	17	13332236969054076120	504300996	883159296
main	1000	18	915346667447552160	111521573	42139743
main	1000	19	15955074115168860842	453694391	179965409
main	1000	20	12071280859882934361	1516034452	1461814534
main	1000	21	14164395966089169070	313023343	1204068994
main	1000	22	7808318238667529713	1220696894	1715554975
main	1000	23	14598386949232029960	872554972	266656308
main	1000	24	17182255303057355976	903483085	1863574407
main	1000	25	9432713594633609302	1157118444	1771716513
main	1000	26	11991563351168682301	1111822727	1108139822
main	1000	27	14370889343001171531	1318351826	387040191
main	1000	28	10340277322483534808	106019476	281892051
main	1000	29	1209811731322547568	745307160	234170674
main	1000	30	4701883079045584934	1471985385	354000902
main	1000	31	843675344916726202	1307789507	1051520368
main	1000	32	6142669439418614937	1114045545	572454949
main	1000	33	13067386032703634143	1062764160	120021710
main	1000	34	14406427078445186206	2043476368	37958515
main	1000	35	11502221205293019803	751873406	1846983656
main	1000	36	3018883717717833595	1728584837	2086124187
main	1000	37	4532415008197011738	282469790	1444302096
main	1000	38	17797596786809265738	2069065135	928815589
main	1000	39	4927267148185390171	1040382521	1863183206
main	1000	40	10238081310762663925	2061693321	695813386
main	1000	41	12315983038376556990	2064106005	440758964
main	1000	42	10561328478134611711	838958305	1107190205
main	1000	43	3012612138553744333	1594180393	567120076
main	1000	44	1359974045054423682	305591135	1633121235
main	1000	45	3202243348673850397	1430906230	1876669332
main	1000	46	17960079696670556743	2041762188	708845401
main	1000	47	14858305013500380088	1299179885	257974104
main	1000	48	16284144197375448058	1635928814	1016121697
main	1000	49	16403189548066361211	1163791789	1262436197
main	1000	50	10787582435201430582	190139594	743526900
main	1000	51	14035257037336764899	210675929	33787085
main	1000	52	15291487208409298133	1555452526	259308240
main	1000	53	8293015606737638086	1997641440	1045065354
main	1000	54	14813133809566425140	1537509111	685772457
main	1000	55	13655721684835791399	59976733	1625703118
main	1000	56	3969326266847317144	1475980006	987026420
main	1000	57	4031653716838326867	1872373968	389857894
main	1000	58	16974819876648443185	1245801702	263262137
main	1000	59	12079318281257175707	1411875329	200187257
main	1000	60	6675507444883703189	1811601011	1808565378
main	1000	61	2939597083303687493	363638628	2068547022
main	1000	62	13230384345409042048	1015414099	904996540
main	1000	63	1866998191519706461	1205139845	1648859426
main	1000	64	12635262055059934135	386785883	680462902
main	1000	65	4623235873422826458	1740673916	1876974118
main	1000	66	245441939948855298	994703935	617489530
main	1000	67	13314847514301921089	234172318	678079457
main	1000	68	3900872884239854456	322880721	1178742969
main	1000	69	17921059338958896355	2088456531	92239184
main	1000	70	9584113260593652064	1450966325	1693780150
main	1000	71	426094153519796819	2043164805	535727053
main	1000	72	16884899130642816610	188909504	609806987
main	1000	73	1427064434831042440	1208635120	1146844310
main	1000	74	15642649807228431315	336286263	639147741
main	1000	75	135102337821695959	195951120	543166626
main	1000	76	18363537382900979092	1547580878	1104895349
main	1000	77	18388289935108908773	934762042	103327046
main	1000	78	1490768514032749422	318058920	516995673
main	1000	79	17643563810582020370	1135919196	647736284
main	1000	80	2157035298459916482	2116329244	1234523445
main	1000	81	13142030108296084941	1960144999	190619756
main	1000	82	5503328028814288843	495456212	2063595232
main	1000	83	477275655312618223	1432393025	2025273170
main	1000	84	4145420059745528572	986345555	1710514262
main	1000	85	3974147441385825229	896759759	651858117
main	1000	86	17903982426748116087	675499174	1154513085
main	1000	87	8182620017194820995	1611856680	1311143262
main	1000	88	8550374535181491941	1199554424	1175560600
main	1000	89	7702954303293620040	116684063	810424307
main	1000	90	16085212064153836790	160898567	1739196968
main	1000	91	6197226044538221451	179613236	307508765
main	1000	92	13613984929104887892	1169113881	1582717719
main	1000	93	11251410768085983830	2022816417	1902865063
main	1000	94	16375197647926088940	1105574845	938026917
main	1000	95	7356647921944664407	993797528	1044396968
main	1000	96	2496202163365641996	347165177	577588993
main	1000	97	2923122522814579478	163213100	643576273
main	1000	98	9130126226881487102	229327502	44836919
main	1000	99	1486572049727035309	1454713737	74055365
main	10000	0	2237003083837261163	1261333298	743699195
main	10000	1	15015851777973968669	713136964	719921047
main	10000	2	3861042311550678788	523847889	1402548204
main	10000	3	12745307322432546198	1955848397	1806828485
main	10000	4	18009972242891915505	1819387435	1084705943
main	10000	5	267040040791554984	708207111	957226956
main	10000	6	6314801255721591545	966677278	1854244565
main	10000	7	12830884694241864745	181169422	621447443
main	10000	8	6828569067529282388	476884992	83970734
main	10000	9	9488748837999964660	333374930	520263115
main	10000	10	13370501010846749197	1952000560	747294869
main	10000	11	14131324600889523061	1384418169	705782061
main	10000	12	7545750939871775600	1550327732	280127876
main	10000	13	3778200672215430498	2146455774	1366784992
main	10000	14	5869591230607167952	259495766	673324145
main	10000	15	13848956582470214155	2124519246	450490107
main	10000	16	1838256576752382162	1141164031	1215572330
main	10000	17	7778619432728860698	2075082656	2006792349
main	10000	18	3853671074814005032	973270839	1811970495
main	10000	19	11442908451583200076	791218964	188044937
main	10000	20	9101256054114947088	406233619	27169518
main	10000	21	2092247802801359593	1089863426	2052124042
main	10000	22	12989816109178468318	1978259038	1512423141
main	10000	23	16701578275715216889	752872697	2034708721
main	10000	24	1063945171310066677	335227777	170329368
main	10000	25	9051637040420134956	1541527780	616378631
main	10000	26	2155520650462534130	1874094116	116216856
main	10000	27	9516750698945415461	1386001171	1827145699
main	10000	28	11243397657790332573	33330036	1456217933
main	10000	29	6892281574750762551	2043668417	845948969
main	10000	30	7193358049265057205	1465395866	138001545
main	10000	31	5406278057194303651	262562809	716346333
main	10000	32	8165600948781412385	460530964	1884447510
main	10000	33	9276262952828604058	318628594	1517609475
main	10000	34	9165575995576859709	1738729797	1582977192
main	10000	35	16151364353863117712	893875698	489950508
main	10000	36	1806257588899018211	113143881	347196175
main	10000	37	15146506561422170562	1006216137	1750232737
main	10000	38	1374836094816889363	582211508	844574809
main	10000	39	6302893787535030822	1745903408	222104409
main	10000	40	4084859638859864999	1561750183	611296840
main	10000	41	11445860079070137712	442525848	1924529077
main	10000	42	14747815503120146639	815706069	287713892
main	10000	43	6990908455352848997	880628101	277270108
main	10000	44	14164129759267096335	1675751056	1334827245
main	10000	45	4423686590976274570	1062493637	1395257520
main	10000	46	18090108545983501489	71695071	1871233468
main	10000	47	12626373083729287343	1857444127	1517078494
main	10000	48	3937501089602976378	24027143	2046481565
main	10000	49	5041823864086489769	704570825	459445688
main	10000	50	898343631398335349	58291976	2120505719
main	10000	51	7126989920256556837	613603889	1163403164
main	10000	52	3642461256781828239	1837898212	1353350207
main	10000	53	4750768458012595981	1184738489	838677027
main	10000	54	10865595334713263455	101367485	1504309366
main	10000	55	8220792468359759921	1767852728	1278316126
main	10000	56	6735330234931604442	1425888746	1018220232
main	10000	57	10751228941295952371	883445816	1141956877
main	10000	58	13690423934859256077	1560746302	1212232512
main	10000	59	16044756940710875503	1219034167	560766034
main	10000	60	10874809864184088215	1108769256	1303934301
main	10000	61	5620851125341965954	570118748	85878971
main	10000	62	16112454368608859118	24459128	924384107
main	10000	63	7851159448165849014	239009623	1984575285
main	10000	64	12593074768175363046	1800505562	1580010348
main	10000	65	8739627675742205636	97046000	457431194
main	10000	66	16367209043712426294	1570635661	1313271048
main	10000	67	5171295237711830460	1728171640	1441582294
main	10000	68	17025145681264192933	1589675833	6240563
main	10000	69	13520270052596107136	1119512798	1575539717
main	10000	70	8234565982663489553	1681481555	1728393
main	10000	71	2523943207949009434	1862788598	745118113
main	10000	72	4811975251386040846	981582304	1729426207
main	10000	73	455481602132425165	1973167639	1754190598
main	10000	74	1134580341139727965	1655639357	1360840556
main	10000	75	3160562014342052029	1244142439	80103978
main	10000	76	8089110218742558148	1502269465	1470804622
main	10000	77	15110915694757891630	61305821	1837680722
main	10000	78	9825060756434484654	935162441	267244643
main	10000	79	12324822550481923679	683928844	716005081
main	10000	80	7125116452315098221	2023932104	80162968
main	10000	81	8684084518227352059	1785731458	1945559554
main	10000	82	10081030841064061860	951180578	1056951484
main	10000	83	10648152054274970729	1834265739	1399206507
main	10000	84	11905590770116436300	2102108187	1337535723
main	10000	85	15691036125137919604	651487753	267037622
main	10000	86	5728326578801712360	1455778087	1325863399
main	10000	87	15089604853980994408	209104064	268697115
main	10000	88	1968132045412553467	1318614314	1037862320
main	10000	89	16397191031220272459	472536940	744319114
main	10000	90	11700496384601497603	1943024487	646423811
main	10000	91	3513528266081198777	201297771	442512688
main	10000	92	10446762988727571432	1207713350	1874785609
main	10000	93	9081716442812686177	1325828721	2044082775
main	10000	94	16241978312544836564	1645159376	2000372987
main	10000	95	14806399730072960080	256064647	1471186699
main	10000	96	13159458927480319233	966414618	599592639
main	10000	97	15498349366523451498	321903251	1466291785
main	10000	98	16111168137279069104	1970184252	857515184
main	10000	99	12475711597267283382	1457088193	149311357
comp_clock_only	100	0	13752509224184873574	1205431387	1769642653
comp_clock_only	100	1	144152227337303895	18025395	328570946
comp_clock_only	100	2	1884809551482636963	1295729396	506643936
comp_clock_only	100	3	2009187976191241365	2012642099	1845920535
comp_clock_only	100	4	1800395323768856795	1072487413	1271030663
comp_clock_only	100	5	1700853367641728127	1512528475	567985122
comp_clock_only	100	6	7023128489203816524	483051632	1582831193
comp_clock_only	100	7	15901686282676147241	1958678705	1056913959
comp_clock_only	100	8	14043988541331454476	1571953159	1478693649
comp_clock_only	100	9	9734985428972476656	292683682	1943060018
comp_clock_only	100	10	16264771025705354105	574017273	923789426
comp_clock_only	100	11	6173273560929568461	1258175542	1744320563
comp_clock_only	100	12	11134445265976383617	355330405	1394130728
comp_clock_only	100	13	1882370867671715602	976441392	398103268
comp_clock_only	100	14	16381402864443465942	1701249856	1952906518
comp_clock_only	100	15	13609837860937815044	237363181	186082463
comp_clock_only	100	16	16388687351814491245	1898562664	128675557
comp_clock_only	100	17	11329505197524049630	1986536617	100596538
comp_clock_only	100	18	7265277313431739263	459480179	1392883732
comp_clock_only	100	19	6310962562933755931	531514627	1962375163
comp_clock_only	100	20	10977660656390217869	985643649	817449394
comp_clock_only	100	21	10098082131012223034	103575862	2030106258
comp_clock_only	100	22	3723743219512230971	1632386178	1869522442
comp_clock_only	100	23	284691259525061272	1757773192	1065328683
comp_clock_only	100	24	15097567479852382618	2050697006	722402428
comp_clock_only	100	25	4535776110331666957	363922388	1189671433
comp_clock_only	100	26	6311532609655369904	925970582	587347560
comp_clock_only	100	27	9832617153250304948	1365949767	747715390
comp_clock_only	100	28	15607310166250252240	1510722422	86033553
comp_clock_only	100	29	8802530344612107130	357684015	1695041326
comp_clock_only	100	30	15628209384736818680	1316878634	1729533974
comp_clock_only	100	31	11751727460110263108	89289514	275580020
comp_clock_only	100	32	9770270585988236986	1267923336	631462109
comp_clock_only	100	33	9935323519924448580	748121041	1401340449
comp_clock_only	100	34	10030795141973589832	920942044	1704331009
comp_clock_only	100	35	12105777781814867149	281627569	1280263080
comp_clock_only	100	36	10407368816392822425	2032367577	1834647805
comp_clock_only	100	37	9168924962684449897	1493890395	1174418670
comp_clock_only	100	38	15405508618676810820	2042271988	26251040
comp_clock_only	100	39	16183628341228234745	1279661112	1549526279
comp_clock_only	100	40	7357272122216185063	9499611	1425647659
comp_clock_only	100	41	9195709152841570281	1270932871	1868161277
comp_clock_only	100	42	8008445915114446912	1862565189	409779916
comp_clock_only	100	43	8755729380196247180	1555794377	1532837382
comp_clock_only	100	44	9133940857394085804	312786933	1411881992
comp_clock_only	100	45	17381923288258536349	2027720318	495474896
comp_clock_only	100	46	17514051079800608913	195753735	1854054684
comp_clock_only	100	47	9738724344756765854	1345512906	1635976222
comp_clock_only	100	48	14834972784085597192	1806879344	819903411
comp_clock_only	100	49	3973662720463842615	1846654168	919641772
comp_clock_only	100	50	16030214120556653532	2101282969	671337209
comp_clock_only	100	51	15981731933874620468	1966559722	1369215169
comp_clock_only	100	52	1869371585402658198	898932271	630740634
comp_clock_only	100	53	16452360634834337979	360377618	588166852
comp_clock_only	100	54	8599995938078332332	1951481322	2074098537
comp_clock_only	100	55	4502908590304178484	193282079	3525660
comp_clock_only	100	56	10389147912799683102	1842838914	1781367941
comp_clock_only	100	57	17223956605968765357	1642696423	1470624209
comp_clock_only	100	58	12637887785879998733	1116679358	428558926
comp_clock_only	100	59	12688961268560677024	1543076272	284012881
comp_clock_only	100	60	16352093376695167499	527769640	687958166
comp_clock_only	100	61	12377579612932054096	870212260	782115296
comp_clock_only	100	62	11244804158030345756	1724003910	852453243
comp_clock_only	100	63	10137995474412467881	624992385	1152383698
comp_clock_only	100	64	6664388159835616136	80250547	2088694101
comp_clock_only	100	65	11987380564301992862	646349559	2112718143
comp_clock_only	100	66	13042708114667194899	202651244	1047645547
comp_clock_only	100	67	15654945495126590761	2088097745	88182826
comp_clock_only	100	68	11378949713861312112	87360956	1010425329
comp_clock_only	100	69	210626117254363263	1818686513	103010029
comp_clock_only	100	70	8119596273521070073	2011067787	817430833
comp_clock_only	100	71	431487634880279609	1434427571	23196683
comp_clock_only	100	72	4445362693696293759	1847269317	433745646
comp_clock_only	100	73	12681492548022947862	1707076804	1272608392
comp_clock_only	100	74	8995538361892990970	1250909517	1025302240
comp_clock_only	100	75	8010678997667021105	151770923	1028076279
comp_clock_only	100	76	4166839585125347968	1086791824	115537981
comp_clock_only	100	77	11853495180191193753	1316949002	93844973
comp_clock_only	100	78	14640205273978773572	1890837934	1528773933
comp_clock_only	100	79	2724436279126384561	1834819374	131884198
comp_clock_only	100	80	9655389629233239556	281806785	1307137887
comp_clock_only	100	81	4790113068995086008	365634063	200287779
comp_clock_only	100	82	6276125966794496800	1470495661	1657706185
comp_clock_only	100	83	15111845472002567098	581382009	1313766613
comp_clock_only	100	84	11613816631261277583	996069382	638869378
comp_clock_only	100	85	1675167478303184482	999522379	391523092
comp_clock_only	100	86	5893553953999512411	1303701575	1462860785
comp_clock_only	100	87	6801983958268146181	93227074	479162984
comp_clock_only	100	88	17977249474487108838	128582515	1864949479
comp_clock_only	100	89	5007539225549380882	1412516961	764343736
comp_clock_only	100	90	14457098191545935985	1138392981	2075332539
comp_clock_only	100	91	13215829718732576595	1280549384	144727671
comp_clock_only	100	92	15067157859976489495	1230361547	457512053
comp_clock_only	100	93	12977047175076136405	849580950	864312015
comp_clock_only	100	94	2484933494413455608	1849913824	789931284
comp_clock_only	100	95	4729086701521205216	879108807	1722683222
comp_clock_only	100	96	5593667440250696533	1474437330	1701467182
comp_clock_only	100	97	10187807301843422109	1024176231	1767791531
comp_clock_only	100	98	8938263877151172234	1747779371	1898039492
comp_clock_only	100	99	9145005657095006487	1712917046	2032048931
comp_clock_only	1000	0	8385406756201664004	1636696276	91006493
comp_clock_only	1000	1	10189202972775582678	1175207460	1919118578
comp_clock_only	1000	2	1759192628674749519	1472667690	913840853
comp_clock_only	1000	3	15062046015677545557	434136358	1770666572
comp_clock_only	1000	4	18272920716079824211	662799723	269396742
comp_clock_only	1000	5	5287820894505394793	972963521	155579174
comp_clock_only	1000	6	15413896415839438568	780575076	722855658
comp_clock_only	1000	7	16288761837997324619	425548691	1619333065
comp_clock_only	1000	8	17439290865234919438	1365946215	2017251928
comp_clock_only	1000	9	12578893093663109300	762920093	703260578
comp_clock_only	1000	10	10848685784214872040	1837999043	1898186175
comp_clock_only	1000	11	9184040396261545558	37418158	1704621879
comp_clock_only	1000	12	5069565213902003457	1574114164	660458567
comp_clock_only	1000	13	8295426012784961577	73009641	1029901489
comp_clock_only	1000	14	7279664963806559827	1119864712	1541885934
comp_clock_only	1000	15	14734218232951804772	212609101	1432701281
comp_clock_only	1000	16	14184334391976108	1949855378	1030609497
comp_clock_only	1000	17	9992522296861438526	2115084811	190000406
comp_clock_only	1000	18	6399990861022042637	930109996	1856770746
comp_clock_only	1000	19	6536317952096641590	1942635894	1306758293
comp_clock_only	1000	20	14333269242741185060	557988167	1293868763
comp_clock_only	1000	21	5746479045741276688	2035020952	1299807210
comp_clock_only	1000	22	4642001188192491105	1523060038	496590599
comp_clock_only	1000	23	6601208552036520331	749777668	806744937
comp_clock_only	1000	24	8073381516160482919	1476491303	1537951473
comp_clock_only	1000	25	3359720396380717911	1455071633	1248314221
comp_clock_only	1000	26	17784774565716409926	947064865	793877667
comp_clock_only	1000	27	13151131954463069511	643705546	1880583764
comp_clock_only	1000	28	5593584616452231963	611649796	1706755347
comp_clock_only	1000	29	5422470591951715462	665045023	955511022
comp_clock_only	1000	30	6658696767357005504	951600900	1021467150
comp_clock_only	1000	31	12011823744806836675	37305152	2037752716
comp_clock_only	1000	32	4523078159117186064	1392733199	939369124
comp_clock_only	1000	33	16835726229607431080	1191840573	258419745
comp_clock_only	1000	34	14785419701537071556	702593983	1336028187
comp_clock_only	1000	35	4474301591328092982	403137538	673132967
comp_clock_only	1000	36	8462761824726839219	1568851009	1490657253
comp_clock_only	1000	37	4226582127103044707	1563215220	1954843191
comp_clock_only	1000	38	4684436924076580943	155357671	1305243421
comp_clock_only	1000	39	5432091366722263709	465950619	1806136536
comp_clock_only	1000	40	15250898925534333926	428574032	1528848109
comp_clock_only	1000	41	5189586547159785216	27214493	309266185
comp_clock_only	1000	42	11449565224022472609	353159185	549436250
comp_clock_only	1000	43	7011962321069714568	2048070767	1911789936
comp_clock_only	1000	44	8983933419025011723	1722110393	818095079
comp_clock_only	1000	45	2942654408361485796	1045404784	659387675
comp_clock_only	1000	46	7913782961368515977	143025146	2010598355
comp_clock_only	1000	47	13023426788002131879	1260090378	1653829088
comp_clock_only	1000	48	1481656886555943878	2005503568	762708372
comp_clock_only	1000	49	14189482859990448976	348563533	1010198127
comp_clock_only	1000	50	16207574977398254871	820566417	1989630370
comp_clock_only	1000	51	17862778900600383924	1989959254	1592377819
comp_clock_only	1000	52	17534271402653873090	1672369922	429226458
comp_clock_only	1000	53	1999781448333082951	50241681	1188590897
comp_clock_only	1000	54	15528798274317736324	952983030	648160377
comp_clock_only	1000	55	3962646915573531309	1842380921	1795278421
comp_clock_only	1000	56	3416770921587032059	618733984	539007187
comp_clock_only	1000	57	14470963237787775826	705921448	1493926072
comp_clock_only	1000	58	13332522638913703979	2035767247	252125763
comp_clock_only	1000	59	8519581202999540268	94083717	686049897
comp_clock_only	1000	60	13579297719636920644	1609052187	469059083
comp_clock_only	1000	61	12082604806768909594	686233791	1168754950
comp_clock_only	1000	62	13390597821378246928	2007838478	1096415507
comp_clock_only	1000	63	14523961376130932563	683606741	1814839679
comp_clock_only	1000	64	5329865734006460861	291567723	1251630022
comp_clock_only	1000	65	6388218609301997046	1270557599	1397974475
comp_clock_only	1000	66	12795429058633945603	1572771648	1509082440
comp_clock_only	1000	67	840142179393019481	1812516695	430472859
comp_clock_only	1000	68	10865103140904015931	858392250	1598268833
comp_clock_only	1000	69	10866951964978649206	1707332100	1686040647
comp_clock_only	1000	70	5203231673887841892	446433527	1609165525
comp_clock_only	1000	71	16543095793359441659	469527565	914849648
comp_clock_only	1000	72	8843828576395378022	921928366	1475020241
comp_clock_only	1000	73	5206647402709635397	897710454	787582801
comp_clock_only	1000	74	18002136974037515559	1542972612	1824466137
comp_clock_only	1000	75	10143716880346142844	2139409032	818933514
comp_clock_only	1000	76	17165496379948147652	1895972368	933890388
comp_clock_only	1000	77	3222845945562788519	1847910187	514628753
comp_clock_only	1000	78	615217023445928888	1382232461	100965844
comp_clock_only	1000	79	6618447553932680178	124265516	2044945994
comp_clock_only	1000	80	7704942802067971435	152186608	1114752060
comp_clock_only	1000	81	12145155233954634873	720017216	788585153
comp_clock_only	1000	82	1779907860358693741	1786725306	22487942
comp_clock_only	1000	83	1686992931631237616	1267877001	1776796146
comp_clock_only	1000	84	3910693609811635457	559467535	1550477198
comp_clock_only	1000	85	1387511499932176265	2040911044	146449486
comp_clock_only	1000	86	12219433895398247354	234355831	603824223
comp_clock_only	1000	87	16007965764964188707	351168352	575299044
comp_clock_only	1000	88	13911342455523214011	2045425593	941066942
comp_clock_only	1000	89	18188016872038917968	1473470993	119751227
comp_clock_only	1000	90	15017800428106492358	1325073857	1667707591
comp_clock_only	1000	91	17163251351653393044	993367645	1458533978
comp_clock_only	1000	92	5024257091452848661	464834650	28907304
comp_clock_only	1000	93	4913720727894412475	945020777	1558877152
comp_clock_only	1000	94	4956196716724727953	2116953522	1279602847
comp_clock_only	1000	95	408806621098189982	625580878	1556835028
comp_clock_only	1000	96	13211471719314592391	939336547	1369919535
comp_clock_only	1000	97	1105678900757859696	1106057149	974654168
comp_clock_only	1000	98	16298167804889537332	945256468	1186145879
comp_clock_only	1000	99	18033273531378282587	408394767	1192527321
comp_clock_only	10000	0	8204602582977609699	51875342	147100069
comp_clock_only	10000	1	13798645212177250984	1454204692	380201972
comp_clock_only	10000	2	10113592497444450803	1855651997	568509144
comp_clock_only	10000	3	7522502929503367178	395306282	135465895
comp_clock_only	10000	4	8668275271769733767	1313329433	320257131
comp_clock_only	10000	5	16081523721431138013	752572223	1944093472
comp_clock_only	10000	6	2697233758063129359	1551934537	709616780
comp_clock_only	10000	7	18257600725360761507	177554755	508396360
comp_clock_only	10000	8	1391884772027806	1603633825	610950127
comp_clock_only	10000	9	6469170463447098820	903439356	1888266699
comp_clock_only	10000	10	7900092221520237988	35669475	2064243874
comp_clock_only	10000	11	4029495536081694076	1413394332	39923375
comp_clock_only	10000	12	13273772342813082591	1900880737	1746628847
comp_clock_only	10000	13	8160901718578971473	604990347	409855528
comp_clock_only	10000	14	4045865359732250473	248197902	641719744
comp_clock_only	10000	15	12258917806021853342	1156838579	1277042192
comp_clock_only	10000	16	6160812815689873348	1307405940	1563796885
comp_clock_only	10000	17	4893297605031201882	320070878	2081815228
comp_clock_only	10000	18	11957535046457373075	1630887707	475856533
comp_clock_only	10000	19	15151038596110412435	1409710776	201732963
comp_clock_only	10000	20	2170808215828864638	1110206878	1339365603
comp_clock_only	10000	21	4099130789274746208	518720121	179898867
comp_clock_only	10000	22	16460595040249588323	340191379	1628109211
comp_clock_only	10000	23	14474927875948751025	1766399708	1197438857
comp_clock_only	10000	24	8176394096356468093	495918235	640007026
comp_clock_only	10000	25	13273592790036887473	597228564	370871179
comp_clock_only	10000	26	3921476437350106675	91976116	1556614231
comp_clock_only	10000	27	9570923332968043933	2086794471	864382965
comp_clock_only	10000	28	3769986775958778208	27823446	550151541
comp_clock_only	10000	29	6803848624515133502	1216288374	1816846709
comp_clock_only	10000	30	6090586548668161527	1319485244	1433770756
comp_clock_only	10000	31	16757426641255597199	330115112	1437841402
comp_clock_only	10000	32	3535269206515290558	1560703843	1525676335
comp_clock_only	10000	33	10353982043413671355	439836914	533469683
comp_clock_only	10000	34	3320403644705876824	1271400829	260779788
comp_clock_only	10000	35	18038364625492961952	861228747	772901864
comp_clock_only	10000	36	15231973252417000578	1885237047	812230826
comp_clock_only	10000	37	15923493189800379474	923857771	1028690637
comp_clock_only	10000	38	13485465250874620936	718802362	1466866459
comp_clock_only	10000	39	14015372794913392060	548553741	1489603592
comp_clock_only	10000	40	6213755002057281930	2019299742	1875135989
comp_clock_only	10000	41	11889736288290838738	725492356	997651790
comp_clock_only	10000	42	1262384646308211521	1939008686	490379692
comp_clock_only	10000	43	12451246576451371752	612699428	446442211
comp_clock_only	10000	44	5213797617654507833	578807841	609011290
comp_clock_only	10000	45	1377779603232374432	1574064578	1727053407
comp_clock_only	10000	46	10997152645217130346	851998889	662514825
comp_clock_only	10000	47	15180524534782762418	1947241103	305195110
comp_clock_only	10000	48	13805416410990828123	2095027645	1137796204
comp_clock_only	10000	49	5182646200693008672	1913537943	1895459362
comp_clock_only	10000	50	8629337469522284110	1764918048	2109158491
comp_clock_only	10000	51	2298662465441584513	161140767	2023492767
comp_clock_only	10000	52	10071039914355419127	1740634952	1066263857
comp_clock_only	10000	53	9329817312960554374	1979804857	389424606
comp_clock_only	10000	54	13823897177338140690	1816023563	1191162370
comp_clock_only	10000	55	9404836097153943278	1932777751	549888899
comp_clock_only	10000	56	8869911841263001473	1296676533	2044032616
comp_clock_only	10000	57	706533137000724799	404648611	761228817
comp_clock_only	10000	58	4155075127336955686	887701967	855575961
comp_clock_only	10000	59	9724791904475652285	186108523	301025819
comp_clock_only	10000	60	16231845378799578169	386360124	96011740
comp_clock_only	10000	61	8627565537664957021	1936812080	263089875
comp_clock_only	10000	62	2007587786752140458	2146423820	1531710401
comp_clock_only	10000	63	1598893338831265004	84336189	859744455
comp_clock_only	10000	64	11932783854764293419	1492092241	1626412760
comp_clock_only	10000	65	6382273737517081792	1538437455	1460833977
comp_clock_only	10000	66	15166449221156503967	412269821	835002733
comp_clock_only	10000	67	5404484725940012418	576210243	275289076
comp_clock_only	10000	68	9606744051465727552	1818332528	2108859137
comp_clock_only	10000	69	15417526188585946236	384713672	533478652
comp_clock_only	10000	70	8793990796967053352	1726422104	842578421
comp_clock_only	10000	71	3857682276338651136	1699089124	1749296295
comp_clock_only	10000	72	7315744332614029690	1279961011	1534367660
comp_clock_only	10000	73	5054315948223109453	32653107	2036038393
comp_clock_only	10000	74	15721439735070793631	1908010301	721926014
comp_clock_only	10000	75	18244445125063520758	1443763633	1761506578
comp_clock_only	10000	76	15797848315147938413	931078615	251349276
comp_clock_only	10000	77	12176521370017912532	523182882	871754827
comp_clock_only	10000	78	8374769318386596401	542931708	1063360026
comp_clock_only	10000	79	6017363596273624937	1027061932	692339665
comp_clock_only	10000	80	8518627432358827663	1976205190	233643244
comp_clock_only	10000	81	8562793945388220400	2132071084	553085537
comp_clock_only	10000	82	3299066813077533900	1322236001	109154945
comp_clock_only	10000	83	1958738009632376415	445204482	394363781
comp_clock_only	10000	84	4351388597327103906	1763303306	1046862788
comp_clock_only	10000	85	5302315033775829379	1762962516	231891294
comp_clock_only	10000	86	9446120652930859703	1504842697	1490739491
comp_clock_only	10000	87	9031924863252811346	1047301163	4878362
comp_clock_only	10000	88	3896609429169536576	1807176695	2144631213
comp_clock_only	10000	89	15421343261483911188	687431431	211194439
comp_clock_only	10000	90	198792107811113039	216727921	1663286778
comp_clock_only	10000	91	9902834869649671247	1399435772	1211036373
comp_clock_only	10000	92	11472571444537527857	12979350	1757770359
comp_clock_only	10000	93	14284140490614584130	969370920	1734085542
comp_clock_only	10000	94	11830557809573282350	346552330	1032264410
comp_clock_only	10000	95	13267145777794088406	1343657706	562357133
comp_clock_only	10000	96	1065538605685021351	753119087	1983862332
comp_clock_only	10000	97	3946387287870899254	272556728	660595846
comp_clock_only	10000	98	10571537512842717710	1606589104	1247622914
comp_clock_only	10000	99	5571844638427700655	312427695	1903584816
comp_mmr	100	0	5972924730034738981	1432205384	131715343
comp_mmr	100	1	5702834695696216203	1146631715	649122479
comp_mmr	100	2	1206529405541918267	805249529	2136804725
comp_mmr	100	3	17500521532959680489	1355058982	901726699
comp_mmr	100	4	13730029433897070850	1056858891	884924635
comp_mmr	100	5	8369716954416609129	60490920	1257426602
comp_mmr	100	6	7105078572815388066	1188545699	368876742
comp_mmr	100	7	4072961963481846557	1458615100	1180005405
comp_mmr	100	8	8961423498127407269	1658622011	267166789
comp_mmr	100	9	17324774242893459885	199477663	2089652254
comp_mmr	100	10	331890721097786651	1907429797	857448444
comp_mmr	100	11	15277561921228959368	136678066	1599303722
comp_mmr	100	12	4832243590429319037	288201003	467427865
comp_mmr	100	13	10519926099735440629	634679956	1351530757
comp_mmr	100	14	17172419780925327692	367969248	1145485073
comp_mmr	100	15	530287326118986659	2091515320	1207177983
comp_mmr	100	16	1009322255768756818	1688742940	200325249
comp_mmr	100	17	12253047805951066365	253789341	1745277280
comp_mmr	100	18	8811398948849257193	1869141723	259640409
comp_mmr	100	19	15828700325211141757	1681801791	1639359347
comp_mmr	100	20	7732832216110136981	350164696	323582817
comp_mmr	100	21	8339793463993314429	2113638568	2099402287
comp_mmr	100	22	10127058711089730798	601485358	518118700
comp_mmr	100	23	15396798279718029761	1724881630	922866996
comp_mmr	100	24	16761554659475439425	18119602	1973138347
comp_mmr	100	25	8979938768227508370	934675501	123170960
comp_mmr	100	26	5606297540562959206	1792346149	523421196
comp_mmr	100	27	6893908170853145264	634384093	1043072603
comp_mmr	100	28	81305383023270447	1897980501	2113240812
comp_mmr	100	29	4608707655559669692	1437783714	1858200326
comp_mmr	100	30	10352458904692204704	522511278	1743098411
comp_mmr	100	31	4843685457096110626	975002432	1406369537
comp_mmr	100	32	12156084450556055532	946598145	1421886270
comp_mmr	100	33	4934394961606806071	1971270932	1462482976
comp_mmr	100	34	16850435886940134639	89664406	225098687
comp_mmr	100	35	9953575017445180647	11552011	1510198089
comp_mmr	100	36	15004546125539028644	1934522650	1283106796
comp_mmr	100	37	12289845552873453314	1425190777	629114393
comp_mmr	100	38	13311483774583344796	2038059505	1596067895
comp_mmr	100	39	11012405785443342317	435327435	1743769690
comp_mmr	100	40	9695804137543828038	1224173834	1159144359
comp_mmr	100	41	15529248968396700899	1516663145	1930726140
comp_mmr	100	42	8749645898866988636	827494901	1958938435
comp_mmr	100	43	15684438420630422320	595124276	1994230534
comp_mmr	100	44	3770839324888717859	813104248	199837428
comp_mmr	100	45	9291903514477383338	107674805	1576684365
comp_mmr	100	46	10227974904691514998	465955335	886204591
comp_mmr	100	47	18033783390762362178	882912936	550218414
comp_mmr	100	48	14956434519934722867	908154606	1440891553
comp_mmr	100	49	2786685388885780662	1784323900	1676748481
comp_mmr	100	50	1535998123676025353	311899443	1859402050
comp_mmr	100	51	15536012140444426541	855543765	137554996
comp_mmr	100	52	17008299451466716926	459002362	1685144934
comp_mmr	100	53	2256192641563441062	287001125	1813402654
comp_mmr	100	54	14293889191716115466	2089462613	1330111338
comp_mmr	100	55	3170604288149549924	322150982	334717295
comp_mmr	100	56	6257372966475313079	2033112688	193732714
comp_mmr	100	57	8727429536684988721	212849305	365650784
comp_mmr	100	58	4939053455100858801	291717473	840448984
comp_mmr	100	59	10934601612287885386	1675550885	1808450005
comp_mmr	100	60	7874600131093761018	1171442664	2103905935
comp_mmr	100	61	3876812707780161786	1133237905	1349997901
comp_mmr	100	62	12679708161590596435	279634378	1652709125
comp_mmr	100	63	6722956726948743894	2040971474	778611066
comp_mmr	100	64	16937560906285783108	411413720	1329361804
comp_mmr	100	65	14835945371407088975	470156655	1870597272
comp_mmr	100	66	16074187876278416797	1180181576	1610409632
comp_mmr	100	67	7416804285579624946	183613988	2042570802
comp_mmr	100	68	15419775143546144168	1250821799	294853818
comp_mmr	100	69	1460222618044242750	1734521508	1239950196
comp_mmr	100	70	10861503270908169742	1148392160	1251007927
comp_mmr	100	71	8858710161263831267	572988741	1159968577
comp_mmr	100	72	12416907661298900704	335808248	475945954
comp_mmr	100	73	11932833343736153871	1206952398	1706254098
comp_mmr	100	74	17659332916999936829	425863535	2134100628
comp_mmr	100	75	1262576861100460893	25841350	1705071053
comp_mmr	100	76	8769501102710646360	188632937	1016111271
comp_mmr	100	77	12803460440819547354	1713432226	113097388
comp_mmr	100	78	17278603132227607833	487134235	1786924136
comp_mmr	100	79	11851428987186819396	1493735716	1812918105
comp_mmr	100	80	17939694280342509259	953144558	1936895950
comp_mmr	100	81	12078991408780715137	1659644656	237129882
comp_mmr	100	82	8852429336529778212	1049669901	961548322
comp_mmr	100	83	11221314144616890381	2055513529	637869540
comp_mmr	100	84	17523043769147966991	1903274422	1757685854
comp_mmr	100	85	7297038611310330880	1258398453	1432775559
comp_mmr	100	86	164912827944551170	710522060	1807696494
comp_mmr	100	87	14675961528910086759	275413658	2086300788
comp_mmr	100	88	17101520655051549259	1562172069	351232141
comp_mmr	100	89	3537941182226839600	1215064660	1279612770
comp_mmr	100	90	13117022352717830074	1121436376	1796728728
comp_mmr	100	91	1273131974174629366	1185062866	1314590463
comp_mmr	100	92	13808182318874970684	38868601	1063336344
comp_mmr	100	93	10586878835749202892	461791015	26199042
comp_mmr	100	94	3805155375696738607	440033618	2145003051
comp_mmr	100	95	2602502439403971262	1175677321	1293450811
comp_mmr	100	96	3010116786424494132	209121992	374172090
comp_mmr	100	97	4304767002596027397	1990824444	1101423107
comp_mmr	100	98	2212561808971556963	2041507366	670805603
comp_mmr	100	99	6848698864604845184	344725831	1489344568
comp_mmr	1000	0	11312223449983860568	158455152	1498921485
comp_mmr	1000	1	8559751348388267424	2005477002	2033856270
comp_mmr	1000	2	7609587223276121014	707351770	362558638
comp_mmr	1000	3	14106621001410477594	21942950	422909600
comp_mmr	1000	4	11767899080491458822	1042271741	1285530057
comp_mmr	1000	5	9569689266629876592	1459310158	45267353
comp_mmr	1000	6	3583111989266067472	1768393174	557388194
comp_mmr	1000	7	3053773228782838728	302088518	1118781143
comp_mmr	1000	8	18356501865065859765	1986011324	596467185
comp_mmr	1000	9	4120338828254212904	1270982069	1549026687
comp_mmr	1000	10	15852573746507335803	840954066	1241646297
comp_mmr	1000	11	5060633590727569597	890712700	1941682581
comp_mmr	1000	12	17701651527819020295	1055242855	894011965
comp_mmr	1000	13	5727409453226663226	1954847099	322373641
comp_mmr	1000	14	17079174058353199275	1681656168	461641596
comp_mmr	1000	15	5370141985292606179	2054077180	486152450
comp_mmr	1000	16	7396540445056404418	725206256	320125740
comp_mmr	1000	17	1318308338310265454	197029270	1941265719
comp_mmr	1000	18	2374084148002920834	565028085	1878877018
comp_mmr	1000	19	12628679775196147498	1650545912	75358798
comp_mmr	1000	20	12040983237963023710	2059114143	349105877
comp_mmr	1000	21	6295028452467393394	329744246	732805071
comp_mmr	1000	22	11830154462585893371	391729006	1049450519
comp_mmr	1000	23	12418586324470895422	633572429	311847744
comp_mmr	1000	24	14330712558161869715	504251650	279798549
comp_mmr	1000	25	10396957564694988584	1895057228	2096572738
comp_mmr	1000	26	2580605786540768637	1853438879	1408059079
comp_mmr	1000	27	10181402708705849205	1508487166	1550624647
comp_mmr	1000	28	5603637131616547797	45341356	595822443
comp_mmr	1000	29	2669296428202842897	490758574	1202409053
comp_mmr	1000	30	7802707019764598643	1776414184	962838098
comp_mmr	1000	31	15950065787096636078	1101812316	221858053
comp_mmr	1000	32	10698902806370634642	679309656	141707542
comp_mmr	1000	33	13702783525462303866	821498068	793648825
comp_mmr	1000	34	2161541476236681287	13205265	154384653
comp_mmr	1000	35	1024405760687272721	214220744	1213097666
comp_mmr	1000	36	18101730179329137117	1678997719	792987729
comp_mmr	1000	37	3387401640937410882	1644290164	1742152708
comp_mmr	1000	38	7051644720368651926	1199445257	1828490914
comp_mmr	1000	39	346757932144433081	74936386	629622486
comp_mmr	1000	40	14981972433355327717	225732381	2067419024
comp_mmr	1000	41	11229463401532641111	1300594191	328739865
comp_mmr	1000	42	190245481496339471	1551489254	2121468672
comp_mmr	1000	43	12489596143891043329	1908276843	1580832622
comp_mmr	1000	44	15414251553617536288	1693206286	1278914662
comp_mmr	1000	45	4255300412333584429	1238431186	1516525327
comp_mmr	1000	46	17451220978605105688	849618778	712887690
comp_mmr	1000	47	4215375386519608802	1931644034	882231524
comp_mmr	1000	48	2517695149517661600	1062985919	2146008025
comp_mmr	1000	49	6751897711899799738	1195900908	900852543
comp_mmr	1000	50	13578151702789331877	2057028555	1654850297
comp_mmr	1000	51	1546225775731858786	2142886188	1433192418
comp_mmr	1000	52	3162057061904084179	262178961	1872076907
comp_mmr	1000	53	14592281820834870474	2049298698	342846703
comp_mmr	1000	54	10773334417189855182	1214477482	627877398
comp_mmr	1000	55	15659546918039407112	1089952122	1916924890
comp_mmr	1000	56	13496963497672655219	1621014567	117325412
comp_mmr	1000	57	8875876137679879920	248328893	586765967
comp_mmr	1000	58	1888975021845464431	513459777	655671447
comp_mmr	1000	59	18050796998418858929	811749877	425895918
comp_mmr	1000	60	4095121859224012116	1074132896	1976761120
comp_mmr	1000	61	2258449996088701420	143099059	2058222056
comp_mmr	1000	62	13884148770785349008	1166595180	1807260418
comp_mmr	1000	63	13882923912028577051	365264966	292102738
comp_mmr	1000	64	13274063659961169444	894715705	2125871299
comp_mmr	1000	65	9778841616632109227	2166567	964643560
comp_mmr	1000	66	8145456829241448312	1784034169	246716392
comp_mmr	1000	67	13996099737952300360	1511424844	1394852476
comp_mmr	1000	68	12497065074220881661	392087070	137852735
comp_mmr	1000	69	4012821840248888081	220052053	1795770747
comp_mmr	1000	70	6525148443882227398	1398616520	322219135
comp_mmr	1000	71	9590701950984920437	226230004	1633774083
comp_mmr	1000	72	8986140400373303522	1263003007	1191108894
comp_mmr	1000	73	1444060296067236975	401959740	993708926
comp_mmr	1000	74	23917111981195835	756164195	1043624567
comp_mmr	1000	75	1865386226723728410	1881942717	800563956
comp_mmr	1000	76	2177506076505546393	2061014753	2009178388
comp_mmr	1000	77	16950115709819624542	1742090378	1212848105
comp_mmr	1000	78	13580619320649590383	1315514508	292136782
comp_mmr	1000	79	7955440147882758208	1423357635	841236187
comp_mmr	1000	80	4341439557353615820	1239999506	691904201
comp_mmr	1000	81	17922888929176959286	29126519	982741880
comp_mmr	1000	82	14531947869612336393	614331770	2001809113
comp_mmr	1000	83	15604221637182789175	464027448	1398488746
comp_mmr	1000	84	5800831286255355982	177669483	344237039
comp_mmr	1000	85	1207835525089058450	1551585938	1646936684
comp_mmr	1000	86	3023282847365015925	1801995924	1715373993
comp_mmr	1000	87	3906991014982301034	1394590625	630961583
comp_mmr	1000	88	9346172373696204046	535804516	230877630
comp_mmr	1000	89	6663280474559671077	1383731167	841055401
comp_mmr	1000	90	2365999756926065826	681286755	1154044625
comp_mmr	1000	91	3643806508216257793	1129290492	83285208
comp_mmr	1000	92	3067587245899243588	294115573	2091505059
comp_mmr	1000	93	1441609312418793683	144343985	1665424247
comp_mmr	1000	94	7732346488959304237	1435382649	374733112
comp_mmr	1000	95	14745445972499266497	1440889332	1611594725
comp_mmr	1000	96	5609449074708752847	1692179565	1914693214
comp_mmr	1000	97	6944409485520023368	732269834	402050176
comp_mmr	1000	98	16315826105191618496	388351602	173439697
comp_mmr	1000	99	15328268569780320709	421713802	1421633088
comp_mmr	10000	0	15239609436085337946	30194121	1714161248
comp_mmr	10000	1	3474842223144294283	743770132	861794341
comp_mmr	10000	2	1031641377601778295	365641943	605303139
comp_mmr	10000	3	15829583838651038397	397456226	505175680
comp_mmr	10000	4	2808351548722843609	2108455248	883012511
comp_mmr	10000	5	13584876917944831253	387051609	1256123441
comp_mmr	10000	6	16270320262232417519	1406526937	645649235
comp_mmr	10000	7	16716964792003765050	1212605350	1290875511
comp_mmr	10000	8	15414212298263183905	1759708962	358607180
comp_mmr	10000	9	13005030936196566381	959997012	23740686
comp_mmr	10000	10	3561011460664782945	405655311	1302940886
comp_mmr	10000	11	17350998857400930613	1420657079	38295487
comp_mmr	10000	12	12811569072218147374	1938427731	1301937879
comp_mmr	10000	13	10465934099318758461	726970121	317773630
comp_mmr	10000	14	17649171736648999847	1533779930	608134636
comp_mmr	10000	15	13837397666036720965	364562333	237607234
comp_mmr	10000	16	460131570976188293	2139503976	931091830
comp_mmr	10000	17	10973306160359539440	473492953	2028870161
comp_mmr	10000	18	1186367984730420839	29713669	2018469135
comp_mmr	10000	19	9526360846669960077	1125298847	2029268349
comp_mmr	10000	20	17741569500964158796	579301938	1493984153
comp_mmr	10000	21	16151281610308124519	743100164	1189403609
comp_mmr	10000	22	12062764617676715014	410238831	236376946
comp_mmr	10000	23	13797947909595076224	125336227	1478344708
comp_mmr	10000	24	10405542637421906524	83482245	1192119655
comp_mmr	10000	25	6614716275540065189	125027243	309344298
comp_mmr	10000	26	11385121992941340728	1259070926	1421115733
comp_mmr	10000	27	1094691821582581995	1033501350	1056517357
comp_mmr	10000	28	1718871335687758960	272421823	1665968800
comp_mmr	10000	29	7113879958105761126	876892317	353574653
comp_mmr	10000	30	15374562339848260671	1363503138	1142754109
comp_mmr	10000	31	16223195367290479671	1432698984	1420655710
comp_mmr	10000	32	16699938037896870802	1386961332	2034905937
comp_mmr	10000	33	3421176575185608847	812967710	121768771
comp_mmr	10000	34	2218507676538778861	1207144867	286230413
comp_mmr	10000	35	16451306573075263515	1501491157	1498090021
comp_mmr	10000	36	5662255522590434736	708528231	612678550
comp_mmr	10000	37	10846499928235802772	931894284	1304511297
comp_mmr	10000	38	17236859595171261732	1454964533	1242988692
comp_mmr	10000	39	585035198780808191	254088856	756789486
comp_mmr	10000	40	13929457422501865145	1310103505	1836907611
comp_mmr	10000	41	12416193720493063822	651855925	622906492
comp_mmr	10000	42	2101669043867156407	305204139	1810517327
comp_mmr	10000	43	4002848740001615443	1779027642	1922980992
comp_mmr	10000	44	11867534288933188860	1265043218	1000021613
comp_mmr	10000	45	10096853543246011160	378895111	1921555256
comp_mmr	10000	46	16757660315632931563	306643323	1970562250
comp_mmr	10000	47	11945912419352413108	570376158	1501054312
comp_mmr	10000	48	3121146303324760070	1236920831	86630177
comp_mmr	10000	49	12390678343049461523	825349317	1919737791
comp_mmr	10000	50	11367994000768270836	493913022	1536790528
comp_mmr	10000	51	14302398668205486786	1129020324	1780389299
comp_mmr	10000	52	2826632208772442822	1685190213	1385543782
comp_mmr	10000	53	11045481651891171658	1818610864	162775933
comp_mmr	10000	54	16518348251053440865	1541802113	2072093047
comp_mmr	10000	55	3791009831737114368	1057211315	1388182223
comp_mmr	10000	56	3563263857361962937	1543870231	1692160821
comp_mmr	10000	57	6510910873428719040	1569891586	1196057033
comp_mmr	10000	58	10694095553981331809	989374233	762373515
comp_mmr	10000	59	17797990328837773887	939376938	356693787
comp_mmr	10000	60	7120028637852070385	975219890	411874317
comp_mmr	10000	61	5290885219954037899	1920797720	1626544710
comp_mmr	10000	62	2789292566861275818	1622161650	1566833049
comp_mmr	10000	63	10659909512336751156	1091751471	1150927904
comp_mmr	10000	64	4944882592982713167	1563413230	1679113638
comp_mmr	10000	65	10188542063481160238	1686419378	1222453227
comp_mmr	10000	66	2316453189615433406	838691171	1508278891
comp_mmr	10000	67	8895075303298539107	37840453	1773087804
comp_mmr	10000	68	6189431634694754403	587841753	1030602084
comp_mmr	10000	69	2848834549947426623	1739297540	1218107017
comp_mmr	10000	70	4083636361972657583	1611154766	1243634419
comp_mmr	10000	71	2725607297536650733	203115165	62736812
comp_mmr	10000	72	3567373285393306112	1423668050	2095649375
comp_mmr	10000	73	8515497038051588651	682366745	762145120
comp_mmr	10000	74	11534781242870320680	928676504	2077161240
comp_mmr	10000	75	16877632999472275750	172405867	1441568522
comp_mmr	10000	76	1527422090692101059	1692793458	2122847489
comp_mmr	10000	77	14633657081090733335	1961896151	89564679
comp_mmr	10000	78	16132581739323234719	772053150	100675401
comp_mmr	10000	79	18060723108237301034	868256588	1635115627
comp_mmr	10000	80	11869855638556653317	1977709223	1326267518
comp_mmr	10000	81	8319778444698566558	321115257	27217466
comp_mmr	10000	82	17940091482359599026	2028797145	286438451
comp_mmr	10000	83	11388705470158212655	1938279489	1595100836
comp_mmr	10000	84	537880705643028335	704824622	584661997
comp_mmr	10000	85	11166211439651967939	1970479283	1271353336
comp_mmr	10000	86	7790297360885271238	2063741975	1520051219
comp_mmr	10000	87	4780052521609782073	1987232259	1799721459
comp_mmr	10000	88	5702669272227603420	246889576	1724818396
comp_mmr	10000	89	5154852411240510804	295640513	1460594272
comp_mmr	10000	90	1573263244209770074	1122617943	734532901
comp_mmr	10000	91	17112360893632842398	1713619616	1995510848
comp_mmr	10000	92	7855944953969588008	878438581	1582477007
comp_mmr	10000	93	4286836435500443108	1832368114	947436164
comp_mmr	10000	94	1550115341273463667	1631379293	1433121993
comp_mmr	10000	95	884814158751634149	542347722	1753159194
comp_mmr	10000	96	1296696041682312834	1462207761	23745762
comp_mmr	10000	97	597898259529542348	668280839	411880882
comp_mmr	10000	98	11043869335523612238	1958226012	2096250715
comp_mmr	10000	99	16905985653647237698	1434682399	201131027
comp_pole	100000	0	11969503232702240273	359540943	393862405
comp_pole	100000	1	13315445377574881393	650466976	1228008854
comp_pole	100000	2	6027568235839378801	1201077553	2064979248
comp_pole	100000	3	16579582570588868354	1849728049	1035587725
comp_pole	100000	4	10987402736259204390	1827462556	970694457
comp_pole	100000	5	1443473806007758426	54051638	1367495908
comp_pole	100000	6	3476615812705904169	289260837	1345029910
comp_pole	100000	7	17631523887323194758	755985863	918350366
comp_pole	100000	8	5898615416547478920	1760813566	1322192986
comp_pole	100000	9	373174100975713670	1406375811	915973433
comp_pole	100000	10	7566023047774657435	102538447	1592138605
comp_pole	100000	11	17032456433981295611	1905592311	1641527119
comp_pole	100000	12	6337665133173362661	145068276	1362846367
comp_pole	100000	13	11802804793039522103	1719663289	1418218092
comp_pole	100000	14	5407091008167297027	1786511661	883779325
comp_pole	100000	15	15483754750309863009	1127591258	1008126953
comp_pole	100000	16	4413796297325321055	1059241330	1229473483
comp_pole	100000	17	9505794916902025455	1689902530	957653474
comp_pole	100000	18	14902810085065999567	99012767	2118027219
comp_pole	100000	19	103748336149953577	858573495	1504946610
comp_pole	100000	20	9998893077275003511	994876373	1255547117
comp_pole	100000	21	1880020156413590534	328741902	841095355
comp_pole	100000	22	13472439666419509318	980669217	1453051254
comp_pole	100000	23	15835759066316103831	2022274343	279764086
comp_pole	100000	24	10862093113151195965	1624465442	1012164423
comp_pole	100000	25	4916699410724497174	635350681	1618882348
comp_pole	100000	26	1524392694262999652	1769310187	1518417209
comp_pole	100000	27	16039391610852807729	877970375	144871549
comp_pole	100000	28	1946278731576087316	1553388194	2140287532
comp_pole	100000	29	7519973194044446751	1132277440	1668927656
comp_pole	100000	30	5968874281967150830	1978091242	862096375
comp_pole	100000	31	12806333250028487886	1609684686	346686167
comp_pole	100000	32	11032836684618131782	2096000478	1898644951
comp_pole	100000	33	7055172613229970815	35967153	1480084400
comp_pole	100000	34	13684667399288097634	24683514	981888175
comp_pole	100000	35	10873226314026188769	138318150	866535597
comp_pole	100000	36	8367954105047620879	1909913979	271093845
comp_pole	100000	37	3910503286453159812	610079865	198796741
comp_pole	100000	38	9957330841193872014	1555460286	78414145
comp_pole	100000	39	12701457986091983347	817714842	26764413
comp_pole	100000	40	17433254078003690897	1609027920	1566455631
comp_pole	100000	41	12123539589587244806	1057203000	115153093
comp_pole	100000	42	16902175299066274182	1357514217	1386973774
comp_pole	100000	43	11200911411604090367	1307295509	1316549136
comp_pole	100000	44	1603168032065798983	421751877	1767274412
comp_pole	100000	45	10692658822268509622	298294990	984403105
comp_pole	100000	46	2120220243973848063	1538463530	1125684667
comp_pole	100000	47	7806476185208154644	2058261172	1845407730
comp_pole	100000	48	5152950750734593212	121002636	95468752
comp_pole	100000	49	10720059881555993139	716839264	1004197199
comp_pole	100000	50	392033123484363457	2104574075	1622546215
comp_pole	100000	51	3471437144273008520	825428431	1858218724
comp_pole	100000	52	11332360269958792437	313597179	2089332059
comp_pole	100000	53	14534384125858405120	1167514905	149471993
comp_pole	100000	54	10123472784469526479	1928523395	74558751
comp_pole	100000	55	14609208280966792314	398126012	567887806
comp_pole	100000	56	2353054876136811921	1547678206	1191194004
comp_pole	100000	57	444195783741493604	1196032883	358888050
comp_pole	100000	58	642466124610560196	346943871	710600653
comp_pole	100000	59	7744527245691976209	331058878	498694065
comp_pole	100000	60	16767827147084233867	1223950845	1046638662
comp_pole	100000	61	13253087328260579551	359573495	2076751591
comp_pole	100000	62	242272457020881318	1689936808	681249241
comp_pole	100000	63	7960295522123942251	740002317	2076226819
comp_pole	100000	64	6119952774999637067	481941547	1713325242
comp_pole	100000	65	3804002821045116111	1528975421	435364246
comp_pole	100000	66	3706581120771534282	1444742186	1097903337
comp_pole	100000	67	12214749190802429925	1344567417	82264621
comp_pole	100000	68	17417898168100347727	1934495660	1028121148
comp_pole	100000	69	2485689330352221416	1243915025	1118361264
comp_pole	100000	70	4922938327125491264	334334840	333168927
comp_pole	100000	71	2728453505545913107	556798646	387903906
comp_pole	100000	72	5236890449221686914	422961289	1800723755
comp_pole	100000	73	468487347469911412	205831626	389266916
comp_pole	100000	74	17690702928505940560	408406740	1696352858
comp_pole	100000	75	7766401674047297917	310248727	525585562
comp_pole	100000	76	1211452832157388318	254419623	1307600197
comp_pole	100000	77	8477523739597358775	691803910	1337407445
comp_pole	100000	78	18221506149518092162	1101009024	1098104168
comp_pole	100000	79	14863949159953070548	1570493600	1020685641
comp_pole	100000	80	1438603548132538768	1304030774	7673437
comp_pole	100000	81	7173223756949198394	579518578	207383030
comp_pole	100000	82	10512063882718524589	797507655	1328969532
comp_pole	100000	83	10295888601290435507	653179262	1315774952
comp_pole	100000	84	7968646695646665495	2146806804	772079667
comp_pole	100000	85	10814277868563859582	1067211927	180654758
comp_pole	100000	86	1758469594768969888	1714890522	683870848
comp_pole	100000	87	8511017820394940343	1259007076	2052598073
comp_pole	100000	88	8145985062075219797	2042477066	2137788573
comp_pole	100000	89	12391619412450374002	1294113913	1929561074
comp_pole	100000	90	8492539269460515121	1176248267	565239824
comp_pole	100000	91	11772391520570360735	791931922	528260570
comp_pole	100000	92	10160688321364526090	2081063345	613980060
comp_pole	100000	93	10808514496322258755	1112233523	1563946736
comp_pole	100000	94	16586093875953920007	1921458093	1210651441
comp_pole	100000	95	5462996644021667168	397809192	825649381
comp_pole	100000	96	8066413781631669287	330017413	1496834413
comp_pole	100000	97	2860344179560762627	1762516988	1060542445
comp_pole	100000	98	3951177683034640735	1271056137	165715574
comp_pole	100000	99	13781715836579984226	1640733734	115838677
comp_pole	300000	0	13546209243446205156	1670321807	925015825
comp_pole	300000	1	15514714188542804549	1445908042	1086405173
comp_pole	300000	2	12016511404181226461	2045017375	1733462523
comp_pole	300000	3	1587587679469721441	670060749	1730605242
comp_pole	300000	4	15681381810848535822	312417634	630933986
comp_pole	300000	5	2099290161403644	1245072598	432141441
comp_pole	300000	6	15099383192117566147	102100954	1014786219
comp_pole	300000	7	4677187492653531725	942587673	1020675016
comp_pole	300000	8	4451555728137522462	1478715904	68541805
comp_pole	300000	9	5523222690161780691	1715239454	1411277447
comp_pole	300000	10	10535337220941102840	981479401	657689250
comp_pole	300000	11	11833370529873003961	773071890	892189948
comp_pole	300000	12	17545803271479078957	1769191480	1829689687
comp_pole	300000	13	9377309476729899761	1270988609	72439925
comp_pole	300000	14	4951178483277236115	728383125	1926330689
comp_pole	300000	15	13739662691610970969	1360239169	974612668
comp_pole	300000	16	11337670810694002790	807362491	1430045951
comp_pole	300000	17	9451219902780415772	1937302817	42074606
comp_pole	300000	18	12198584206514689016	1266504077	445987602
comp_pole	300000	19	17990932403731675834	1680885377	2003019146
comp_pole	300000	20	4694349826405674102	1399674297	879132750
comp_pole	300000	21	1528520559120311874	1283231503	1997133273
comp_pole	300000	22	5688948327836708234	1850811435	1880751277
comp_pole	300000	23	3149926450240977588	2034357230	238092672
comp_pole	300000	24	18122915684779839815	1495616457	1603312486
comp_pole	300000	25	18373224512640566609	858482453	224587242
comp_pole	300000	26	293209471738965099	83342870	1517518233
comp_pole	300000	27	11446377214350396900	1428544448	6805777
comp_pole	300000	28	5136061745709159823	1832251142	415766607
comp_pole	300000	29	680181693652531181	743557520	70627430
comp_pole	300000	30	15959662074684340462	773111324	1390760419
comp_pole	300000	31	17362291458358965665	87899129	1276310557
comp_pole	300000	32	9977554000511964364	730305537	390011135
comp_pole	300000	33	13316997011691405303	1055733914	1875664604
comp_pole	300000	34	4684778237792946787	817364169	1295950990
comp_pole	300000	35	12282229289851376518	73524530	533254383
comp_pole	300000	36	680424979230347542	1015760550	427087058
comp_pole	300000	37	17697242507482471366	996488472	1598391416
comp_pole	300000	38	11798405845398747291	659480622	6220377
comp_pole	300000	39	17935585132853813836	914102798	1606724318
comp_pole	300000	40	17994249473151182322	770530987	1903168695
comp_pole	300000	41	6221567938513411639	926649663	878448796
comp_pole	300000	42	3057545098707893990	679519233	1262281540
comp_pole	300000	43	6859684454859864096	1236254870	2105113327
comp_pole	300000	44	3739896271019520981	1918189274	327887932
comp_pole	300000	45	1845117275914832540	33119677	386783464
comp_pole	300000	46	15462037715259822567	1439000234	295983048
comp_pole	300000	47	3982827492036274340	249121105	472707745
comp_pole	300000	48	5175383870125868518	666226859	1438327801
comp_pole	300000	49	9213330811984287108	1873665936	1877275932
comp_pole	300000	50	15350382799428755479	1409968669	2030365333
comp_pole	300000	51	8398099352240488885	246419501	2113657988
comp_pole	300000	52	1323654056658964683	787629313	1319599658
comp_pole	300000	53	15010666055001678084	1778712112	964770390
comp_pole	300000	54	17303761315834465351	2093718539	1922663000
comp_pole	300000	55	2966882127479678581	1435244752	2104066969
comp_pole	300000	56	3530635293729426432	1538170282	2121124120
comp_pole	300000	57	15772431228078088473	496453342	1050258948
comp_pole	300000	58	6870585971441166258	1438376566	1084947601
comp_pole	300000	59	5811967920232701854	1304540469	1205055021
comp_pole	300000	60	1688430650642871185	249343655	1989576799
comp_pole	300000	61	4029961730253737984	1835806109	2056784956
comp_pole	300000	62	3043805426295024793	801856802	912770493
comp_pole	300000	63	7320689644223680659	492174375	1891917462
comp_pole	300000	64	5588097362290952423	483878188	2086965977
comp_pole	300000	65	13078058267428843154	1910421269	1845093349
comp_pole	300000	66	10675959198244814640	399087161	71213437
comp_pole	300000	67	14938487735987149543	2123188561	1440544937
comp_pole	300000	68	2929383354036764853	143795152	1657204654
comp_pole	300000	69	7220790326367655798	1470848172	1339193763
comp_pole	300000	70	6277713907794104393	1326652751	2069044089
comp_pole	300000	71	12405889841580971580	43481523	1024246510
comp_pole	300000	72	13925515721468789510	1665463486	1213973439
comp_pole	300000	73	17375399719374069960	2123497881	628739060
comp_pole	300000	74	8339418134708626524	1880748655	448895271
comp_pole	300000	75	17683350332989138575	1759682435	1795601620
comp_pole	300000	76	67704155094967163	1025851617	1129099581
comp_pole	300000	77	16288828940240757791	1903104893	1264552286
comp_pole	300000	78	2167385324642445989	1488992239	1300199774
comp_pole	300000	79	1394507608619937684	375836048	2040877066
comp_pole	300000	80	18188028840075398661	513312294	909750174
comp_pole	300000	81	8795184008575072467	1527003635	623027201
comp_pole	300000	82	1325653696883065413	218628784	50580904
comp_pole	300000	83	3535861228998515643	610145324	1857802338
comp_pole	300000	84	3147091828685020026	517002919	1162030856
comp_pole	300000	85	20697132051482675	609096373	1028508992
comp_pole	300000	86	5865244715556645714	1939145407	403891410
comp_pole	300000	87	3879767731552998070	216150849	217804591
comp_pole	300000	88	11833720463131496623	16157897	959555874
comp_pole	300000	89	2966180999056594545	1072126521	890544335
comp_pole	300000	90	15873893999467419233	1119244309	132773535
comp_pole	300000	91	10747236709919416797	1329217969	2002000071
comp_pole	300000	92	15194093907447864197	570789603	1191189602
comp_pole	300000	93	11110466894066887552	1605079652	1186414301
comp_pole	300000	94	4340436092000578887	1481610062	1360189059
comp_pole	300000	95	11813428395959772864	200771438	1875558922
comp_pole	300000	96	3721679626393892651	587465900	898903458
comp_pole	300000	97	5231362551955414429	5131914	1774528903
comp_pole	300000	98	2857033581054044569	1956244447	401926578
comp_pole	300000	99	7427056175188850413	220523664	924443734
comp_pole	1000000	0	10890153392968584014	1455919402	511142632
comp_pole	1000000	1	9194805174416943119	648403714	794146537
comp_pole	1000000	2	6729064874887384210	1032997309	1397824892
comp_pole	1000000	3	11323640915380219293	790877121	544219550
comp_pole	1000000	4	1079621052309071388	1756699061	1954861152
comp_pole	1000000	5	10635609212571867883	1310832704	1696919931
comp_pole	1000000	6	10939151225166623552	1532887714	167327723
comp_pole	1000000	7	8289489875525880845	817730378	201180647
comp_pole	1000000	8	13918978057805681771	1653045677	1795186346
comp_pole	1000000	9	8960752439321563351	1636896992	1891604190
comp_pole	1000000	10	5952949325537807920	1406350258	136341498
comp_pole	1000000	11	6338776698700978617	2083748934	67794839
comp_pole	1000000	12	5226564549655865600	1306704558	340543352
comp_pole	1000000	13	12944065825570854625	101216798	920928376
comp_pole	1000000	14	5782019975077772568	1513312774	1646353295
comp_pole	1000000	15	6444485590701094287	2118343256	854077024
comp_pole	1000000	16	14023194022486992265	2045691292	820458562
comp_pole	1000000	17	4767040933113248461	1136974763	280142253
comp_pole	1000000	18	6468056389864190526	1219305520	247520630
comp_pole	1000000	19	11889883800442780936	597890700	1088153785
comp_pole	1000000	20	9454106080643272428	2101909989	1144833177
comp_pole	1000000	21	15261387477376596112	629361519	1520538919
comp_pole	1000000	22	4231937325712257944	95695627	1898169499
comp_pole	1000000	23	15436481736390454201	577518448	1207277507
comp_pole	1000000	24	13435699104458508767	465816553	154754602
comp_pole	1000000	25	583900751135373768	1578565597	1164753570
comp_pole	1000000	26	342837162561370640	913356944	1123738678
comp_pole	1000000	27	12100659469270352374	1520448449	447728919
comp_pole	1000000	28	8731057184266110754	1339719588	500909545
comp_pole	1000000	29	15726126571945486834	72183511	236758170
comp_pole	1000000	30	10912098684007917055	2133123266	1419364020
comp_pole	1000000	31	1941345701900628341	1846073908	1293899165
comp_pole	1000000	32	17963425904129450447	1718340092	789971914
comp_pole	1000000	33	2523436104700333456	1801933705	1696742002
comp_pole	1000000	34	7886908524477038102	421566441	1083110690
comp_pole	1000000	35	17727446218862312102	376875669	203703510
comp_pole	1000000	36	5254563536130065523	1868870322	10917698
comp_pole	1000000	37	6213876895506396570	684752251	845090573
comp_pole	1000000	38	6408552081537553458	1979040611	1047554062
comp_pole	1000000	39	4822776963324798315	520425633	110833894
comp_pole	1000000	40	17432371208386202274	783294127	576763450
comp_pole	1000000	41	13713061955350031759	2019966729	884514129
comp_pole	1000000	42	12582164131775017419	1018385263	1949047627
comp_pole	1000000	43	4598708143544789058	1712462930	2017790401
comp_pole	1000000	44	703059800477783812	1411782026	1425306957
comp_pole	1000000	45	1108861056403657962	1675376463	763123726
comp_pole	1000000	46	433470848010686229	1321106326	394612520
comp_pole	1000000	47	1682162924000350826	671736281	1202969865
comp_pole	1000000	48	4059337983796743060	2019391532	431243797
comp_pole	1000000	49	7245154808240794575	214753005	1938218058
comp_pole	1000000	50	2978239830635035561	1410142850	1946165108
comp_pole	1000000	51	10695601090294591842	500484461	680114962
comp_pole	1000000	52	4972666267464321807	1526172005	308031601
comp_pole	1000000	53	17702919674311938550	1373917883	156690720
comp_pole	1000000	54	14515024940023987197	942647812	294968339
comp_pole	1000000	55	17963566484403989388	888779127	214397073
comp_pole	1000000	56	14500570310695326712	940913785	1926805419
comp_pole	1000000	57	7119164432030341357	303972873	809839765
comp_pole	1000000	58	14281169343352300126	1525333559	1780170716
comp_pole	1000000	59	11243076237752726898	1626576719	1354191298
comp_pole	1000000	60	1888061828226108980	1584008410	992523660
comp_pole	1000000	61	17070119593307411536	935960786	541232951
comp_pole	1000000	62	1823450844110642366	489684820	1819383529
comp_pole	1000000	63	8352159134647906042	1250457986	376506595
comp_pole	1000000	64	4082884964439349781	477089642	648316560
comp_pole	1000000	65	11028047621749412425	1668387330	937711929
comp_pole	1000000	66	8547415181297831629	1998736361	316142591
comp_pole	1000000	67	15514277388062485156	1995862199	419138871
comp_pole	1000000	68	8924623908142346137	2028475671	2127447768
comp_pole	1000000	69	1168683102728664127	317996045	793198320
comp_pole	1000000	70	6822884120959473287	1871987850	1056847579
comp_pole	1000000	71	14098492943590152118	951328778	639250747
comp_pole	1000000	72	14456544132990258901	1230153033	973197125
comp_pole	1000000	73	14338497841712620384	757473003	498128837
comp_pole	1000000	74	12978450837309270480	2134631332	987051617
comp_pole	1000000	75	5001899346462024009	1278262383	324412476
comp_pole	1000000	76	6934661070215395320	1538877314	875045561
comp_pole	1000000	77	8045721033054620920	936886275	1025426230
comp_pole	1000000	78	15790280587396860964	1664609658	1161864529
comp_pole	1000000	79	16690481961723762835	806522099	2068209419
comp_pole	1000000	80	12556181609550719663	1981371646	80343697
comp_pole	1000000	81	13858834048030245985	2144846827	1781450484
comp_pole	1000000	82	12755044683364903715	1861845030	1144358807
comp_pole	1000000	83	11446898718400512835	1726594787	1025785054
comp_pole	1000000	84	14951551695907663094	741940941	1376777004
comp_pole	1000000	85	12897599733995102177	606920441	1833243582
comp_pole	1000000	86	2981979303953826349	605383001	418026879
comp_pole	1000000	87	1234317899253889555	3521147	1994462467
comp_pole	1000000	88	15820909216630096818	440087899	1917987009
comp_pole	1000000	89	993855936612525175	163725570	992524822
comp_pole	1000000	90	18325212274648008183	1338609815	825830330
comp_pole	1000000	91	17815097927773582836	987986852	2018976486
comp_pole	1000000	92	5347071794390871413	1298627138	383099781
comp_pole	1000000	93	17386020877643336077	1747044228	1879820792
comp_pole	1000000	94	5173127398246001093	589948158	1992644300
comp_pole	1000000	95	4132301799323951055	1260693831	217821090
comp_pole	1000000	96	3662139427602315240	1386101510	303062259
comp_pole	1000000	97	4267529042292666314	939115358	1601417241
comp_pole	1000000	98	1665793555307287672	781899856	18516669
comp_pole	1000000	99	9056747196592877263	1906399622	106559014
comp_flat_triple	100	0	6765836649141750406	1828695987	634022437
comp_flat_triple	100	1	14650529294815515873	1300614294	1240600218
comp_flat_triple	100	2	11098824768351465818	1184107927	1507650685
comp_flat_triple	100	3	16617326368631990652	229134213	2000520039
comp_flat_triple	100	4	4296498375685997492	1795082043	897251995
comp_flat_triple	100	5	5483858956346829826	553916376	541679014
comp_flat_triple	100	6	11478610053922390441	1515649262	1544992811
comp_flat_triple	100	7	2189408285273920216	762103014	1167620446
comp_flat_triple	100	8	13951792195544965998	1684540902	1098445841
comp_flat_triple	100	9	13539079984567183576	632693300	467676225
comp_flat_triple	100	10	2636540434907724824	1768018494	1057897601
comp_flat_triple	100	11	8562701343595858646	2038172042	2025310114
comp_flat_triple	100	12	9868647823539540493	1944858897	103318929
comp_flat_triple	100	13	4713920722025333705	2070176076	1888285765
comp_flat_triple	100	14	18368712703571954577	1060604208	381000883
comp_flat_triple	100	15	15965319901801149956	388816337	435556786
comp_flat_triple	100	16	3922344031907877062	1685624702	1144559621
comp_flat_triple	100	17	16905021632117858808	532229828	1660785579
comp_flat_triple	100	18	5124678113585058477	1498141269	671704433
comp_flat_triple	100	19	6956303595247169440	630607633	1731612534
comp_flat_triple	100	20	3689751492251885524	455860463	1529039162
comp_flat_triple	100	21	4711010568414335022	2125291017	790467654
comp_flat_triple	100	22	11245438379868265220	2056549031	1601910279
comp_flat_triple	100	23	9935569987250552609	487713961	1939860124
comp_flat_triple	100	24	12583531832038690979	444571263	661138946
comp_flat_triple	100	25	11746472095260551981	1302201983	1836024671
comp_flat_triple	100	26	4571952314303654037	1070256595	2024867409
comp_flat_triple	100	27	7721662892851607483	250376248	1998960468
comp_flat_triple	100	28	17922618593396487580	1044197108	556538813
comp_flat_triple	100	29	405598880484261145	709402751	1270722971
comp_flat_triple	100	30	3050580682100031127	965407235	953366553
comp_flat_triple	100	31	16488570015077054940	785955605	1321889587
comp_flat_triple	100	32	2647095239654647717	387924389	20313563
comp_flat_triple	100	33	1303721273147706241	1695466306	1218499863
comp_flat_triple	100	34	14285092925925386171	1301843453	502625487
comp_flat_triple	100	35	6275954363533911551	1370258678	2115590882
comp_flat_triple	100	36	9331791652422432881	140172034	1015544162
comp_flat_triple	100	37	10309902783813875161	2059336060	152875769
comp_flat_triple	100	38	13481423913662082789	834239911	1323813116
comp_flat_triple	100	39	10442380352017442439	616152959	213804485
comp_flat_triple	100	40	2328647695559880665	1700371212	2108522228
comp_flat_triple	100	41	15907525219870844400	55182325	491003458
comp_flat_triple	100	42	11939776166772466847	654064234	1403787681
comp_flat_triple	100	43	8224504023929080982	374563176	513846330
comp_flat_triple	100	44	8965029962654767260	1229744716	202242739
comp_flat_triple	100	45	8725943551501658978	267701601	1633891945
comp_flat_triple	100	46	15007065199040116853	293026217	2048400135
comp_flat_triple	100	47	13632215271734699075	1711355738	1761958301
comp_flat_triple	100	48	15018724656037317639	1405134186	823115481
comp_flat_triple	100	49	1694145995541609054	638985267	214407795
comp_flat_triple	100	50	13740578512772874213	928260206	1752779094
comp_flat_triple	100	51	14340452364194488346	105239036	735698034
comp_flat_triple	100	52	15314295174630326798	1121459835	1678041625
comp_flat_triple	100	53	16021011539790241347	351048984	941233905
comp_flat_triple	100	54	611991338704866088	42505579	1910916910
comp_flat_triple	100	55	7384656597127966044	75703151	1642220709
comp_flat_triple	100	56	9970164183794321504	1001606120	443368339
comp_flat_triple	100	57	13488112758374062333	1807517742	819585214
comp_flat_triple	100	58	15732722667111039188	2047476396	1917436338
comp_flat_triple	100	59	16275942187557041727	1835593202	64565195
comp_flat_triple	100	60	7704243104058039793	402482792	442332778
comp_flat_triple	100	61	10632757785172784241	281429877	1126485255
comp_flat_triple	100	62	12669767859123889168	1360902855	1995843743
comp_flat_triple	100	63	14625041388345447700	1752654667	1851827127
comp_flat_triple	100	64	10469578989370763830	516786657	451092248
comp_flat_triple	100	65	6088937988746423597	2023084576	37185014
comp_flat_triple	100	66	13408118821318482512	910266640	2041450755
comp_flat_triple	100	67	12528035642068766609	1035961833	1663842298
comp_flat_triple	100	68	5679901357770269759	927227728	1063730060
comp_flat_triple	100	69	9244032436090903333	248043821	1206629633
comp_flat_triple	100	70	9566580264954255926	287542556	59189098
comp_flat_triple	100	71	16907703228534052933	697491542	735860776
comp_flat_triple	100	72	3939182702639932972	2072384644	2194209
comp_flat_triple	100	73	5688542100698122972	1777559864	1882333195
comp_flat_triple	100	74	124041076726229390	898646022	1858717514
comp_flat_triple	100	75	5113596615217401763	1392856325	982667554
comp_flat_triple	100	76	12666116304030633668	1346371516	1862969943
comp_flat_triple	100	77	2207339522493747017	1936921695	431148248
comp_flat_triple	100	78	4938004030493608600	757297484	497845852
comp_flat_triple	100	79	3623959441320966109	1254285811	917307191
comp_flat_triple	100	80	16883536481911597292	1392860781	222771554
comp_flat_triple	100	81	17784970112259136820	311270306	1989169653
comp_flat_triple	100	82	16752693691941777628	1070929155	1369652966
comp_flat_triple	100	83	7249609762486478320	1834486243	1351586027
comp_flat_triple	100	84	9357694602289665604	878516559	135684616
comp_flat_triple	100	85	7511845929489954107	407135799	1772148562
comp_flat_triple	100	86	2038738925552277373	1088017631	1380242941
comp_flat_triple	100	87	14720357498179156738	124849540	1520371595
comp_flat_triple	100	88	5656054033901881076	1059524946	32860766
comp_flat_triple	100	89	13458325358519719896	160195309	2000930
comp_flat_triple	100	90	8853082349835899596	667557472	151089151
comp_flat_triple	100	91	9576815702587449929	1747128071	1149802195
comp_flat_triple	100	92	12685859572657715456	1570210650	1267286211
comp_flat_triple	100	93	17045276228211475965	823364740	760894402
comp_flat_triple	100	94	938589000980815989	2009950080	1585776701
comp_flat_triple	100	95	18314643521108308363	419057624	1042704672
comp_flat_triple	100	96	5514020900544039400	1479048236	320820528
comp_flat_triple	100	97	13652776712785083709	1118476059	2134390938
comp_flat_triple	100	98	13567506044298816920	1065771448	112855699
comp_flat_triple	100	99	2011710245551968065	999887953	335741305
comp_flat_triple	1000	0	9117833714671991181	909423877	687392862
comp_flat_triple	1000	1	11758047946248166133	254091927	1894522175
comp_flat_triple	1000	2	6831037182424667229	1135769348	2033863277
comp_flat_triple	1000	3	18384770341590694750	1203363196	1790170196
comp_flat_triple	1000	4	18136537304925172422	956633171	1018613828
comp_flat_triple	1000	5	11003392740436543024	390079975	1616424312
comp_flat_triple	1000	6	7661264604574332778	851982069	1931310350
comp_flat_triple	1000	7	4869505284991554015	1486846693	1290736937
comp_flat_triple	1000	8	2196472993760225191	844455461	739831998
comp_flat_triple	1000	9	17092044583558752036	1023073239	1616540099
comp_flat_triple	1000	10	16694650724827127090	942098927	1605555098
comp_flat_triple	1000	11	14592108020213203100	1678728800	1827571077
comp_flat_triple	1000	12	7878382588537522102	1058660599	521757495
comp_flat_triple	1000	13	15975440107277170770	2121777453	830291995
comp_flat_triple	1000	14	13611210778358435538	374264981	1716677362
comp_flat_triple	1000	15	16418961942206109196	1677607152	1035923417
comp_flat_triple	1000	16	10810812504564150773	770092669	829706334
comp_flat_triple	1000	17	2979539849257712008	1317848229	1868543158
comp_flat_triple	1000	18	8305124469574114665	974071852	1007865052
comp_flat_triple	1000	19	17946461586267186339	209168366	1641441938
comp_flat_triple	1000	20	14967296637979900198	2019765600	1184216613
comp_flat_triple	1000	21	7558379725975236991	1313268101	1316645216
comp_flat_triple	1000	22	13545208840878862103	1747549958	230056126
comp_flat_triple	1000	23	13895744664703502077	1406369098	1623994416
comp_flat_triple	1000	24	17855634636033382651	215929378	655992883
comp_flat_triple	1000	25	6352360103812154599	1323844690	1542823186
comp_flat_triple	1000	26	12865687080322524805	189180706	186426669
comp_flat_triple	1000	27	9504951656707016818	943661701	1588219435
comp_flat_triple	1000	28	14695799559820497865	1213456355	1739085656
comp_flat_triple	1000	29	3147248675090252678	1422600545	641310580
comp_flat_triple	1000	30	2959298881664943907	1654595643	562429824
comp_flat_triple	1000	31	16797541477002609763	1227093405	2018487
comp_flat_triple	1000	32	17514234085943297462	1527401842	1410564994
comp_flat_triple	1000	33	12474277705433187130	1685905529	277899118
comp_flat_triple	1000	34	3062330782631182900	1758895771	1142174984
comp_flat_triple	1000	35	9948832338100464190	1930263800	385060825
comp_flat_triple	1000	36	4255203541840138149	684141332	258828434
comp_flat_triple	1000	37	1504117582971498453	983476760	2083570124
comp_flat_triple	1000	38	8373146057137961924	664020581	1645797833
comp_flat_triple	1000	39	17648618370496403582	840713794	1484221721
comp_flat_triple	1000	40	16757864686491867772	986076185	1777245569
comp_flat_triple	1000	41	3804084947604798265	2091078201	890043996
comp_flat_triple	1000	42	10613671981380247402	189860459	1475362076
comp_flat_triple	1000	43	6640380530874650432	662647766	267396995
comp_flat_triple	1000	44	9106973123880174520	1254618070	468298606
comp_flat_triple	1000	45	9346306319068663407	1512679811	25959213
comp_flat_triple	1000	46	11308075250274930866	346790904	1221103907
comp_flat_triple	1000	47	1969855171725939083	862427069	1099732057
comp_flat_triple	1000	48	10607313804226070963	563856357	502284618
comp_flat_triple	1000	49	7033872935955917868	719742791	620070089
comp_flat_triple	1000	50	3400936625759069653	1483369421	1205423983
comp_flat_triple	1000	51	6959813478999654029	1458636746	860068252
comp_flat_triple	1000	52	76101789238922988	582862244	3940568
comp_flat_triple	1000	53	16047303246588943483	1168845466	1400088432
comp_flat_triple	1000	54	13502361944366441794	557403722	1573536253
comp_flat_triple	1000	55	15450071821712420749	849114885	509873707
comp_flat_triple	1000	56	14023034090087866217	1859022799	428150449
comp_flat_triple	1000	57	13114501908206311196	298965194	1157117017
comp_flat_triple	1000	58	14803765665020248834	964228897	1929527040
comp_flat_triple	1000	59	16851346306249391247	1984988589	606308616
comp_flat_triple	1000	60	412208719422627622	1937128830	1883633046
comp_flat_triple	1000	61	7334844471807055717	1842889953	211261793
comp_flat_triple	1000	62	5660828256391867450	1353636132	265829319
comp_flat_triple	1000	63	8904444481191504764	254930083	283891042
comp_flat_triple	1000	64	3235176216540019089	1696429473	427731243
comp_flat_triple	1000	65	2979423960917825373	568029308	346133024
comp_flat_triple	1000	66	16609759149473526880	1326127537	1004316785
comp_flat_triple	1000	67	17012656604519785982	1839150729	1925647061
comp_flat_triple	1000	68	15632573183120619283	2023149460	834958978
comp_flat_triple	1000	69	13965254551123450389	442846316	265024
comp_flat_triple	1000	70	10898055255604199480	874157515	710229989
comp_flat_triple	1000	71	9771856131822734706	520970989	751543179
comp_flat_triple	1000	72	2674850951394608879	437835792	1955246351
comp_flat_triple	1000	73	9576619392825976022	825175930	111749603
comp_flat_triple	1000	74	836947248876540191	645163952	1340060554
comp_flat_triple	1000	75	9689914143295747877	1618884099	1062825161
comp_flat_triple	1000	76	12936458497280141556	811537104	832666502
comp_flat_triple	1000	77	4482053592793858069	891572716	1866559104
comp_flat_triple	1000	78	1827805930249249859	1372958716	789420871
comp_flat_triple	1000	79	9423627809140401166	483832001	1042406320
comp_flat_triple	1000	80	5171841625538168000	38006484	159502652
comp_flat_triple	1000	81	6471516873882427772	1283503596	856113060
comp_flat_triple	1000	82	1267695482571473888	856176380	121068915
comp_flat_triple	1000	83	15673122473604860269	173832492	821508984
comp_flat_triple	1000	84	10948752522798537069	1341085988	1401558578
comp_flat_triple	1000	85	13647088944198670035	1300813998	598885858
comp_flat_triple	1000	86	12136922178697499441	1980742923	14255580
comp_flat_triple	1000	87	5652802291810891648	995382830	1521062912
comp_flat_triple	1000	88	1507642185825753865	1357554755	93739955
comp_flat_triple	1000	89	13312009959894253910	2045680898	1197052528
comp_flat_triple	1000	90	4476564773827119797	416820497	1458309071
comp_flat_triple	1000	91	12981621351765921390	1022381783	1341022772
comp_flat_triple	1000	92	2507464830866370863	1100950681	547392814
comp_flat_triple	1000	93	15126183710120875937	1294152837	1673999768
comp_flat_triple	1000	94	17557697713537257198	1151574410	161283524
comp_flat_triple	1000	95	2568518394900058278	404123224	56262124
comp_flat_triple	1000	96	16166427370382583833	1448384172	1098847161
comp_flat_triple	1000	97	8586595441312292815	1237167214	953264550
comp_flat_triple	1000	98	17471840740971264511	693622941	879525794
comp_flat_triple	1000	99	17972527806444113989	214033805	1616330687
comp_flat_triple	10000	0	12445136130922847628	2723726	823607482
comp_flat_triple	10000	1	330302674513074926	1770952095	2058435450
comp_flat_triple	10000	2	5730050496292989803	1799087216	1994779498
comp_flat_triple	10000	3	4361061107604197453	1838249123	1203434273
comp_flat_triple	10000	4	8991970122944176187	2132546943	15647822
comp_flat_triple	10000	5	784498810023848630	172505092	1709498340
comp_flat_triple	10000	6	9553447386483921862	1378032613	1196070501
comp_flat_triple	10000	7	13357822000358165256	1569020249	339200836
comp_flat_triple	10000	8	8329737790497264552	339246343	423546855
comp_flat_triple	10000	9	2638616448038482811	722588525	1816567180
comp_flat_triple	10000	10	14771089829702363713	1422543568	2043315084
comp_flat_triple	10000	11	11382515790990621166	1912231081	1569893349
comp_flat_triple	10000	12	16565563012870993803	10099616	878415764
comp_flat_triple	10000	13	7728028232292253066	1216621091	573579470
comp_flat_triple	10000	14	7536062725318686082	80294181	1680497734
comp_flat_triple	10000	15	16931392861075449864	1720160407	1713165146
comp_flat_triple	10000	16	4528897144830179521	890873256	871264153
comp_flat_triple	10000	17	10384945358378416073	2009717208	951073190
comp_flat_triple	10000	18	8586794146403978937	1949550685	1629985372
comp_flat_triple	10000	19	3166433638075267678	898874221	1130245080
comp_flat_triple	10000	20	11189750679389408143	381259083	30662068
comp_flat_triple	10000	21	14057917457263439627	653607057	1458969775
comp_flat_triple	10000	22	16836016500825136054	342221103	246906483
comp_flat_triple	10000	23	9088882822249825009	1847639293	1286770830
comp_flat_triple	10000	24	1000643610661352164	1795404172	1637596897
comp_flat_triple	10000	25	674443831943529679	838973629	1775573494
comp_flat_triple	10000	26	13242139270955146694	1616768680	189769013
comp_flat_triple	10000	27	1202447451891008208	356104985	745196848
comp_flat_triple	10000	28	18279263638006920062	1577551899	651512939
comp_flat_triple	10000	29	14139917401268793334	812952867	394145439
comp_flat_triple	10000	30	1647821268785370519	535374263	1190244515
comp_flat_triple	10000	31	9085816299251401694	1391502445	829926626
comp_flat_triple	10000	32	17380761760005155806	1695102081	1566000795
comp_flat_triple	10000	33	7902715479510909498	163669488	1894884603
comp_flat_triple	10000	34	2944530934512118254	997689717	384625629
comp_flat_triple	10000	35	10238191321946452259	791788333	2019415672
comp_flat_triple	10000	36	5516997429420859778	1568346084	1361705164
comp_flat_triple	10000	37	4147439206640895689	850498669	1524270953
comp_flat_triple	10000	38	12883397432256369513	304998806	1338363482
comp_flat_triple	10000	39	3075949641001735504	551028354	98434295
comp_flat_triple	10000	40	16682996978869133247	1571927924	1199305999
comp_flat_triple	10000	41	10610286575856004929	432285351	797830609
comp_flat_triple	10000	42	12933455617348139423	1474858462	1074148637
comp_flat_triple	10000	43	13576501210984991843	530839006	1546116507
comp_flat_triple	10000	44	8843621108633547529	1825314727	1574118137
comp_flat_triple	10000	45	7454489002197837391	292676791	1059744111
comp_flat_triple	10000	46	8017034526204794963	2075520766	270371604
comp_flat_triple	10000	47	7468437146093454747	333013386	1808581820
comp_flat_triple	10000	48	7132402450646347539	1610787988	51939075
comp_flat_triple	10000	49	8117572382768593202	2072497154	659748251
comp_flat_triple	10000	50	1244682900160227582	186267929	534968451
comp_flat_triple	10000	51	10077150503032491526	1824972252	1720250882
comp_flat_triple	10000	52	3152928769429212841	2000436791	80735829
comp_flat_triple	10000	53	15377402487406995874	529083314	2125187162
comp_flat_triple	10000	54	1492654658441521416	915723661	1343619606
comp_flat_triple	10000	55	13992196270686137444	1687192777	1470013003
comp_flat_triple	10000	56	1159135680399982639	1132996179	970079268
comp_flat_triple	10000	57	12770446029996160385	579447448	568485955
comp_flat_triple	10000	58	13093578397405008677	1111166893	1449845568
comp_flat_triple	10000	59	1362645223279120108	201050117	1295005647
comp_flat_triple	10000	60	2152492934670711262	715364350	1608507545
comp_flat_triple	10000	61	17393472522451291150	468546621	969124948
comp_flat_triple	10000	62	9055917683603313643	329239205	949602476
comp_flat_triple	10000	63	9172374940405606714	193488727	224049804
comp_flat_triple	10000	64	1291700519662819118	1589686712	275224491
comp_flat_triple	10000	65	3680000568996930462	883589744	593591878
comp_flat_triple	10000	66	2028204836419124852	570216243	1748834228
comp_flat_triple	10000	67	10341568032016205433	1719255421	1702661742
comp_flat_triple	10000	68	3461132367784876707	2141288436	1310732769
comp_flat_triple	10000	69	5251123417631093696	1580580404	615578631
comp_flat_triple	10000	70	1094071197932808622	2096682633	17084770
comp_flat_triple	10000	71	6218533265745569676	1925088648	1631656662
comp_flat_triple	10000	72	9529399115734085170	991639633	794257603
comp_flat_triple	10000	73	4868738935641502558	326005087	2107442285
comp_flat_triple	10000	74	16042975922916974289	1493811200	580084645
comp_flat_triple	10000	75	792108466259822780	1034835111	1037256550
comp_flat_triple	10000	76	10836057397648620047	80947059	423233850
comp_flat_triple	10000	77	16677072857474481915	1170668510	445657547
comp_flat_triple	10000	78	15395246873886312263	687358881	627610727
comp_flat_triple	10000	79	4518689708893145080	1973107083	442294755
comp_flat_triple	10000	80	16924475156258576107	1288156815	22330016
comp_flat_triple	10000	81	15668123310266360478	904881183	503188763
comp_flat_triple	10000	82	1425145646746374069	593937162	32523851
comp_flat_triple	10000	83	14519152216793437054	1846655278	1483481526
comp_flat_triple	10000	84	9346831589731457289	2038477876	830891897
comp_flat_triple	10000	85	4114113345508706215	1428741382	1606611303
comp_flat_triple	10000	86	12742209537318467085	1647684692	583045662
comp_flat_triple	10000	87	9195975800308995939	80130414	164859957
comp_flat_triple	10000	88	9950158272632399533	1936148742	1139362732
comp_flat_triple	10000	89	17522844410532038612	742882185	1121193926
comp_flat_triple	10000	90	794550156932719473	96179397	669714726
comp_flat_triple	10000	91	18235264584586876246	1355448187	386482153
comp_flat_triple	10000	92	16819185570246996164	1982901871	1081476205
comp_flat_triple	10000	93	12525906543436403441	507362	749641584
comp_flat_triple	10000	94	16164190558691333408	1958860482	1658321807
comp_flat_triple	10000	95	18409450033355085691	675318532	525785954
comp_flat_triple	10000	96	388196001695205509	1966144945	815438357
comp_flat_triple	10000	97	13256079496469946880	1891560053	1905312666
comp_flat_triple	10000	98	1079458343080647749	1490200223	2059016660
comp_flat_triple	10000	99	1201283186314757687	1810640704	615280779
comp_strong_flat	100	0	12457475926460578025	402446966	1082722727
comp_strong_flat	100	1	9829160160871256424	1316688476	1656689808
comp_strong_flat	100	2	17896504957474544889	477709795	758158222
comp_strong_flat	100	3	1903214756711757382	1053418444	1203039066
comp_strong_flat	100	4	9058395803488968453	1098036575	2078194940
comp_strong_flat	100	5	15305064344568750169	600793552	504951698
comp_strong_flat	100	6	3311715262109836930	1290954565	770285350
comp_strong_flat	100	7	15879036526341477631	2076182177	2047388595
comp_strong_flat	100	8	9165387440156407136	1770499450	1525013178
comp_strong_flat	100	9	14857530764543758073	58213341	1777245209
comp_strong_flat	100	10	14871163919508238747	2040398063	1458521296
comp_strong_flat	100	11	7097397706955926808	817972821	181640465
comp_strong_flat	100	12	16342539120198430365	763507272	372406420
comp_strong_flat	100	13	312145142140117209	1416720159	1423389830
comp_strong_flat	100	14	7471038739207829598	1067688473	859939356
comp_strong_flat	100	15	7529466750274489428	1565601753	2129655784
comp_strong_flat	100	16	15737223312362977916	569743370	24539733
comp_strong_flat	100	17	6023122519839181021	1319972207	1250008608
comp_strong_flat	100	18	270601475705642647	2084025534	1772500391
comp_strong_flat	100	19	9260611220648785690	1844915699	1387520401
comp_strong_flat	100	20	7282818868959459278	813028585	1047274547
comp_strong_flat	100	21	11654448605348558441	168583485	432181501
comp_strong_flat	100	22	10776822772990906937	926861503	1453322617
comp_strong_flat	100	23	15571360555647965943	438394622	1364008576
comp_strong_flat	100	24	4563750882688810938	2137086945	184280711
comp_strong_flat	100	25	765195642261383782	41663000	889784504
comp_strong_flat	100	26	2260694228156309554	1251368135	231051284
comp_strong_flat	100	27	4237908880320288151	1182103589	778403438
comp_strong_flat	100	28	11376927197457735566	1120110332	65637205
comp_strong_flat	100	29	168595745501705009	372602006	430864876
comp_strong_flat	100	30	7450768139580726393	1138414315	110448741
comp_strong_flat	100	31	12535909447694298081	1215222801	815176747
comp_strong_flat	100	32	11563982895374419751	1059435731	135936930
comp_strong_flat	100	33	13546337349558814753	1768845624	1584776265
comp_strong_flat	100	34	3911337365577925142	1838038083	325950045
comp_strong_flat	100	35	2314677233062617057	1151395346	1214583629
comp_strong_flat	100	36	17470405109515310255	1709750393	978383528
comp_strong_flat	100	37	13875527590398205993	257618872	1029279207
comp_strong_flat	100	38	3322543039510242696	2003952344	196943325
comp_strong_flat	100	39	4178758866875389535	504035451	452334726
comp_strong_flat	100	40	18155177269303779480	1519878318	387610117
comp_strong_flat	100	41	12744911454266219479	1734471495	1144724010
comp_strong_flat	100	42	7209460394577244184	985810229	413652508
comp_strong_flat	100	43	15754257311391427937	1240098884	1608170995
comp_strong_flat	100	44	18206739425805937060	1315906835	1839978374
comp_strong_flat	100	45	17423045747245782477	6400027	1868887882
comp_strong_flat	100	46	10147739055035908607	1212523788	726402876
comp_strong_flat	100	47	15192515313460488087	694874199	864574357
comp_strong_flat	100	48	5694405334710455050	543733972	2083291132
comp_strong_flat	100	49	819737627641188947	108196295	1081874500
comp_strong_flat	100	50	14003483771448371742	1152957769	2144776830
comp_strong_flat	100	51	16840477558801073447	883683776	260247201
comp_strong_flat	100	52	2423921736943005201	1555069981	697290948
comp_strong_flat	100	53	15591557583227715089	434192823	460999494
comp_strong_flat	100	54	14560798565378236323	570543602	535492404
comp_strong_flat	100	55	6630946275876389513	208861407	1067522440
comp_strong_flat	100	56	254578185356485549	1772921026	488722213
comp_strong_flat	100	57	10981112654841460736	884998359	369324354
comp_strong_flat	100	58	3335948923600735040	1172492842	833530318
comp_strong_flat	100	59	14112117713961317232	184370504	990057238
comp_strong_flat	100	60	12976770252109065711	1945639726	2048376491
comp_strong_flat	100	61	5150942999791442196	2132043404	1771334651
comp_strong_flat	100	62	56425545514044318	809998094	1911905111
comp_strong_flat	100	63	10449512978346976300	2110961567	321876569
comp_strong_flat	100	64	14627708703545352637	730748461	1304258992
comp_strong_flat	100	65	14924924711034829879	436185906	561172318
comp_strong_flat	100	66	1602796086041296726	1141632820	1219839747
comp_strong_flat	100	67	5648466460975810160	1457924255	2074565151
comp_strong_flat	100	68	14469905652751287877	444055727	1305822580
comp_strong_flat	100	69	11787960944877861499	836209968	488238682
comp_strong_flat	100	70	12755268305254040627	1566834888	1366139990
comp_strong_flat	100	71	3934841792306077309	1689553206	1333791636
comp_strong_flat	100	72	11860775833053435662	29947899	227563041
comp_strong_flat	100	73	14508457843945170757	209460905	904322317
comp_strong_flat	100	74	7295881417863493819	1233505210	1410604728
comp_strong_flat	100	75	15950038049075636335	1708686322	1877442161
comp_strong_flat	100	76	15583714432807685991	30674021	1033483352
comp_strong_flat	100	77	7189540789144299563	1603941227	1097709161
comp_strong_flat	100	78	9071239046436677356	199989596	673522624
comp_strong_flat	100	79	13752529291581096432	1801125047	1525138361
comp_strong_flat	100	80	1831462831699149555	918332317	2006972798
comp_strong_flat	100	81	1099525436426924735	1161018433	452248717
comp_strong_flat	100	82	8484458760337640586	1005232225	985147488
comp_strong_flat	100	83	7716007655266911449	2135546256	1541486207
comp_strong_flat	100	84	16575704783968201375	1411180111	1968984178
comp_strong_flat	100	85	3258943929887709204	2021118703	46739321
comp_strong_flat	100	86	17152531391580218710	519182334	1721146594
comp_strong_flat	100	87	7171564074988733148	1730067666	356119340
comp_strong_flat	100	88	17029695627676197033	752217436	956674007
comp_strong_flat	100	89	2834596040200284175	1116416461	1217529300
comp_strong_flat	100	90	15660516381089594053	494208918	708816784
comp_strong_flat	100	91	6938284333839463481	688573853	1075786596
comp_strong_flat	100	92	3911385245320100475	1822000514	1559163418
comp_strong_flat	100	93	14490532905170095313	59675939	607645603
comp_strong_flat	100	94	13537600603390909766	1406854448	1847947568
comp_strong_flat	100	95	18243659876704341733	94548325	1380167342
comp_strong_flat	100	96	15595326106429612423	1893961138	1286536089
comp_strong_flat	100	97	14327393083022091806	2056717655	1096052080
comp_strong_flat	100	98	8930168695203371777	1692882327	1403062778
comp_strong_flat	100	99	16981171506716867236	1505780556	1614792773
comp_strong_flat	1000	0	9802761604876494020	973483219	1481496739
comp_strong_flat	1000	1	16493703704203840136	1901479565	532220007
comp_strong_flat	1000	2	7428204565839496820	429043274	1463727387
comp_strong_flat	1000	3	3332768726003689417	1306715745	297207858
comp_strong_flat	1000	4	11117460054170231578	1064848375	133953558
comp_strong_flat	1000	5	5199462244706009302	1624407294	295792118
comp_strong_flat	1000	6	2686265434892299271	332436979	471306283
comp_strong_flat	1000	7	14575017561861972940	1269018965	1811037890
comp_strong_flat	1000	8	11741159114345885580	1937880051	1705216085
comp_strong_flat	1000	9	56250658193185459	133047080	275483833
comp_strong_flat	1000	10	16256596444072846399	1973935489	1196303638
comp_strong_flat	1000	11	11466488798762963406	259065851	1982629620
comp_strong_flat	1000	12	13870048453999071151	1743964569	2067957295
comp_strong_flat	1000	13	15444903521428832922	257163808	108659442
comp_strong_flat	1000	14	11515051737480435031	1615153345	570660626
comp_strong_flat	1000	15	3611759756685030330	2014947918	828439291
comp_strong_flat	1000	16	1937186214555357388	1307208807	708486112
comp_strong_flat	1000	17	6619115432710268324	2131245117	1399001920
comp_strong_flat	1000	18	5569760885018081184	54975716	1860885825
comp_strong_flat	1000	19	13634200159724392180	154276622	622128259
comp_strong_flat	1000	20	299597289053743391	629409645	868188851
comp_strong_flat	1000	21	8917101163581001263	1877714957	166324780
comp_strong_flat	1000	22	13962607502974275270	1471805355	31248985
comp_strong_flat	1000	23	13003771039354177633	1648017471	422433515
comp_strong_flat	1000	24	11063016065906263786	14367149	426912473
comp_strong_flat	1000	25	2573051212190668631	613021067	629551418
comp_strong_flat	1000	26	6883104333349717854	8465150	549027297
comp_strong_flat	1000	27	717205931218336604	1648672223	1541489059
comp_strong_flat	1000	28	5312405763911454609	1113854108	880201547
comp_strong_flat	1000	29	4049997964578843217	518915284	993666424
comp_strong_flat	1000	30	6973434244754399404	432558584	1201688181
comp_strong_flat	1000	31	14084776807942839726	1134966125	631959898
comp_strong_flat	1000	32	3678463425863287288	889653334	1444983207
comp_strong_flat	1000	33	3075841103354120301	690449713	336157627
comp_strong_flat	1000	34	3941100484064844845	1717226041	1280612474
comp_strong_flat	1000	35	10671604936022685783	721791728	646696242
comp_strong_flat	1000	36	11056961499687460619	811127531	661309065
comp_strong_flat	1000	37	560451293844937433	606032812	1598617853
comp_strong_flat	1000	38	1813101698179648088	105523664	998553322
comp_strong_flat	1000	39	3248715033783565832	1952418006	1969117856
comp_strong_flat	1000	40	13155410810070875004	289855745	2087526859
comp_strong_flat	1000	41	17233453019781582596	669904552	653577561
comp_strong_flat	1000	42	8980442018069470744	1448797697	1616706748
comp_strong_flat	1000	43	2339237349843083087	1371287494	1535926089
comp_strong_flat	1000	44	9001558550011024052	819502605	619183741
comp_strong_flat	1000	45	1828079522976955091	493578666	932539601
comp_strong_flat	1000	46	8667813582290037831	167442594	2140401281
comp_strong_flat	1000	47	15686537577206901029	114827488	1087082734
comp_strong_flat	1000	48	18196805515979139551	91361871	1367485988
comp_strong_flat	1000	49	3978847462698717038	182325179	1998841709
comp_strong_flat	1000	50	3962636168674091415	2132851059	1229217960
comp_strong_flat	1000	51	855469850096814634	143031107	1814228354
comp_strong_flat	1000	52	15606593569380353046	2132731599	1120275274
comp_strong_flat	1000	53	11719216030382098453	1980071388	1850487911
comp_strong_flat	1000	54	11611153845017962667	927758273	949447720
comp_strong_flat	1000	55	6352634648807633678	1535474434	599110990
comp_strong_flat	1000	56	5066934113190276442	1285952541	793183247
comp_strong_flat	1000	57	13519561917311812952	1103691238	1963435556
comp_strong_flat	1000	58	10936553058538803931	1996298845	1871577273
comp_strong_flat	1000	59	15262658900047809223	773714143	2010970518
comp_strong_flat	1000	60	3101666320568627988	999879061	83031411
comp_strong_flat	1000	61	18045137415745732548	400629146	2116381588
comp_strong_flat	1000	62	17692068012814691168	1959176410	151598366
comp_strong_flat	1000	63	13435018653917267829	1524371352	1733258755
comp_strong_flat	1000	64	10331744390334102269	398815106	1726722142
comp_strong_flat	1000	65	8944008644944027629	970037907	349597514
comp_strong_flat	1000	66	12353172636859842683	2018732175	433518878
comp_strong_flat	1000	67	11690024773397073331	461685284	445767232
comp_strong_flat	1000	68	15074325985940226248	1094006427	470764488
comp_strong_flat	1000	69	10888138418992415814	1743572294	930662266
comp_strong_flat	1000	70	15356744369656592586	1657686231	2007147666
comp_strong_flat	1000	71	2712569407798301798	31503223	1824998068
comp_strong_flat	1000	72	5941526109518963603	474811611	858872832
comp_strong_flat	1000	73	16216041267812805063	2048005371	1629186043
comp_strong_flat	1000	74	7890867204961888869	1232386846	822659610
comp_strong_flat	1000	75	13117099009800828676	504649557	131405063
comp_strong_flat	1000	76	1308132519685599370	1587461169	78443112
comp_strong_flat	1000	77	15966632477539721665	555400741	964286295
comp_strong_flat	1000	78	12275091353311834254	2027539547	2143526987
comp_strong_flat	1000	79	8054755763944304908	1838763418	499253952
comp_strong_flat	1000	80	12322100287746089440	422563871	1848928084
comp_strong_flat	1000	81	5402266645303380446	1852856336	1735250760
comp_strong_flat	1000	82	3042376283219549097	113751257	1454187560
comp_strong_flat	1000	83	5293598077423618859	369345078	1463689128
comp_strong_flat	1000	84	7289702877674415948	190651255	1199113030
comp_strong_flat	1000	85	6613669953664616993	1498603128	1800066586
comp_strong_flat	1000	86	10070191750278622771	1726930286	6604777
comp_strong_flat	1000	87	5982176988677123291	1417312039	535976979
comp_strong_flat	1000	88	12740413549853540807	1235837226	12136526
comp_strong_flat	1000	89	2204615156841756810	432263136	1732367110
comp_strong_flat	1000	90	3659515507534790229	86105522	2112773909
comp_strong_flat	1000	91	9275644662154140190	1577277379	1888514554
comp_strong_flat	1000	92	3684661471683138276	1266605380	1411722269
comp_strong_flat	1000	93	6634848348292982557	1259289976	576215454
comp_strong_flat	1000	94	14387120616547256735	1597200124	447542287
comp_strong_flat	1000	95	1660776552489081227	1691339149	1959616511
comp_strong_flat	1000	96	7522387044467195021	638311092	66926056
comp_strong_flat	1000	97	1143133679358173857	907860947	694041076
comp_strong_flat	1000	98	7784409409037226619	509019791	1660828440
comp_strong_flat	1000	99	13189486195344446067	540209707	240135484
comp_strong_flat	10000	0	3814247398648392539	1223408972	11747980
comp_strong_flat	10000	1	293144407650195682	909573675	851434680
comp_strong_flat	10000	2	91420405524442148	1307401510	258697059
comp_strong_flat	10000	3	3057798058121943403	1372000697	1107356803
comp_strong_flat	10000	4	2313054305629515850	332377605	998575897
comp_strong_flat	10000	5	7860328444384202811	438096066	1686681401
comp_strong_flat	10000	6	15447213844703842930	1556805244	1394099681
comp_strong_flat	10000	7	1839404499989672140	797344130	1401762478
comp_strong_flat	10000	8	583091850697767444	544222822	1233897452
comp_strong_flat	10000	9	12651851574196911059	1181023454	1999752125
comp_strong_flat	10000	10	8939897460987354706	1359164367	863965935
comp_strong_flat	10000	11	10481274766705647538	768229451	140536133
comp_strong_flat	10000	12	117368515975345439	625355758	362794234
comp_strong_flat	10000	13	1014513692534827516	1840379057	1538500726
comp_strong_flat	10000	14	10767487095348715975	741373941	153518852
comp_strong_flat	10000	15	10875786227092060594	32295206	68112312
comp_strong_flat	10000	16	10347994343519365001	496737498	436813951
comp_strong_flat	10000	17	6205116751627142165	216217537	1702007636
comp_strong_flat	10000	18	7062863077501202543	2094023145	1744018639
comp_strong_flat	10000	19	2950716560447952235	283616637	529731026
comp_strong_flat	10000	20	13852053548895385176	384875798	1523970089
comp_strong_flat	10000	21	14224424747138605582	1443438139	1992200909
comp_strong_flat	10000	22	1959170138270034710	1060981906	2077545477
comp_strong_flat	10000	23	163050823110019975	440452435	120415779
comp_strong_flat	10000	24	13965448949840030934	2085004869	128595683
comp_strong_flat	10000	25	12616939989878559734	1246344012	1324460127
comp_strong_flat	10000	26	11362959193076158614	299994020	539848151
comp_strong_flat	10000	27	1818208271466145208	2011042466	285904756
comp_strong_flat	10000	28	4886010387878456907	544548381	115249983
comp_strong_flat	10000	29	1678804255524356708	1640050255	809738993
comp_strong_flat	10000	30	3027262684250692638	234121868	970199305
comp_strong_flat	10000	31	2419222414982290183	1969133174	342839182
comp_strong_flat	10000	32	16555282126281322869	1786696792	202629839
comp_strong_flat	10000	33	15026417924601252898	258379383	2100489221
comp_strong_flat	10000	34	11493049138507533246	1159450423	1874551890
comp_strong_flat	10000	35	14016169581207063037	688875337	1695172564
comp_strong_flat	10000	36	15649500222356460972	1263966958	1538953460
comp_strong_flat	10000	37	1491900440947229758	747598612	1894517272
comp_strong_flat	10000	38	638762093215524661	1829589872	1855247800
comp_strong_flat	10000	39	12538197228661033067	1983785041	955290479
comp_strong_flat	10000	40	10166431897797423729	1619859698	1690892154
comp_strong_flat	10000	41	17407054259492614129	1594691550	1064057560
comp_strong_flat	10000	42	10100219575250496158	2049742689	865606512
comp_strong_flat	10000	43	15806070011263797458	1716373362	1287702377
comp_strong_flat	10000	44	12191925190889672668	269586743	1132263771
comp_strong_flat	10000	45	10296233166061373839	448161690	709936210
comp_strong_flat	10000	46	17600649084384374352	1922160434	33546801
comp_strong_flat	10000	47	469989141818014514	1383672757	1932416228
comp_strong_flat	10000	48	8190009833244875308	170765414	46754860
comp_strong_flat	10000	49	7214498244060242439	1690721778	604083769
comp_strong_flat	10000	50	14024850898092443577	1815732793	1245881148
comp_strong_flat	10000	51	14739350380197863843	859308908	1245394141
comp_strong_flat	10000	52	13666799560005049796	954673270	803631065
comp_strong_flat	10000	53	4325703253514066361	573219549	1081795420
comp_strong_flat	10000	54	260879316223044648	517298207	1135382736
comp_strong_flat	10000	55	8010476496165311595	845565931	159608419
comp_strong_flat	10000	56	3278364789480994037	901388388	1833189269
comp_strong_flat	10000	57	357299612478929115	718006735	1820337830
comp_strong_flat	10000	58	3528907612011499827	2144391994	388138503
comp_strong_flat	10000	59	12260552029430155374	591176874	2082041128
comp_strong_flat	10000	60	11035254342121654071	1652648108	1677598091
comp_strong_flat	10000	61	286148715872398888	235497109	2127854526
comp_strong_flat	10000	62	278986577263706658	270928760	1057380285
comp_strong_flat	10000	63	2937576722848134854	1928703874	1866637343
comp_strong_flat	10000	64	9050664399375737773	1757818515	1383304878
comp_strong_flat	10000	65	8031899240239436275	202802829	1080749040
comp_strong_flat	10000	66	11617424161398194039	864916408	1037413902
comp_strong_flat	10000	67	9953664898122446161	1845074864	979596917
comp_strong_flat	10000	68	3442348106373774659	1289400440	606651439
comp_strong_flat	10000	69	15420367913686279198	323943300	457853767
comp_strong_flat	10000	70	2714067625222713346	767092872	1388483007
comp_strong_flat	10000	71	16206087363383152865	1106614333	1550000781
comp_strong_flat	10000	72	10638980659032889656	1123107122	1011606608
comp_strong_flat	10000	73	11494305418258050876	132410226	81375979
comp_strong_flat	10000	74	5309174146812521132	1062265642	1816068866
comp_strong_flat	10000	75	8109032387419752788	854134959	950451975
comp_strong_flat	10000	76	13273537437698316381	1076137601	810050444
comp_strong_flat	10000	77	16462597142173636872	1879205336	1051256456
comp_strong_flat	10000	78	18224766308898275829	777406533	1126271344
comp_strong_flat	10000	79	3907715213393785266	1086383091	1155104217
comp_strong_flat	10000	80	7683367603854042499	1054403919	1220150289
comp_strong_flat	10000	81	3824176428115955723	1430246658	1930425077
comp_strong_flat	10000	82	17805147207354708362	1769138241	1149701957
comp_strong_flat	10000	83	5429225645352355148	1204936619	2142521951
comp_strong_flat	10000	84	12120281518235136647	1788770139	475448488
comp_strong_flat	10000	85	17707624669088298082	425374505	1338034026
comp_strong_flat	10000	86	12790921558829742837	1126434137	554678595
comp_strong_flat	10000	87	5343764750660487832	69707516	1296775610
comp_strong_flat	10000	88	16958589572929132709	348251577	1264697144
comp_strong_flat	10000	89	16078628919499126435	1454492742	2037365131
comp_strong_flat	10000	90	14611665833674668992	536165730	2010303799
comp_strong_flat	10000	91	2399709086522291424	517056633	2068134707
comp_strong_flat	10000	92	6143608182093795766	1834748562	1430038340
comp_strong_flat	10000	93	16008836035105417553	654055831	321035017
comp_strong_flat	10000	94	9265484917632702171	452415334	1736039890
comp_strong_flat	10000	95	14773825912421860599	1557801135	1332748270
comp_strong_flat	10000	96	10234225529766866676	2088505573	1411575516
comp_strong_flat	10000	97	9627893119296347300	2011159705	1753104855
comp_strong_flat	10000	98	4892472052762166690	1145384688	839346629
comp_strong_flat	10000	99	3052422653093743207	1015477862	1029218072
nb	1000	0	12403870183931229977	1544338777	1811443261
nb	1000	1	16138854778367581324	375925563	1589662390
nb	1000	2	13801697337652846852	265735113	2087240566
nb	1000	3	2714330185329587474	1165380658	210860804
nb	1000	4	3433855834083811199	829865528	1576440560
nb	1000	5	3306809079689176477	851659734	1087549966
nb	1000	6	16278824516791410634	735648828	5532975
nb	1000	7	2714858470733766689	278827039	1798342508
nb	1000	8	10667177783352319224	364214274	527594859
nb	1000	9	14654062220788751964	375369482	1270085203
nb	1000	10	13075764563634511775	1998612313	1044872381
nb	1000	11	4828082343097985698	1904888432	1868304328
nb	1000	12	1482552569908481643	13239229	925488399
nb	1000	13	1152569976218018477	835707526	643763389
nb	1000	14	3742625473894852418	309458069	1233726547
nb	1000	15	2225998588629405127	1906026048	2139171389
nb	1000	16	2502541364524743188	918445698	1753198823
nb	1000	17	12447643412530345900	1545429644	1026978894
nb	1000	18	8919504886699950681	1553555019	386288261
nb	1000	19	8556583284163488661	1129873869	1344942200
nb	1000	20	15454638567885710456	310218834	1037404087
nb	1000	21	324034960770923914	1208539812	1294822374
nb	1000	22	322356811539020850	1279603666	1850698035
nb	1000	23	6970286133455772562	671261023	204311328
nb	1000	24	3957077586394617078	2131252211	2072940083
nb	1000	25	16876573147270475332	176011034	54904413
nb	1000	26	13948585110242675223	1014419249	2142847589
nb	1000	27	8248551733863902290	1658958147	639443078
nb	1000	28	17009260242987975168	528701669	1832038641
nb	1000	29	3783358544664494719	795564791	1281060441
nb	1000	30	5565385571568039701	1426995629	823658637
nb	1000	31	14150569258849061460	1200143164	1840453722
nb	1000	32	3856614585419201840	1660774409	1295714525
nb	1000	33	13834136461750297065	752003196	650987080
nb	1000	34	5934902243003695753	1498578837	1981034632
nb	1000	35	14576513109164326201	1421124905	1196345118
nb	1000	36	14547594049645646437	469782605	1485822746
nb	1000	37	271362000970744589	1492029347	1795337122
nb	1000	38	1843674429213136755	1832036874	1616650297
nb	1000	39	17005203399742615969	1985486897	1226540365
nb	1000	40	5689993750438637042	288234767	1144329468
nb	1000	41	13758912664171112076	1125383486	730952653
nb	1000	42	25629372630026598	1090328370	615349117
nb	1000	43	8027764117483566537	932916529	512831949
nb	1000	44	16395013325881707708	495732722	1806078021
nb	1000	45	13644745860191596190	691102209	1604327356
nb	1000	46	13636754973432263836	291285572	1767832774
nb	1000	47	17741761843734993215	276338464	1848066934
nb	1000	48	7090387162240105282	418950222	75450830
nb	1000	49	18373732758379989571	29930244	601768380
nb	1000	50	14476322704347003590	1532243651	1295378366
nb	1000	51	16098320532391838056	1738280215	463914318
nb	1000	52	10415065961605991399	236196531	1065394608
nb	1000	53	18021091982948304154	138191644	1634847819
nb	1000	54	17258649698764875711	99467936	662532582
nb	1000	55	11437905949290085443	1728473717	1240224000
nb	1000	56	989238411891368153	977660620	1551257133
nb	1000	57	2707948915290290222	19552534	44716133
nb	1000	58	334185391683422484	2109055322	654711819
nb	1000	59	688621317852130905	902287410	660433917
nb	1000	60	16346573825827984170	1235669654	564380361
nb	1000	61	7785901187265220404	542103480	1452967747
nb	1000	62	2933046481714988446	1393921095	1208628668
nb	1000	63	2535705263236605740	1225789586	1571781589
nb	1000	64	13631525087326718773	505162446	1305343126
nb	1000	65	13601326813257123073	1100416790	1626881631
nb	1000	66	407056738910791706	498208198	1240845152
nb	1000	67	16047587508800558245	1941050412	1139341932
nb	1000	68	18437982464858336806	730027611	145226200
nb	1000	69	9882818407700036555	383981030	1837198833
nb	1000	70	8657047716205608172	615702682	915153178
nb	1000	71	1285733664135127547	800808062	1278946057
nb	1000	72	2048491431168029257	494950591	732260354
nb	1000	73	8208070880361318137	1542131116	340935439
nb	1000	74	4273909110903735644	1259806902	1916195113
nb	1000	75	7019414634088404793	731815964	1001440180
nb	1000	76	11396951800040417070	889642375	310791585
nb	1000	77	4481714019962931035	1286934963	1279586404
nb	1000	78	9279022810464565943	780514065	1696091303
nb	1000	79	6156261677793221834	837055234	877440755
nb	1000	80	11531923624936468991	933658850	1351938880
nb	1000	81	11308405538067835863	1039964967	1530408795
nb	1000	82	1689454506071006644	1247035318	1840145065
nb	1000	83	673663023436592547	2665557	1823280047
nb	1000	84	14092625731036255112	174216004	1495965034
nb	1000	85	7866043517141131998	826406883	575304654
nb	1000	86	12794530104488152472	963291779	228901434
nb	1000	87	9685666972038505882	560116291	716020935
nb	1000	88	9085040869880045821	1667317090	82807738
nb	1000	89	16564584615082487656	1543134532	984573689
nb	1000	90	12368417163021815024	94234327	902085760
nb	1000	91	5739559543149755099	1595100233	14219884
nb	1000	92	13977395800450864438	526729614	2092607603
nb	1000	93	17364315305241880828	1419818017	295138231
nb	1000	94	6799172921920515449	166930007	820762991
nb	1000	95	3118397515895757487	1962898889	1957432359
nb	1000	96	16350629129253906382	68782683	1890340086
nb	1000	97	5998600646709160307	1439111628	600622023
nb	1000	98	17531177887339015646	288111325	1465651931
nb	1000	99	8889334807626674539	293572025	629277805
clock	1000	0	6928429872505694931	1350865163	501004759
clock	1000	1	13550662313238217081	1422909574	1686621813
clock	1000	2	6388215441999499493	1376437882	1864337776
clock	1000	3	7844547176731249599	1183985339	1965274601
clock	1000	4	5694637427968847330	29798572	772836225
clock	1000	5	7094948112050657723	1793134919	1545559339
clock	1000	6	8663684827258535878	171753515	1961093735
clock	1000	7	9463664412038572156	683054641	312186506
clock	1000	8	10240552240827914526	1349281522	893744511
clock	1000	9	8001464519469363349	1820870504	303520890
clock	1000	10	8589191629418322152	1616073814	1791311434
clock	1000	11	1560610716069015829	835425558	1276118788
clock	1000	12	2173905828402615221	673306705	888718616
clock	1000	13	8401674444910570836	1616920218	1651147509
clock	1000	14	2140276304783415316	1947436437	1245054516
clock	1000	15	4086734091164984474	826241613	370408865
clock	1000	16	10762014559914977878	169951844	1737140830
clock	1000	17	17012445539644485785	900935610	1363814872
clock	1000	18	13613454401619240715	1617697854	1746651957
clock	1000	19	15732497802935393873	2031470520	1003509168
clock	1000	20	17841333417356641842	1549509028	694693524
clock	1000	21	2201614333554132266	1041668567	2100105828
clock	1000	22	8870316434048408011	45306541	1604582750
clock	1000	23	13330242197742158938	1855708706	1999497035
clock	1000	24	7245973072573320115	293584043	1776248839
clock	1000	25	9998275573848673470	1203382960	1940825506
clock	1000	26	12617121368794254934	1584972831	230494347
clock	1000	27	13989614034324920982	421231595	264535339
clock	1000	28	15376380102557177513	1970513464	2097141559
clock	1000	29	17458317979404961219	495762352	111087288
clock	1000	30	6174397569976822003	1441681670	1197244351
clock	1000	31	2855215802252326653	1002233156	110937637
clock	1000	32	12659362794185965772	1638240433	1925771014
clock	1000	33	15306557428962179925	1622581374	322731250
clock	1000	34	4619848057459599460	671863870	977712252
clock	1000	35	14781432190518679054	354767740	1212151889
clock	1000	36	7268131316349639369	1810071054	831370140
clock	1000	37	2846363759110839082	461249213	2118692164
clock	1000	38	6554774391105181583	500613620	1064160167
clock	1000	39	17941649102529038910	434799626	2127046150
clock	1000	40	3607134472971207167	1553374225	1738916096
clock	1000	41	13543175803585911639	1500926061	635040382
clock	1000	42	8839836672794107177	505166949	323414955
clock	1000	43	9138705969415994511	1045518041	1853761547
clock	1000	44	15315035639948502300	377303447	78750472
clock	1000	45	17349626062206705556	759398772	916065423
clock	1000	46	8327552257419219481	1922473207	1515938264
clock	1000	47	15845648748289488334	779626721	1885302344
clock	1000	48	16015361479260413564	1810190435	1782266886
clock	1000	49	10543072141018117216	1818840506	1453535507
clock	1000	50	5530436778426032231	1617371727	1422154561
clock	1000	51	4513640507210220206	1705813421	1752533409
clock	1000	52	572923303742448250	1449039378	1487937100
clock	1000	53	15993612281189127493	784104621	626483589
clock	1000	54	7595906867745222895	1843072505	1622928569
clock	1000	55	3227795310679319538	809199256	666891306
clock	1000	56	537659951978673206	2068381849	1535661242
clock	1000	57	9534198057235104382	2095950696	683327969
clock	1000	58	12135141384885909939	424320579	1026667356
clock	1000	59	6078806233453496565	1055296684	1471455272
clock	1000	60	10973733310099702394	1506152201	2079445390
clock	1000	61	12029907075369036230	637661385	1692584158
clock	1000	62	8593519413929374130	147330539	1747851275
clock	1000	63	6378172359633272458	374631777	675873593
clock	1000	64	3390922566581191875	2023769165	417379672
clock	1000	65	8183026407529802298	914450336	212753040
clock	1000	66	6086852898343142138	805795478	1472379665
clock	1000	67	246668975734545996	1825843032	809033383
clock	1000	68	14265068432633943795	1944418704	2047855410
clock	1000	69	17427719060380824700	1583997769	1145383706
clock	1000	70	12834671797763330255	594106945	1408932417
clock	1000	71	4528696049462064471	1138112900	829272567
clock	1000	72	14606585300197924726	1785113367	152973706
clock	1000	73	11685791177220644625	368713798	1790674861
clock	1000	74	3805427432536359604	1724945427	1102694649
clock	1000	75	254188109847363684	1667807315	912888041
clock	1000	76	5776743484446831678	514527680	243463207
clock	1000	77	12491290045517314621	2061095645	467055830
clock	1000	78	451793676655606675	1622771283	1638802609
clock	1000	79	10695648651568210052	964009239	749483304
clock	1000	80	5583620752723276399	1279912522	1588830923
clock	1000	81	979176885130938939	2064626886	1860082233
clock	1000	82	14017001654727537350	1087210971	1019478816
clock	1000	83	8620301882914161308	2081594712	1533051084
clock	1000	84	678373216144113674	1643815176	848736677
clock	1000	85	8887470453439399697	1629811571	888748058
clock	1000	86	5611879668641644308	1638862753	694046187
clock	1000	87	12080552869255007536	506004742	211822594
clock	1000	88	2107585960860401508	63339120	690276244
clock	1000	89	15749972948270658981	1110857848	1857336834
clock	1000	90	8972983371619405921	1830801012	2043531777
clock	1000	91	6445572309872280265	402200146	1422336686
clock	1000	92	14618385689760486559	1688869617	683614722
clock	1000	93	13877798305652165995	1129237568	443894238
clock	1000	94	11098698498356446483	437923109	1598142232
clock	1000	95	14798133088851816527	2051399014	1922376505
clock	1000	96	11746512156527311824	1854650604	71937891
clock	1000	97	6572236966193644624	2078883522	2050317727
clock	1000	98	2067366699352165297	851848945	1665138324
clock	1000	99	16712290214713349756	886998891	1447274497
sparse	1000	0	12041570345643588873	1067316396	86940545
sparse	1000	1	15332065187279895872	899218399	2142971769
sparse	1000	2	14724439426462980522	325211014	876534685
sparse	1000	3	623325956637837202	138372709	1238776045
sparse	1000	4	4126237114475552514	1553996133	104069437
sparse	1000	5	1440082735449704877	1837753912	1866761894
sparse	1000	6	16838008918341090661	1669168922	1344445997
sparse	1000	7	8538870109271851684	1507642110	1255444524
sparse	1000	8	16251620652091963204	1024573768	130308141
sparse	1000	9	2220431132476536415	139132842	296874782
sparse	1000	10	5875139677093392412	1660005287	371036799
sparse	1000	11	17026296482971927650	2036553945	1881015880
sparse	1000	12	10124766549801326790	1386904823	1400063563
sparse	1000	13	6046283838235173729	343493921	1496866455
sparse	1000	14	17326025979026132296	420770750	1263937726
sparse	1000	15	11251773104520879252	2108074301	717171184
sparse	1000	16	12633176210103855790	1458990127	1148608717
sparse	1000	17	2538956732912353713	30631336	9743397
sparse	1000	18	5396585575779085119	529499132	247508223
sparse	1000	19	6573392618723136544	1214130387	96019733
sparse	1000	20	5335766640500718106	683440209	1198302988
sparse	1000	21	1386732916845692903	1873510957	1347451562
sparse	1000	22	6357314710534700294	590169216	334570634
sparse	1000	23	10020447955420196202	435145452	948358598
sparse	1000	24	5795705323305384821	2133575228	1610634267
sparse	1000	25	3242175185142430122	270529052	571341431
sparse	1000	26	287969651279445332	1707596227	408501617
sparse	1000	27	3868118318325785223	739624366	660673693
sparse	1000	28	3391236479619796561	1239589511	983583502
sparse	1000	29	4449113825660676427	1776167825	236376686
sparse	1000	30	3173976438790865943	1716065093	2136627288
sparse	1000	31	9446640647884935493	975759785	107116591
sparse	1000	32	682413368056870234	1412311784	1720329147
sparse	1000	33	15166668696127403628	1545525198	401257152
sparse	1000	34	5925271536146382520	450354368	345490143
sparse	1000	35	9138502140262984014	1921937835	1863300606
sparse	1000	36	6913500941726947618	1666664166	1590758661
sparse	1000	37	11294068000268518813	843468201	281654751
sparse	1000	38	4885436022833497280	489567531	751113461
sparse	1000	39	17942486730921452153	1901117845	1551537166
sparse	1000	40	1602946377134351771	1792297449	1717375075
sparse	1000	41	9732877754564404833	777775826	1392561699
sparse	1000	42	1290581599259013549	278314597	216337028
sparse	1000	43	15368733454384248956	1866992234	561847317
sparse	1000	44	15794056084304405010	1297211945	103727425
sparse	1000	45	18248540371498475415	2044362751	2091153305
sparse	1000	46	15297990164973410291	1329355490	1324670009
sparse	1000	47	16763493559858192085	686572903	331191709
sparse	1000	48	11870455958775422061	399276466	664433571
sparse	1000	49	2458196493802447915	1563305580	2126051221
sparse	1000	50	17301398944412996433	1181137865	281994299
sparse	1000	51	10241164432075150457	369974200	1161482890
sparse	1000	52	46765162774886570	2049718372	1633920798
sparse	1000	53	6929193896773318348	766910015	1288324789
sparse	1000	54	15362019784052747527	1316001694	1842180815
sparse	1000	55	15328150460469768953	358863895	1688651303
sparse	1000	56	16739386065914858301	1279846972	1319199700
sparse	1000	57	9435721664968274097	1134367257	1417494803
sparse	1000	58	3755201149992635638	249492353	473155781
sparse	1000	59	7256889104760538178	193552391	2088326717
sparse	1000	60	14048250773305686016	818606474	422487441
sparse	1000	61	4431141994069942471	1604446989	1698019400
sparse	1000	62	9471847669761095329	876406186	1281884531
sparse	1000	63	1381378574101280794	795855115	1056154735
sparse	1000	64	7312050305771872060	1816167185	1772717395
sparse	1000	65	11150518591855931631	1673674886	1486269698
sparse	1000	66	16261488843230921605	1470856536	1458418893
sparse	1000	67	11921486025335299446	49084010	411817893
sparse	1000	68	3769716911918361931	16361487	319786137
sparse	1000	69	8447925727367138362	289724597	1419307715
sparse	1000	70	5614458107729303963	582021304	1255976818
sparse	1000	71	9252142648994400617	926966432	1941963125
sparse	1000	72	14054279180642637517	834783638	773468968
sparse	1000	73	4988506131888868251	46600225	1612877281
sparse	1000	74	8937508111129128556	620138132	1790945529
sparse	1000	75	11728516105541280553	1304632949	1539561123
sparse	1000	76	5396892902113851235	527454487	288391064
sparse	1000	77	17059112067105975975	885355737	1323598177
sparse	1000	78	10896474456997455876	2064971900	1863518380
sparse	1000	79	11612015114514638430	1814450731	171441345
sparse	1000	80	17385659855233297576	1517584164	1998580937
sparse	1000	81	6184528506519659219	1732311812	1959424038
sparse	1000	82	13187827201205495607	1906085019	911888221
sparse	1000	83	5437921794309122130	84890654	141858021
sparse	1000	84	2853356987430036845	1063273462	1621017306
sparse	1000	85	15734951289789820702	1717726450	1236312163
sparse	1000	86	5996637445625705402	1220899249	775966256
sparse	1000	87	14133272214095208532	1745299334	2057216845
sparse	1000	88	1455788789984928962	938199447	422879541
sparse	1000	89	16818064270061722043	1917108822	176108110
sparse	1000	90	15732735564922606715	1468695729	1363860579
sparse	1000	91	2279288132118546866	966838915	1366063357
sparse	1000	92	3370603522713722845	1649367079	1093684147
sparse	1000	93	1792863858157494642	510832048	127209113
sparse	1000	94	1379996196257973569	2142647563	2101612451
sparse	1000	95	10223281899782456786	1194951288	922276402
sparse	1000	96	9466749632257134420	1874095560	675162636
sparse	1000	97	12668328693340176552	784833128	1530250021
sparse	1000	98	2668545086514917859	130595433	1405364318
sparse	1000	99	10566618668298180952	828570258	706002452
