## RB-05(4.ii) promoted witness -- documented rules excerpt v3:
## R1 CR-progress collapsed; R2 C++ diagnostic bodies dropped (64
## lines); R3 storm shapes (>=150 repeats, digit-masked 48-byte
## prefix key) kept head 20/tail 40, middle collapsed
## into 6 markers; R4 all else verbatim, order preserved.
## full-file sha256 of the UNtrimmed original:
## e5b846146c3868d2f25a6e7838a125f928ddad8c2742f927b7a9fcb728910a9b
## (original retained on the controller host at /tmp/m7probe/runB.log)
Warning message:
In readLines(params_path) :
  incomplete final line found on '/m7scaffold/in/params.json'
Loading required namespace: synchronicity
Failed with error:  ‘there is no package called ‘synchronicity’’
Installing package into ‘/usr/local/lib/R/site-library’
(as ‘lib’ is unspecified)
also installing the dependencies ‘bigmemory.sri’, ‘uuid’, ‘BH’

trying URL 'https://p3m.dev/cran/2024-04-23/src/contrib/bigmemory.sri_0.1.8.tar.gz'
Content type 'application/x-tar' length 1876 bytes
==================================================
downloaded 1876 bytes

trying URL 'https://p3m.dev/cran/2024-04-23/src/contrib/uuid_1.2-0.tar.gz'
Content type 'binary/octet-stream' length 80685 bytes (78 KB)
==================================================
downloaded 78 KB

trying URL 'https://p3m.dev/cran/2024-04-23/src/contrib/BH_1.84.0-0.tar.gz'
Content type 'binary/octet-stream' length 13914664 bytes (13.3 MB)
==================================================
downloaded 13.3 MB

trying URL 'https://p3m.dev/cran/2024-04-23/src/contrib/synchronicity_1.3.10.tar.gz'
Content type 'application/x-tar' length 11186 bytes (10 KB)
==================================================
downloaded 10 KB

* installing *source* package ‘bigmemory.sri’ ...
** package ‘bigmemory.sri’ successfully unpacked and MD5 sums checked
** using staged installation
** R
** byte-compile and prepare package for lazy loading
** help
*** installing help indices
** building package indices
** testing if installed package can be loaded from temporary location
** testing if installed package can be loaded from final location
** testing if installed package keeps a record of temporary installation path
* DONE (bigmemory.sri)
* installing *source* package ‘uuid’ ...
** package ‘uuid’ successfully unpacked and MD5 sums checked
** using staged installation
checking for gcc... gcc
checking whether the C compiler works... yes
checking for C compiler default output file name... a.out
checking for suffix of executables... 
checking whether we are cross compiling... no
checking for suffix of object files... o
checking whether the compiler supports GNU C... yes
checking whether gcc accepts -g... yes
checking for gcc option to enable C11 features... none needed
checking for stdio.h... yes
checking for stdlib.h... yes
checking for string.h... yes
checking for inttypes.h... yes
checking for stdint.h... yes
checking for strings.h... yes
checking for sys/stat.h... yes
checking for sys/types.h... yes
checking for unistd.h... yes
checking for grp.h... yes
checking for langinfo.h... yes
checking for locale.h... yes
checking for netinet/in.h... yes
checking for stdlib.h... (cached) yes
checking for sys/file.h... yes
checking for sys/ioctl.h... yes
checking for sys/socket.h... yes
checking for sys/sockio.h... no
checking for sys/syscall.h... yes
checking for sys/sendfile.h... yes
checking for sys/time.h... yes
checking for sys/un.h... yes
checking for unistd.h... (cached) yes
checking for net/if.h... yes
checking for net/if_dl.h... no
checking for dirfd... yes
checking for err... yes
checking for errx... yes
checking for getexecname... no
checking for getrandom... yes
checking for jrand48... yes
checking for llseek... no
checking for lchown... yes
checking for mempcpy... yes
checking for mkostemp... yes
checking for nanosleep... yes
checking for sendfile... yes
checking for srandom... yes
checking for strnchr... no
checking for strndup... yes
checking for strnlen... yes
checking for usleep... yes
checking for warn... yes
checking for warnx... yes
checking for flock... yes
checking for struct sockaddr.sa_len... no
checking for dlfcn.h... yes
checking for library containing dlsym... none required
checking for thread local storage (TLS) support... yes
configure: creating ./config.status
config.status: creating src/Makevars
config.status: creating src/config.h
** libs
using C compiler: ‘gcc (Ubuntu 11.4.0-1ubuntu1~22.04) 11.4.0’
gcc -I"/usr/local/lib/R/include" -DNDEBUG -include config.h -I/usr/local/include  -I/usr/local/include    -fPIC  -g -O2 -fstack-protector-strong -Wformat -Werror=format-security -Wdate-time -D_FORTIFY_SOURCE=2 -g  -c R.c -o R.o
gcc -I"/usr/local/lib/R/include" -DNDEBUG -include config.h -I/usr/local/include  -I/usr/local/include    -fPIC  -g -O2 -fstack-protector-strong -Wformat -Werror=format-security -Wdate-time -D_FORTIFY_SOURCE=2 -g  -c Ruuid.c -o Ruuid.o
gcc -I"/usr/local/lib/R/include" -DNDEBUG -include config.h -I/usr/local/include  -I/usr/local/include    -fPIC  -g -O2 -fstack-protector-strong -Wformat -Werror=format-security -Wdate-time -D_FORTIFY_SOURCE=2 -g  -c clear.c -o clear.o
gcc -I"/usr/local/lib/R/include" -DNDEBUG -include config.h -I/usr/local/include  -I/usr/local/include    -fPIC  -g -O2 -fstack-protector-strong -Wformat -Werror=format-security -Wdate-time -D_FORTIFY_SOURCE=2 -g  -c compare.c -o compare.o
gcc -I"/usr/local/lib/R/include" -DNDEBUG -include config.h -I/usr/local/include  -I/usr/local/include    -fPIC  -g -O2 -fstack-protector-strong -Wformat -Werror=format-security -Wdate-time -D_FORTIFY_SOURCE=2 -g  -c copy.c -o copy.o
gcc -I"/usr/local/lib/R/include" -DNDEBUG -include config.h -I/usr/local/include  -I/usr/local/include    -fPIC  -g -O2 -fstack-protector-strong -Wformat -Werror=format-security -Wdate-time -D_FORTIFY_SOURCE=2 -g  -c gen_uuid.c -o gen_uuid.o
gcc -I"/usr/local/lib/R/include" -DNDEBUG -include config.h -I/usr/local/include  -I/usr/local/include    -fPIC  -g -O2 -fstack-protector-strong -Wformat -Werror=format-security -Wdate-time -D_FORTIFY_SOURCE=2 -g  -c isnull.c -o isnull.o
gcc -I"/usr/local/lib/R/include" -DNDEBUG -include config.h -I/usr/local/include  -I/usr/local/include    -fPIC  -g -O2 -fstack-protector-strong -Wformat -Werror=format-security -Wdate-time -D_FORTIFY_SOURCE=2 -g  -c md5.c -o md5.o
gcc -I"/usr/local/lib/R/include" -DNDEBUG -include config.h -I/usr/local/include  -I/usr/local/include    -fPIC  -g -O2 -fstack-protector-strong -Wformat -Werror=format-security -Wdate-time -D_FORTIFY_SOURCE=2 -g  -c pack.c -o pack.o
gcc -I"/usr/local/lib/R/include" -DNDEBUG -include config.h -I/usr/local/include  -I/usr/local/include    -fPIC  -g -O2 -fstack-protector-strong -Wformat -Werror=format-security -Wdate-time -D_FORTIFY_SOURCE=2 -g  -c parse.c -o parse.o
gcc -I"/usr/local/lib/R/include" -DNDEBUG -include config.h -I/usr/local/include  -I/usr/local/include    -fPIC  -g -O2 -fstack-protector-strong -Wformat -Werror=format-security -Wdate-time -D_FORTIFY_SOURCE=2 -g  -c rand.c -o rand.o
gcc -I"/usr/local/lib/R/include" -DNDEBUG -include config.h -I/usr/local/include  -I/usr/local/include    -fPIC  -g -O2 -fstack-protector-strong -Wformat -Werror=format-security -Wdate-time -D_FORTIFY_SOURCE=2 -g  -c randutils.c -o randutils.o
gcc -I"/usr/local/lib/R/include" -DNDEBUG -include config.h -I/usr/local/include  -I/usr/local/include    -fPIC  -g -O2 -fstack-protector-strong -Wformat -Werror=format-security -Wdate-time -D_FORTIFY_SOURCE=2 -g  -c sha1.c -o sha1.o
gcc -I"/usr/local/lib/R/include" -DNDEBUG -include config.h -I/usr/local/include  -I/usr/local/include    -fPIC  -g -O2 -fstack-protector-strong -Wformat -Werror=format-security -Wdate-time -D_FORTIFY_SOURCE=2 -g  -c unpack.c -o unpack.o
gcc -I"/usr/local/lib/R/include" -DNDEBUG -include config.h -I/usr/local/include  -I/usr/local/include    -fPIC  -g -O2 -fstack-protector-strong -Wformat -Werror=format-security -Wdate-time -D_FORTIFY_SOURCE=2 -g  -c unparse.c -o unparse.o
gcc -shared -L/usr/local/lib/R/lib -L/usr/local/lib -o uuid.so R.o Ruuid.o clear.o compare.o copy.o gen_uuid.o isnull.o md5.o pack.o parse.o rand.o randutils.o sha1.o unpack.o unparse.o -L/usr/local/lib/R/lib -lR
installing to /usr/local/lib/R/site-library/00LOCK-uuid/00new/uuid/libs
** R
** inst
** byte-compile and prepare package for lazy loading
** help
*** installing help indices
** building package indices
** testing if installed package can be loaded from temporary location
** checking absolute paths in shared objects and dynamic libraries
** testing if installed package can be loaded from final location
** testing if installed package keeps a record of temporary installation path
* DONE (uuid)
* installing *source* package ‘BH’ ...
** package ‘BH’ successfully unpacked and MD5 sums checked
** using staged installation
** inst
** help
*** installing help indices
** building package indices
** testing if installed package can be loaded from temporary location
** testing if installed package can be loaded from final location
** testing if installed package keeps a record of temporary installation path
* DONE (BH)
* installing *source* package ‘synchronicity’ ...
** package ‘synchronicity’ successfully unpacked and MD5 sums checked
** using staged installation
  checking for Sun Studio compiler...
no
  checking for OS...
Linux
** libs
using C++ compiler: ‘g++ (Ubuntu 11.4.0-1ubuntu1~22.04) 11.4.0’
g++ -std=gnu++17 -I"/usr/local/lib/R/include" -DNDEBUG -I../inst -DLINUX -I'/usr/local/lib/R/site-library/BH/include' -I'/usr/local/lib/R/site-library/Rcpp/include' -I/usr/local/include    -fPIC  -g -O2 -fstack-protector-strong -Wformat -Werror=format-security -Wdate-time -D_FORTIFY_SOURCE=2 -g  -c RcppExports.cpp -o RcppExports.o
g++ -std=gnu++17 -I"/usr/local/lib/R/include" -DNDEBUG -I../inst -DLINUX -I'/usr/local/lib/R/site-library/BH/include' -I'/usr/local/lib/R/site-library/Rcpp/include' -I/usr/local/include    -fPIC  -g -O2 -fstack-protector-strong -Wformat -Werror=format-security -Wdate-time -D_FORTIFY_SOURCE=2 -g  -c synchronicity.cpp -o synchronicity.o
In file included from /usr/local/lib/R/site-library/BH/include/boost/smart_ptr/shared_ptr.hpp:18,
/usr/local/lib/R/site-library/BH/include/boost/smart_ptr/detail/shared_count.hpp:361:33: warning: ‘template<class> class std::auto_ptr’ is deprecated: use 'std::unique_ptr' instead [-Wdeprecated-declarations]
      |                                 ^~~~~~~~
In file included from /usr/include/c++/11/memory:76,
/usr/include/c++/11/bits/unique_ptr.h:57:28: note: declared here
      |                            ^~~~~~~~
In file included from /usr/local/lib/R/site-library/BH/include/boost/shared_ptr.hpp:17,
/usr/local/lib/R/site-library/BH/include/boost/smart_ptr/shared_ptr.hpp:251:65: warning: ‘template<class> class std::auto_ptr’ is deprecated: use 'std::unique_ptr' instead [-Wdeprecated-declarations]
      |                                                                 ^~~~~~~~
In file included from /usr/include/c++/11/memory:76,
/usr/include/c++/11/bits/unique_ptr.h:57:28: note: declared here
      |                            ^~~~~~~~
In file included from /usr/local/lib/R/site-library/BH/include/boost/shared_ptr.hpp:17,
/usr/local/lib/R/site-library/BH/include/boost/smart_ptr/shared_ptr.hpp:508:31: warning: ‘template<class> class std::auto_ptr’ is deprecated: use 'std::unique_ptr' instead [-Wdeprecated-declarations]
      |                               ^~~~~~~~
In file included from /usr/include/c++/11/memory:76,
/usr/include/c++/11/bits/unique_ptr.h:57:28: note: declared here
      |                            ^~~~~~~~
In file included from /usr/local/lib/R/site-library/BH/include/boost/shared_ptr.hpp:17,
/usr/local/lib/R/site-library/BH/include/boost/smart_ptr/shared_ptr.hpp:521:22: warning: ‘template<class> class std::auto_ptr’ is deprecated: use 'std::unique_ptr' instead [-Wdeprecated-declarations]
      |                      ^~~~~~~~
In file included from /usr/include/c++/11/memory:76,
/usr/include/c++/11/bits/unique_ptr.h:57:28: note: declared here
      |                            ^~~~~~~~
In file included from /usr/local/lib/R/site-library/BH/include/boost/shared_ptr.hpp:17,
/usr/local/lib/R/site-library/BH/include/boost/smart_ptr/shared_ptr.hpp:604:34: warning: ‘template<class> class std::auto_ptr’ is deprecated: use 'std::unique_ptr' instead [-Wdeprecated-declarations]
      |                                  ^~~~~~~~
In file included from /usr/include/c++/11/memory:76,
/usr/include/c++/11/bits/unique_ptr.h:57:28: note: declared here
      |                            ^~~~~~~~
In file included from /usr/local/lib/R/site-library/BH/include/boost/shared_ptr.hpp:17,
/usr/local/lib/R/site-library/BH/include/boost/smart_ptr/shared_ptr.hpp:613:34: warning: ‘template<class> class std::auto_ptr’ is deprecated: use 'std::unique_ptr' instead [-Wdeprecated-declarations]
      |                                  ^~~~~~~~
In file included from /usr/include/c++/11/memory:76,
/usr/include/c++/11/bits/unique_ptr.h:57:28: note: declared here
      |                            ^~~~~~~~
In file included from /usr/local/lib/R/site-library/BH/include/boost/shared_ptr.hpp:17,
/usr/local/lib/R/site-library/BH/include/boost/smart_ptr/shared_ptr.hpp: In member function ‘boost::shared_ptr<T>& boost::shared_ptr<T>::operator=(std::auto_ptr<_Up>&&)’:
/usr/local/lib/R/site-library/BH/include/boost/smart_ptr/shared_ptr.hpp:615:38: warning: ‘template<class> class std::auto_ptr’ is deprecated: use 'std::unique_ptr' instead [-Wdeprecated-declarations]
      |                                      ^~~~~~~~
In file included from /usr/include/c++/11/memory:76,
/usr/include/c++/11/bits/unique_ptr.h:57:28: note: declared here
      |                            ^~~~~~~~
g++ -std=gnu++17 -I"/usr/local/lib/R/include" -DNDEBUG -I../inst -DLINUX -I'/usr/local/lib/R/site-library/BH/include' -I'/usr/local/lib/R/site-library/Rcpp/include' -I/usr/local/include    -fPIC  -g -O2 -fstack-protector-strong -Wformat -Werror=format-security -Wdate-time -D_FORTIFY_SOURCE=2 -g  -c util.cpp -o util.o
g++ -std=gnu++17 -shared -L/usr/local/lib/R/lib -L/usr/local/lib -o synchronicity.so RcppExports.o synchronicity.o util.o -lrt -L/usr/local/lib/R/lib -lR
installing to /usr/local/lib/R/site-library/00LOCK-synchronicity/00new/synchronicity/libs
** R
** inst
** byte-compile and prepare package for lazy loading
** help
*** installing help indices
** building package indices
** testing if installed package can be loaded from temporary location
** checking absolute paths in shared objects and dynamic libraries
** testing if installed package can be loaded from final location
** testing if installed package keeps a record of temporary installation path
* DONE (synchronicity)

The downloaded source packages are in
	‘/tmp/RtmpwXGEax/downloaded_packages’
Loading required namespace: lpSolve
Failed with error:  ‘there is no package called ‘lpSolve’’
Installing package into ‘/usr/local/lib/R/site-library’
(as ‘lib’ is unspecified)
trying URL 'https://p3m.dev/cran/2024-04-23/src/contrib/lpSolve_5.6.20.tar.gz'
Warning in download.file(url, destfile, method, mode = "wb", ...) :
  URL 'https://p3m.dev/cran/2024-04-23/src/contrib/lpSolve_5.6.20.tar.gz': status was 'SSL connect error'
Error in download.file(url, destfile, method, mode = "wb", ...) : 
  cannot open URL 'https://p3m.dev/cran/2024-04-23/src/contrib/lpSolve_5.6.20.tar.gz'
Warning in download.packages(pkgs, destdir = tmpd, available = available,  :
  download of package ‘lpSolve’ failed
ℹ [2026-10-08 22:04:59.166795]: Best practice for signature extraction started.
ℹ [2026-10-08 22:04:59.181355]: NOTE: the input should be a sample-by-component matrix.
✔ [2026-10-08 22:04:59.182402]: Input matrix kept.
ℹ [2026-10-08 22:04:59.183579]: Spliting samples if it is hyper-mutant.
✔ [2026-10-08 22:04:59.185899]: Done.
ℹ [2026-10-08 22:04:59.186897]: Generating data for inputing NMF.
✔ [2026-10-08 22:04:59.187719]: Starting resampling (get bootstrapped catalog matrix).
Loading required namespace: matrixStats
Failed with error:  ‘there is no package called ‘matrixStats’’
'matrixStats' package is not available, installing it.
Installing package into ‘/usr/local/lib/R/site-library’
(as ‘lib’ is unspecified)
trying URL 'https://p3m.dev/cran/2024-04-23/src/contrib/matrixStats_1.3.0.tar.gz'
Content type 'binary/octet-stream' length 212048 bytes (207 KB)
==================================================
downloaded 207 KB

* installing *source* package ‘matrixStats’ ...
** package ‘matrixStats’ successfully unpacked and MD5 sums checked
** using staged installation
** libs
using C compiler: ‘gcc (Ubuntu 11.4.0-1ubuntu1~22.04) 11.4.0’
gcc -I"/usr/local/lib/R/include" -DNDEBUG   -I/usr/local/include    -fPIC  -g -O2 -fstack-protector-strong -Wformat -Werror=format-security -Wdate-time -D_FORTIFY_SOURCE=2 -g  -c 000.init.c -o 000.init.o
gcc -I"/usr/local/lib/R/include" -DNDEBUG   -I/usr/local/include    -fPIC  -g -O2 -fstack-protector-strong -Wformat -Werror=format-security -Wdate-time -D_FORTIFY_SOURCE=2 -g  -c allocMatrix2.c -o allocMatrix2.o
gcc -I"/usr/local/lib/R/include" -DNDEBUG   -I/usr/local/include    -fPIC  -g -O2 -fstack-protector-strong -Wformat -Werror=format-security -Wdate-time -D_FORTIFY_SOURCE=2 -g  -c anyMissing.c -o anyMissing.o
gcc -I"/usr/local/lib/R/include" -DNDEBUG   -I/usr/local/include    -fPIC  -g -O2 -fstack-protector-strong -Wformat -Werror=format-security -Wdate-time -D_FORTIFY_SOURCE=2 -g  -c binCounts.c -o binCounts.o
gcc -I"/usr/local/lib/R/include" -DNDEBUG   -I/usr/local/include    -fPIC  -g -O2 -fstack-protector-strong -Wformat -Werror=format-security -Wdate-time -D_FORTIFY_SOURCE=2 -g  -c binMeans.c -o binMeans.o
gcc -I"/usr/local/lib/R/include" -DNDEBUG   -I/usr/local/include    -fPIC  -g -O2 -fstack-protector-strong -Wformat -Werror=format-security -Wdate-time -D_FORTIFY_SOURCE=2 -g  -c colCounts.c -o colCounts.o
gcc -I"/usr/local/lib/R/include" -DNDEBUG   -I/usr/local/include    -fPIC  -g -O2 -fstack-protector-strong -Wformat -Werror=format-security -Wdate-time -D_FORTIFY_SOURCE=2 -g  -c colOrderStats.c -o colOrderStats.o
gcc -I"/usr/local/lib/R/include" -DNDEBUG   -I/usr/local/include    -fPIC  -g -O2 -fstack-protector-strong -Wformat -Werror=format-security -Wdate-time -D_FORTIFY_SOURCE=2 -g  -c colRanges.c -o colRanges.o
gcc -I"/usr/local/lib/R/include" -DNDEBUG   -I/usr/local/include    -fPIC  -g -O2 -fstack-protector-strong -Wformat -Werror=format-security -Wdate-time -D_FORTIFY_SOURCE=2 -g  -c diff2.c -o diff2.o
gcc -I"/usr/local/lib/R/include" -DNDEBUG   -I/usr/local/include    -fPIC  -g -O2 -fstack-protector-strong -Wformat -Werror=format-security -Wdate-time -D_FORTIFY_SOURCE=2 -g  -c indexByRow.c -o indexByRow.o
gcc -I"/usr/local/lib/R/include" -DNDEBUG   -I/usr/local/include    -fPIC  -g -O2 -fstack-protector-strong -Wformat -Werror=format-security -Wdate-time -D_FORTIFY_SOURCE=2 -g  -c logSumExp.c -o logSumExp.o
gcc -I"/usr/local/lib/R/include" -DNDEBUG   -I/usr/local/include    -fPIC  -g -O2 -fstack-protector-strong -Wformat -Werror=format-security -Wdate-time -D_FORTIFY_SOURCE=2 -g  -c mean2.c -o mean2.o
gcc -I"/usr/local/lib/R/include" -DNDEBUG   -I/usr/local/include    -fPIC  -g -O2 -fstack-protector-strong -Wformat -Werror=format-security -Wdate-time -D_FORTIFY_SOURCE=2 -g  -c naming.c -o naming.o
gcc -I"/usr/local/lib/R/include" -DNDEBUG   -I/usr/local/include    -fPIC  -g -O2 -fstack-protector-strong -Wformat -Werror=format-security -Wdate-time -D_FORTIFY_SOURCE=2 -g  -c productExpSumLog.c -o productExpSumLog.o
gcc -I"/usr/local/lib/R/include" -DNDEBUG   -I/usr/local/include    -fPIC  -g -O2 -fstack-protector-strong -Wformat -Werror=format-security -Wdate-time -D_FORTIFY_SOURCE=2 -g  -c psortKM.c -o psortKM.o
gcc -I"/usr/local/lib/R/include" -DNDEBUG   -I/usr/local/include    -fPIC  -g -O2 -fstack-protector-strong -Wformat -Werror=format-security -Wdate-time -D_FORTIFY_SOURCE=2 -g  -c rowCounts.c -o rowCounts.o
gcc -I"/usr/local/lib/R/include" -DNDEBUG   -I/usr/local/include    -fPIC  -g -O2 -fstack-protector-strong -Wformat -Werror=format-security -Wdate-time -D_FORTIFY_SOURCE=2 -g  -c rowCummaxs.c -o rowCummaxs.o
gcc -I"/usr/local/lib/R/include" -DNDEBUG   -I/usr/local/include    -fPIC  -g -O2 -fstack-protector-strong -Wformat -Werror=format-security -Wdate-time -D_FORTIFY_SOURCE=2 -g  -c rowCummins.c -o rowCummins.o
gcc -I"/usr/local/lib/R/include" -DNDEBUG   -I/usr/local/include    -fPIC  -g -O2 -fstack-protector-strong -Wformat -Werror=format-security -Wdate-time -D_FORTIFY_SOURCE=2 -g  -c rowCumprods.c -o rowCumprods.o
gcc -I"/usr/local/lib/R/include" -DNDEBUG   -I/usr/local/include    -fPIC  -g -O2 -fstack-protector-strong -Wformat -Werror=format-security -Wdate-time -D_FORTIFY_SOURCE=2 -g  -c rowCumsums.c -o rowCumsums.o
gcc -I"/usr/local/lib/R/include" -DNDEBUG   -I/usr/local/include    -fPIC  -g -O2 -fstack-protector-strong -Wformat -Werror=format-security -Wdate-time -D_FORTIFY_SOURCE=2 -g  -c rowDiffs.c -o rowDiffs.o
gcc -I"/usr/local/lib/R/include" -DNDEBUG   -I/usr/local/include    -fPIC  -g -O2 -fstack-protector-strong -Wformat -Werror=format-security -Wdate-time -D_FORTIFY_SOURCE=2 -g  -c rowLogSumExp.c -o rowLogSumExp.o
gcc -I"/usr/local/lib/R/include" -DNDEBUG   -I/usr/local/include    -fPIC  -g -O2 -fstack-protector-strong -Wformat -Werror=format-security -Wdate-time -D_FORTIFY_SOURCE=2 -g  -c rowMads.c -o rowMads.o
gcc -I"/usr/local/lib/R/include" -DNDEBUG   -I/usr/local/include    -fPIC  -g -O2 -fstack-protector-strong -Wformat -Werror=format-security -Wdate-time -D_FORTIFY_SOURCE=2 -g  -c rowMeans2.c -o rowMeans2.o
gcc -I"/usr/local/lib/R/include" -DNDEBUG   -I/usr/local/include    -fPIC  -g -O2 -fstack-protector-strong -Wformat -Werror=format-security -Wdate-time -D_FORTIFY_SOURCE=2 -g  -c rowMedians.c -o rowMedians.o
gcc -I"/usr/local/lib/R/include" -DNDEBUG   -I/usr/local/include    -fPIC  -g -O2 -fstack-protector-strong -Wformat -Werror=format-security -Wdate-time -D_FORTIFY_SOURCE=2 -g  -c rowOrderStats.c -o rowOrderStats.o
gcc -I"/usr/local/lib/R/include" -DNDEBUG   -I/usr/local/include    -fPIC  -g -O2 -fstack-protector-strong -Wformat -Werror=format-security -Wdate-time -D_FORTIFY_SOURCE=2 -g  -c rowRanges.c -o rowRanges.o
gcc -I"/usr/local/lib/R/include" -DNDEBUG   -I/usr/local/include    -fPIC  -g -O2 -fstack-protector-strong -Wformat -Werror=format-security -Wdate-time -D_FORTIFY_SOURCE=2 -g  -c rowRanksWithTies.c -o rowRanksWithTies.o
gcc -I"/usr/local/lib/R/include" -DNDEBUG   -I/usr/local/include    -fPIC  -g -O2 -fstack-protector-strong -Wformat -Werror=format-security -Wdate-time -D_FORTIFY_SOURCE=2 -g  -c rowSums2.c -o rowSums2.o
gcc -I"/usr/local/lib/R/include" -DNDEBUG   -I/usr/local/include    -fPIC  -g -O2 -fstack-protector-strong -Wformat -Werror=format-security -Wdate-time -D_FORTIFY_SOURCE=2 -g  -c rowVars.c -o rowVars.o
gcc -I"/usr/local/lib/R/include" -DNDEBUG   -I/usr/local/include    -fPIC  -g -O2 -fstack-protector-strong -Wformat -Werror=format-security -Wdate-time -D_FORTIFY_SOURCE=2 -g  -c signTabulate.c -o signTabulate.o
gcc -I"/usr/local/lib/R/include" -DNDEBUG   -I/usr/local/include    -fPIC  -g -O2 -fstack-protector-strong -Wformat -Werror=format-security -Wdate-time -D_FORTIFY_SOURCE=2 -g  -c sum2.c -o sum2.o
gcc -I"/usr/local/lib/R/include" -DNDEBUG   -I/usr/local/include    -fPIC  -g -O2 -fstack-protector-strong -Wformat -Werror=format-security -Wdate-time -D_FORTIFY_SOURCE=2 -g  -c validateIndices.c -o validateIndices.o
gcc -I"/usr/local/lib/R/include" -DNDEBUG   -I/usr/local/include    -fPIC  -g -O2 -fstack-protector-strong -Wformat -Werror=format-security -Wdate-time -D_FORTIFY_SOURCE=2 -g  -c weightedMean.c -o weightedMean.o
gcc -I"/usr/local/lib/R/include" -DNDEBUG   -I/usr/local/include    -fPIC  -g -O2 -fstack-protector-strong -Wformat -Werror=format-security -Wdate-time -D_FORTIFY_SOURCE=2 -g  -c weightedMedian.c -o weightedMedian.o
gcc -I"/usr/local/lib/R/include" -DNDEBUG   -I/usr/local/include    -fPIC  -g -O2 -fstack-protector-strong -Wformat -Werror=format-security -Wdate-time -D_FORTIFY_SOURCE=2 -g  -c x_OP_y.c -o x_OP_y.o
gcc -shared -L/usr/local/lib/R/lib -L/usr/local/lib -o matrixStats.so 000.init.o allocMatrix2.o anyMissing.o binCounts.o binMeans.o colCounts.o colOrderStats.o colRanges.o diff2.o indexByRow.o logSumExp.o mean2.o naming.o productExpSumLog.o psortKM.o rowCounts.o rowCummaxs.o rowCummins.o rowCumprods.o rowCumsums.o rowDiffs.o rowLogSumExp.o rowMads.o rowMeans2.o rowMedians.o rowOrderStats.o rowRanges.o rowRanksWithTies.o rowSums2.o rowVars.o signTabulate.o sum2.o validateIndices.o weightedMean.o weightedMedian.o x_OP_y.o -L/usr/local/lib/R/lib -lR
installing to /usr/local/lib/R/site-library/00LOCK-matrixStats/00new/matrixStats/libs
** R
** inst
** byte-compile and prepare package for lazy loading
** help
*** installing help indices
** building package indices
** installing vignettes
** testing if installed package can be loaded from temporary location
** checking absolute paths in shared objects and dynamic libraries
** testing if installed package can be loaded from final location
** testing if installed package keeps a record of temporary installation path
* DONE (matrixStats)

The downloaded source packages are in
	‘/tmp/RtmpwXGEax/downloaded_packages’
✔ [2026-10-08 22:05:10.709794]: Done.
ℹ [2026-10-08 22:05:10.711792]: Extracting 2 signatures on 20 bootstrapped catalogs with 50 NMF runs for each.
ℹ [2026-10-08 22:05:10.72323]: Running signature number 2 for bootstrapped catalog 1.
NMF algorithm: 'brunet'
Multiple runs: 50
Mode: parallel (2/10 core(s))
Runs: |==                                                |   4%Warning in validityMethod(object) :
  Dimensions of W and H look strange [ncol(W)= 2 > ncol(H)= 1 ]
Warning in validityMethod(object) :
  Dimensions of W and H look strange [ncol(W)= 2 > ncol(H)= 1 ]
Warning in validityMethod(object) :
  Dimensions of W and H look strange [ncol(W)= 2 > ncol(H)= 1 ]
Warning in validityMethod(object) :
  Dimensions of W and H look strange [ncol(W)= 2 > ncol(H)= 1 ]
Warning in validityMethod(object) :
  Dimensions of W and H look strange [ncol(W)= 2 > ncol(H)= 1 ]
Warning in validityMethod(object) :
  Dimensions of W and H look strange [ncol(W)= 2 > ncol(H)= 1 ]
Runs: |====                                              |   8%Warning in validityMethod(object) :
  Dimensions of W and H look strange [ncol(W)= 2 > ncol(H)= 1 ]
Warning in validityMethod(object) :
  Dimensions of W and H look strange [ncol(W)= 2 > ncol(H)= 1 ]
Warning in validityMethod(object) :
  Dimensions of W and H look strange [ncol(W)= 2 > ncol(H)= 1 ]
Warning in validityMethod(object) :
  Dimensions of W and H look strange [ncol(W)= 2 > ncol(H)= 1 ]
Warning in validityMethod(object) :
  Dimensions of W and H look strange [ncol(W)= 2 > ncol(H)= 1 ]
Warning in validityMethod(object) :
  Dimensions of W and H look strange [ncol(W)= 2 > ncol(H)= 1 ]
Runs: |======                                            |  12%Warning in validityMethod(object) :
  Dimensions of W and H look strange [ncol(W)= 2 > ncol(H)= 1 ]
Warning in validityMethod(object) :
  Dimensions of W and H look strange [ncol(W)= 2 > ncol(H)= 1 ]
Warning in validityMethod(object) :
  Dimensions of W and H look strange [ncol(W)= 2 > ncol(H)= 1 ]
Warning in validityMethod(object) :
  Dimensions of W and H look strange [ncol(W)= 2 > ncol(H)= 1 ]
Warning in validityMethod(object) :
  Dimensions of W and H look strange [ncol(W)= 2 > ncol(H)= 1 ]
Warning in validityMethod(object) :
  Dimensions of W and H look strange [ncol(W)= 2 > ncol(H)= 1 ]
Runs: |========                                          |  16%Warning in validityMethod(object) :
  Dimensions of W and H look strange [ncol(W)= 2 > ncol(H)= 1 ]
Warning in validityMethod(object) :
  Dimensions of W and H look strange [ncol(W)= 2 > ncol(H)= 1 ]
Warning in validityMethod(object) :
Warning in validityMethod(object) :
Warning in validityMethod(object) :
Warning in validityMethod(object) :
Runs: |==========                                        |  20%Warning in validityMethod(object) :
Runs: |============                                      |  24%Warning in validityMethod(object) :
Runs: |==============                                    |  27%Warning in validityMethod(object) :
Runs: |================                                  |  31%Warning in validityMethod(object) :
Runs: |==================                                |  35%Warning in validityMethod(object) :
Warning in validityMethod(object) :Warning in validityMethod(object) :
 
 Dimensions of W and H look strange [ncol(W)= 2 > ncol(H)= 1 ]
Runs: |====================                              |  39%Warning in validityMethod(object) :Warning in validityMethod(object) :
 
 Dimensions of W and H look strange [ncol(W)= 2 > ncol(H)= 1 ]
Warning in validityMethod(object) :Warning in validityMethod(object) :
 
 Dimensions of W and H look strange [ncol(W)= 2 > ncol(H)= 1 ]
Runs: |======================                            |  43%Warning in validityMethod(object) :
Runs: |========================                          |  47%Warning in validityMethod(object) :
Warning in validityMethod(object) :Warning in validityMethod(object) :
 
 Dimensions of W and H look strange [ncol(W)= 2 > ncol(H)= 1 ]
Runs: |=========================                         |  51%Warning in validityMethod(object) :
Runs: |===========================                       |  55%Warning in validityMethod(object) :
Runs: |=============================                     |  59%Warning in validityMethod(object) :
Runs: |===============================                   |  63%Warning in validityMethod(object) :
Runs: |=================================                 |  67%Warning in validityMethod(object) :Warning in validityMethod(object) :

Warning in validityMethod(object) :Warning in validityMethod(object) :
 
 Dimensions of W and H look strange [ncol(W)= 2 > ncol(H)= 1 ]
Warning in validityMethod(object) :Warning in validityMethod(object) :
 
 Dimensions of W and H look strange [ncol(W)= 2 > ncol(H)= 1 ]
Runs: |===================================               |  71%Warning in validityMethod(object) :
Runs: |=====================================             |  75%Warning in validityMethod(object) :
Runs: |=======================================           |  78%Warning in validityMethod(object) :
Runs: |=========================================         |  82%Warning in validityMethod(object) :
Runs: |===========================================       |  86%Warning in validityMethod(object) :
Runs: |=============================================     |  90%Warning in validityMethod(object) :
Runs: |===============================================   |  94%Warning in validityMethod(object) :
Runs: |================================================= |  98%Warning in validityMethod(object) :
Runs: |==================================================| 100%
System time:
   user  system elapsed 
  2.141   0.095   2.277 
ℹ [2026-10-08 22:05:13.166645]: Keeping at most 10 NMF solutions with KLD within (1+RTOL) range of the best.
ℹ [2026-10-08 22:05:13.237074]: Running signature number 2 for bootstrapped catalog 2.
NMF algorithm: 'brunet'
Multiple runs: 50
Mode: parallel (2/10 core(s))
Runs: |==                                                |   4%Warning in validityMethod(object) :Warning in validityMethod(object) :
 
 Dimensions of W and H look strange [ncol(W)= 2 > ncol(H)= 1 ]
Warning in validityMethod(object) :Warning in validityMethod(object) :
 
 Dimensions of W and H look strange [ncol(W)= 2 > ncol(H)= 1 ]
Warning in validityMethod(object) :Warning in validityMethod(object) :
 
 Dimensions of W and H look strange [ncol(W)= 2 > ncol(H)= 1 ]
Runs: |====                                              |   8%Warning in validityMethod(object) :Warning in validityMethod(object) :
 
 Dimensions of W and H look strange [ncol(W)= 2 > ncol(H)= 1 ]
Warning in validityMethod(object) :Warning in validityMethod(object) :
 
 Dimensions of W and H look strange [ncol(W)= 2 > ncol(H)= 1 ]
Warning in validityMethod(object) :Warning in validityMethod(object) :
 
 Dimensions of W and H look strange [ncol(W)= 2 > ncol(H)= 1 ]
Runs: |======                                            |  12%Warning in validityMethod(object) :
Warning in validityMethod(object) :Warning in validityMethod(object) :

Runs: |========                                          |  16%Warning in validityMethod(object) :Warning in validityMethod(object) :
 
 Dimensions of W and H look strange [ncol(W)= 2 > ncol(H)= 1 ]
Warning in validityMethod(object) :Warning in validityMethod(object) :
 
 Dimensions of W and H look strange [ncol(W)= 2 > ncol(H)= 1 ]
Warning in validityMethod(object) :Warning in validityMethod(object) :
 
 Dimensions of W and H look strange [ncol(W)= 2 > ncol(H)= 1 ]
Runs: |==========                                        |  20%Warning in validityMethod(object) :
Runs: |============                                      |  24%Warning in validityMethod(object) :
Warning in validityMethod(object) :Warning in validityMethod(object) :

Runs: |==============                                    |  27%Warning in validityMethod(object) :
Runs: |================                                  |  31%Warning in validityMethod(object) :
Runs: |==================                                |  35%Warning in validityMethod(object) :
Runs: |====================                              |  39%Warning in validityMethod(object) :
Runs: |======================                            |  43%Warning in validityMethod(object) :
Runs: |========================                          |  47%Warning in validityMethod(object) :
Runs: |=========================                         |  51%Warning in validityMethod(object) :
Runs: |===========================                       |  55%Warning in validityMethod(object) :
Runs: |=============================                     |  59%Warning in validityMethod(object) :
Runs: |===============================                   |  63%Warning in validityMethod(object) :
Runs: |=================================                 |  67%Warning in validityMethod(object) :
Runs: |===================================               |  71%Warning in validityMethod(object) :
Runs: |=====================================             |  75%Warning in validityMethod(object) :
Runs: |=======================================           |  78%Warning in validityMethod(object) :
Runs: |=========================================         |  82%Warning in validityMethod(object) :
Runs: |===========================================       |  86%Warning in validityMethod(object) :
Runs: |=============================================     |  90%Warning in validityMethod(object) :
Runs: |===============================================   |  94%Warning in validityMethod(object) :
Runs: |================================================= |  98%Warning in validityMethod(object) :
Runs: |==================================================| 100%
System time:
   user  system elapsed 
  2.104   0.094   2.236 
ℹ [2026-10-08 22:05:15.659851]: Keeping at most 10 NMF solutions with KLD within (1+RTOL) range of the best.
ℹ [2026-10-08 22:05:15.728147]: Running signature number 2 for bootstrapped catalog 3.
NMF algorithm: 'brunet'
Multiple runs: 50
Mode: parallel (2/10 core(s))
Runs: |==                                                |   4%Warning in validityMethod(object) :
Runs: |====                                              |   8%Warning in validityMethod(object) :
Runs: |======                                            |  12%Warning in validityMethod(object) :
Runs: |========                                          |  16%Warning in validityMethod(object) :
Runs: |==========                                        |  20%Warning in validityMethod(object) :
Runs: |============                                      |  24%Warning in validityMethod(object) :
Warning in validityMethod(object) :Warning in validityMethod(object) :
 
 Dimensions of W and H look strange [ncol(W)= 2 > ncol(H)= 1 ]
Runs: |==============                                    |  27%Warning in validityMethod(object) :
Warning in validityMethod(object) :Warning in validityMethod(object) :
 
 Dimensions of W and H look strange [ncol(W)= 2 > ncol(H)= 1 ]
Runs: |================                                  |  31%Warning in validityMethod(object) :
Runs: |==================                                |  35%Warning in validityMethod(object) :
Runs: |====================                              |  39%Warning in validityMethod(object) :
Runs: |======================                            |  43%Warning in validityMethod(object) :
Runs: |========================                          |  47%Warning in validityMethod(object) :
Runs: |=========================                         |  51%Warning in validityMethod(object) :
Runs: |==========================                        |  53%Warning in validityMethod(object) :
Runs: |===========================                       |  55%Warning in validityMethod(object) :
Runs: |============================                      |  57%Warning in validityMethod(object) :
Runs: |=============================                     |  59%Warning in validityMethod(object) :
Runs: |==============================                    |  61%Warning in validityMethod(object) :
Runs: |===============================                   |  63%Warning in validityMethod(object) :
Runs: |================================                  |  65%Warning in validityMethod(object) :
Runs: |=================================                 |  67%Warning in validityMethod(object) :
Runs: |==================================                |  69%Warning in validityMethod(object) :
Runs: |===================================               |  71%Warning in validityMethod(object) :
Runs: |====================================              |  73%Warning in validityMethod(object) :
Runs: |=====================================             |  75%Warning in validityMethod(object) :
Runs: |======================================            |  76%Warning in validityMethod(object) :
Runs: |=======================================           |  78%Warning in validityMethod(object) :
Runs: |========================================          |  80%Warning in validityMethod(object) :
Runs: |=========================================         |  82%Warning in validityMethod(object) :
Runs: |==========================================        |  84%Warning in validityMethod(object) :
Runs: |===========================================       |  86%Warning in validityMethod(object) :
Runs: |============================================      |  88%Warning in validityMethod(object) :
Runs: |=============================================     |  90%Warning in validityMethod(object) :
Runs: |==============================================    |  92%Warning in validityMethod(object) :
Runs: |===============================================   |  94%Warning in validityMethod(object) :
Runs: |================================================  |  96%Warning in validityMethod(object) :
System time:
   user  system elapsed 
  2.092   0.082   2.224 
ℹ [2026-10-08 22:05:18.035155]: Keeping at most 10 NMF solutions with KLD within (1+RTOL) range of the best.
ℹ [2026-10-08 22:05:18.120926]: Running signature number 2 for bootstrapped catalog 4.
NMF algorithm: 'brunet'
Multiple runs: 50
Mode: parallel (2/10 core(s))
Runs: |==                                                |   4%Warning in validityMethod(object) :Warning in validityMethod(object) :
 
 Dimensions of W and H look strange [ncol(W)= 2 > ncol(H)= 1 ]
Warning in validityMethod(object) :Warning in validityMethod(object) :

Runs: |====                                              |   8%Warning in validityMethod(object) :
Runs: |======                                            |  12%Warning in validityMethod(object) :
Runs: |========                                          |  16%Warning in validityMethod(object) :
Runs: |==========                                        |  20%Warning in validityMethod(object) :
Warning in validityMethod(object) :Warning in validityMethod(object) :
 
 Dimensions of W and H look strange [ncol(W)= 2 > ncol(H)= 1 ]
Warning in validityMethod(object) :Warning in validityMethod(object) :
 
 Dimensions of W and H look strange [ncol(W)= 2 > ncol(H)= 1 ]
Runs: |============                                      |  24%Warning in validityMethod(object) :
Runs: |==============                                    |  27%Warning in validityMethod(object) :
Runs: |================                                  |  31%Warning in validityMethod(object) :
Runs: |==================                                |  35%Warning in validityMethod(object) :Warning in validityMethod(object) :
Warning in validityMethod(object) :Warning in validityMethod(object) :
Warning in validityMethod(object) :Warning in validityMethod(object) :
Runs: |====================                              |  39%Warning in validityMethod(object) :
Runs: |======================                            |  43%Warning in validityMethod(object) :
Runs: |========================                          |  47%Warning in validityMethod(object) :
Runs: |=========================                         |  51%Warning in validityMethod(object) :
Runs: |===========================                       |  55%Warning in validityMethod(object) :
Runs: |=============================                     |  59%Warning in validityMethod(object) :Warning in validityMethod(object) :
Runs: |===============================                   |  63%Warning in validityMethod(object) :
Runs: |=================================                 |  67%Warning in validityMethod(object) :
Runs: |===================================               |  71%Warning in validityMethod(object) :
Runs: |=====================================             |  75%Warning in validityMethod(object) :
Runs: |=======================================           |  78%Warning in validityMethod(object) :
 Warning in validityMethod(object) : Dimensions of W and H look strange [ncol(W)= 2 > ncol(H)= 1 ]

System time:
   user  system elapsed 
  2.129   0.093   2.263 
ℹ [2026-10-08 22:05:20.467183]: Keeping at most 10 NMF solutions with KLD within (1+RTOL) range of the best.
ℹ [2026-10-08 22:05:20.542491]: Running signature number 2 for bootstrapped catalog 5.
NMF algorithm: 'brunet'
Multiple runs: 50
Mode: parallel (2/10 core(s))
Runs: |==                                                |   4%Warning in validityMethod(object) :Warning in validityMethod(object) :

Runs: |====                                              |   8%Warning in validityMethod(object) :
Runs: |======                                            |  12%Warning in validityMethod(object) :
Runs: |========                                          |  16%Warning in validityMethod(object) :
Runs: |==========                                        |  20%Warning in validityMethod(object) :
Runs: |============                                      |  24%Warning in validityMethod(object) :
Runs: |==============                                    |  27%Warning in validityMethod(object) :
Runs: |================                                  |  31%Warning in validityMethod(object) :
Runs: |==================                                |  35%Warning in validityMethod(object) :

Runs: |====================                              |  39%Warning in validityMethod(object) :
Runs: |======================                            |  43%Warning in validityMethod(object) :
Runs: |========================                          |  47%Warning in validityMethod(object) :
Runs: |=========================                         |  51%Warning in validityMethod(object) :
Runs: |===========================                       |  55%Warning in validityMethod(object) :
Runs: |=============================                     |  59%Warning in validityMethod(object) :
Runs: |===============================                   |  63%Warning in validityMethod(object) :
Runs: |=================================                 |  67%Warning in validityMethod(object) :
Runs: |===================================               |  71%Warning in validityMethod(object) :
Runs: |=====================================             |  75%Warning in validityMethod(object) :
Runs: |=======================================           |  78%Warning in validityMethod(object) :
System time:
   user  system elapsed 
  2.143   0.083   2.263 
ℹ [2026-10-08 22:05:22.886848]: Keeping at most 10 NMF solutions with KLD within (1+RTOL) range of the best.
ℹ [2026-10-08 22:05:22.957972]: Running signature number 2 for bootstrapped catalog 6.
NMF algorithm: 'brunet'
Multiple runs: 50
Mode: parallel (2/10 core(s))
Runs: |==                                                |   4%Warning in validityMethod(object) :Warning in validityMethod(object) :
Runs: |====                                              |   8%Warning in validityMethod(object) :
Runs: |======                                            |  12%Warning in validityMethod(object) :
Runs: |========                                          |  16%Warning in validityMethod(object) :
Runs: |==========                                        |  20%Warning in validityMethod(object) :
Runs: |============                                      |  24%Warning in validityMethod(object) :
Runs: |==============                                    |  27%Warning in validityMethod(object) :
Runs: |================                                  |  31%Warning in validityMethod(object) :
Runs: |==================                                |  35%Warning in validityMethod(object) :
Runs: |====================                              |  39%Warning in validityMethod(object) :
Runs: |======================                            |  43%Warning in validityMethod(object) :
Runs: |========================                          |  47%Warning in validityMethod(object) :

Runs: |=========================                         |  51%Warning in validityMethod(object) :
Runs: |===========================                       |  55%Warning in validityMethod(object) :
Runs: |=============================                     |  59%Warning in validityMethod(object) :
Runs: |===============================                   |  63%Warning in validityMethod(object) :
Runs: |=================================                 |  67%Warning in validityMethod(object) :
Runs: |===================================               |  71%Warning in validityMethod(object) :
Runs: |=====================================             |  75%Warning in validityMethod(object) :
Runs: |=======================================           |  78%Warning in validityMethod(object) :
System time:
   user  system elapsed 
  2.152   0.079   2.270 
ℹ [2026-10-08 22:05:25.310694]: Keeping at most 10 NMF solutions with KLD within (1+RTOL) range of the best.
ℹ [2026-10-08 22:05:25.383577]: Running signature number 2 for bootstrapped catalog 7.
NMF algorithm: 'brunet'
Multiple runs: 50
Mode: parallel (2/10 core(s))
Runs: |==                                                |   4%Warning in validityMethod(object) :
Runs: |====                                              |   8%Warning in validityMethod(object) :Warning in validityMethod(object) :
Runs: |======                                            |  12%Warning in validityMethod(object) :
Runs: |========                                          |  16%Warning in validityMethod(object) :
Runs: |==========                                        |  20%Warning in validityMethod(object) :
Runs: |============                                      |  24%Warning in validityMethod(object) :
Runs: |==============                                    |  27%Warning in validityMethod(object) :
Runs: |================                                  |  31%Warning in validityMethod(object) :
Runs: |==================                                |  35%Warning in validityMethod(object) :
Runs: |====================                              |  39%Warning in validityMethod(object) :
Runs: |======================                            |  43%Warning in validityMethod(object) :
Runs: |========================                          |  47%Warning in validityMethod(object) :
Runs: |=========================                         |  51%Warning in validityMethod(object) :
Runs: |===========================                       |  55%Warning in validityMethod(object) :
Runs: |=============================                     |  59%Warning in validityMethod(object) :
Runs: |===============================                   |  63%Warning in validityMethod(object) :
Runs: |=================================                 |  67%Warning in validityMethod(object) :
Runs: |===================================               |  71%Warning in validityMethod(object) :
Runs: |=====================================             |  75%Warning in validityMethod(object) :
Runs: |=======================================           |  78%Warning in validityMethod(object) :

System time:
   user  system elapsed 
  2.160   0.079   2.289 
ℹ [2026-10-08 22:05:27.763797]: Keeping at most 10 NMF solutions with KLD within (1+RTOL) range of the best.
ℹ [2026-10-08 22:05:27.851004]: Running signature number 2 for bootstrapped catalog 8.
NMF algorithm: 'brunet'
Multiple runs: 50
Mode: parallel (2/10 core(s))
Runs: |==                                                |   4%Warning in validityMethod(object) :
Runs: |====                                              |   8%Warning in validityMethod(object) :
Runs: |======                                            |  12%Warning in validityMethod(object) :
Runs: |========                                          |  16%Warning in validityMethod(object) :
Runs: |==========                                        |  20%Warning in validityMethod(object) :
Runs: |============                                      |  24%Warning in validityMethod(object) :
Runs: |==============                                    |  27%Warning in validityMethod(object) :
Runs: |================                                  |  31%Warning in validityMethod(object) :
Runs: |==================                                |  35%Warning in validityMethod(object) :
Runs: |====================                              |  39%Warning in validityMethod(object) :
Runs: |======================                            |  43%Warning in validityMethod(object) :
Runs: |========================                          |  47%Warning in validityMethod(object) :
Runs: |=========================                         |  51%Warning in validityMethod(object) :
Runs: |===========================                       |  55%Warning in validityMethod(object) :
Runs: |=============================                     |  59%Warning in validityMethod(object) :
Runs: |===============================                   |  63%Warning in validityMethod(object) :
Runs: |=================================                 |  67%Warning in validityMethod(object) :
Runs: |===================================               |  71%Warning in validityMethod(object) :
Runs: |=====================================             |  75%Warning in validityMethod(object) :
Runs: |=======================================           |  78%Warning in validityMethod(object) :
System time:
   user  system elapsed 
  2.212   0.091   2.340 
ℹ [2026-10-08 22:05:30.27981]: Keeping at most 10 NMF solutions with KLD within (1+RTOL) range of the best.
ℹ [2026-10-08 22:05:30.347209]: Running signature number 2 for bootstrapped catalog 9.
NMF algorithm: 'brunet'
Multiple runs: 50
Mode: parallel (2/10 core(s))
Runs: |==                                                |   4%Warning in validityMethod(object) :Warning in validityMethod(object) :
Runs: |====                                              |   8%Warning in validityMethod(object) :
Runs: |======                                            |  12%Warning in validityMethod(object) :
Runs: |========                                          |  16%Warning in validityMethod(object) :
Runs: |==========                                        |  20%Warning in validityMethod(object) :
Runs: |============                                      |  24%Warning in validityMethod(object) :

Runs: |==============                                    |  27%Warning in validityMethod(object) :Warning in validityMethod(object) :
Runs: |================                                  |  31%Warning in validityMethod(object) :
Runs: |==================                                |  35%Warning in validityMethod(object) :
Runs: |====================                              |  39%Warning in validityMethod(object) :
Runs: |======================                            |  43%Warning in validityMethod(object) :

Runs: |========================                          |  47%Warning in validityMethod(object) :
Runs: |=========================                         |  51%Warning in validityMethod(object) :
Runs: |===========================                       |  55%Warning in validityMethod(object) :
Runs: |=============================                     |  59%Warning in validityMethod(object) :
Runs: |===============================                   |  63%Warning in validityMethod(object) :
Runs: |=================================                 |  67%Warning in validityMethod(object) :
Runs: |===================================               |  71%Warning in validityMethod(object) :
Runs: |=====================================             |  75%Warning in validityMethod(object) :
Runs: |=======================================           |  78%Warning in validityMethod(object) :


System time:
   user  system elapsed 
  2.189   0.118   2.347 
ℹ [2026-10-08 22:05:32.787078]: Keeping at most 10 NMF solutions with KLD within (1+RTOL) range of the best.
ℹ [2026-10-08 22:05:32.86263]: Running signature number 2 for bootstrapped catalog 10.
NMF algorithm: 'brunet'
Multiple runs: 50
Mode: parallel (2/10 core(s))
Runs: |==                                                |   4%Warning in validityMethod(object) :Warning in validityMethod(object) :
Runs: |====                                              |   8%Warning in validityMethod(object) :
Runs: |======                                            |  12%Warning in validityMethod(object) :
Runs: |========                                          |  16%Warning in validityMethod(object) :
Runs: |==========                                        |  20%Warning in validityMethod(object) :
Runs: |============                                      |  24%Warning in validityMethod(object) :
Runs: |==============                                    |  27%Warning in validityMethod(object) :
Runs: |================                                  |  31%Warning in validityMethod(object) :
Runs: |==================                                |  35%Warning in validityMethod(object) :
Runs: |====================                              |  39%Warning in validityMethod(object) :
Runs: |======================                            |  43%Warning in validityMethod(object) :
Runs: |========================                          |  47%Warning in validityMethod(object) :
Runs: |=========================                         |  51%Warning in validityMethod(object) :
Runs: |===========================                       |  55%Warning in validityMethod(object) :
Runs: |=============================                     |  59%Warning in validityMethod(object) :
Runs: |===============================                   |  63%Warning in validityMethod(object) :
Runs: |=================================                 |  67%Warning in validityMethod(object) :
Runs: |===================================               |  71%Warning in validityMethod(object) :
Runs: |=====================================             |  75%Warning in validityMethod(object) :Warning in validityMethod(object) :

Runs: |=======================================           |  78%Warning in validityMethod(object) :
System time:
   user  system elapsed 
  2.144   0.094   2.274 
ℹ [2026-10-08 22:05:35.213972]: Keeping at most 10 NMF solutions with KLD within (1+RTOL) range of the best.
ℹ [2026-10-08 22:05:35.286405]: Running signature number 2 for bootstrapped catalog 11.
NMF algorithm: 'brunet'
Multiple runs: 50
Mode: parallel (2/10 core(s))
Runs: |==                                                |   4%Warning in validityMethod(object) :
Runs: |====                                              |   8%Warning in validityMethod(object) :
Runs: |======                                            |  12%Warning in validityMethod(object) :
Runs: |========                                          |  16%Warning in validityMethod(object) :
Runs: |==========                                        |  20%Warning in validityMethod(object) :
 Warning in validityMethod(object) :
Runs: |============                                      |  24%Warning in validityMethod(object) :
Runs: |==============                                    |  27%Warning in validityMethod(object) :
Runs: |================                                  |  31%Warning in validityMethod(object) :
Runs: |==================                                |  35%Warning in validityMethod(object) :
Runs: |====================                              |  39%Warning in validityMethod(object) :
Runs: |======================                            |  43%Warning in validityMethod(object) :

Runs: |========================                          |  47%Warning in validityMethod(object) :
Runs: |=========================                         |  51%Warning in validityMethod(object) :
Runs: |===========================                       |  55%Warning in validityMethod(object) :
Runs: |=============================                     |  59%Warning in validityMethod(object) :
Runs: |===============================                   |  63%Warning in validityMethod(object) :
Runs: |=================================                 |  67%Warning in validityMethod(object) :
Runs: |==================================                |  69%Warning in validityMethod(object) :
Runs: |===================================               |  71%Warning in validityMethod(object) :
Runs: |=====================================             |  75%Warning in validityMethod(object) :
Runs: |=======================================           |  78%Warning in validityMethod(object) :

System time:
   user  system elapsed 
  2.156   0.090   2.282 
ℹ [2026-10-08 22:05:37.650743]: Keeping at most 10 NMF solutions with KLD within (1+RTOL) range of the best.
ℹ [2026-10-08 22:05:37.726489]: Running signature number 2 for bootstrapped catalog 12.
NMF algorithm: 'brunet'
Multiple runs: 50
Mode: parallel (2/10 core(s))
Runs: |==                                                |   4%Warning in validityMethod(object) :
Runs: |====                                              |   8%Warning in validityMethod(object) :
Runs: |======                                            |  12%Warning in validityMethod(object) :
Runs: |========                                          |  16%Warning in validityMethod(object) :
Runs: |==========                                        |  20%Warning in validityMethod(object) :
Runs: |============                                      |  24%Warning in validityMethod(object) :
Runs: |==============                                    |  27%Warning in validityMethod(object) :
Runs: |================                                  |  31%Warning in validityMethod(object) :
Runs: |==================                                |  35%Warning in validityMethod(object) :
Runs: |====================                              |  39%Warning in validityMethod(object) :
Runs: |======================                            |  43%Warning in validityMethod(object) :
Runs: |========================                          |  47%Warning in validityMethod(object) :
Runs: |=========================                         |  51%Warning in validityMethod(object) :Warning in validityMethod(object) :
Runs: |===========================                       |  55%Warning in validityMethod(object) :
Runs: |=============================                     |  59%Warning in validityMethod(object) :
Runs: |===============================                   |  63%Warning in validityMethod(object) :
Runs: |=================================                 |  67%Warning in validityMethod(object) :
Runs: |===================================               |  71%Warning in validityMethod(object) :
Runs: |=====================================             |  75%Warning in validityMethod(object) :
Runs: |=======================================           |  78%Warning in validityMethod(object) :
System time:
   user  system elapsed 
  2.145   0.106   2.289 
ℹ [2026-10-08 22:05:40.099573]: Keeping at most 10 NMF solutions with KLD within (1+RTOL) range of the best.
ℹ [2026-10-08 22:05:40.175303]: Running signature number 2 for bootstrapped catalog 13.
NMF algorithm: 'brunet'
Multiple runs: 50
Mode: parallel (2/10 core(s))
Runs: |==                                                |   4%Warning in validityMethod(object) :
Runs: |====                                              |   8%Warning in validityMethod(object) :
Runs: |======                                            |  12%Warning in validityMethod(object) :
Runs: |========                                          |  16%Warning in validityMethod(object) :
Runs: |==========                                        |  20%Warning in validityMethod(object) :
Runs: |============                                      |  24%Warning in validityMethod(object) :
Runs: |=============                                     |  25%Warning in validityMethod(object) :
Runs: |==============                                    |  27%Warning in validityMethod(object) :
Runs: |===============                                   |  29%Warning in validityMethod(object) :
Runs: |================                                  |  31%Warning in validityMethod(object) :
Runs: |=================                                 |  33%Warning in validityMethod(object) :
Runs: |==================                                |  35%Warning in validityMethod(object) :
Runs: |===================                               |  37%Warning in validityMethod(object) :
Runs: |====================                              |  39%Warning in validityMethod(object) :
Runs: |=====================                             |  41%Warning in validityMethod(object) :
Runs: |======================                            |  43%Warning in validityMethod(object) :
Runs: |=======================                           |  45%Warning in validityMethod(object) :
Runs: |========================                          |  47%Warning in validityMethod(object) :
Runs: |=========================                         |  49%Warning in validityMethod(object) :
Runs: |=========================                         |  51%Warning in validityMethod(object) :
Runs: |==========================                        |  53%Warning in validityMethod(object) :
Runs: |===========================                       |  55%Warning in validityMethod(object) :
Runs: |============================                      |  57%Warning in validityMethod(object) :
Runs: |=============================                     |  59%Warning in validityMethod(object) :
Runs: |==============================                    |  61%Warning in validityMethod(object) :
Runs: |===============================                   |  63%Warning in validityMethod(object) :
Runs: |================================                  |  65%Warning in validityMethod(object) :
Runs: |=================================                 |  67%Warning in validityMethod(object) :
Runs: |==================================                |  69%Warning in validityMethod(object) :
Runs: |===================================               |  71%Warning in validityMethod(object) :
Runs: |====================================              |  73%Warning in validityMethod(object) :
Runs: |=====================================             |  75%Warning in validityMethod(object) :
Runs: |======================================            |  76%Warning in validityMethod(object) :
Runs: |=======================================           |  78%Warning in validityMethod(object) :
Runs: |========================================          |  80%Warning in validityMethod(object) :
System time:
   user  system elapsed 
  2.111   0.104   2.237 
ℹ [2026-10-08 22:05:42.498301]: Keeping at most 10 NMF solutions with KLD within (1+RTOL) range of the best.
ℹ [2026-10-08 22:05:42.567935]: Running signature number 2 for bootstrapped catalog 14.
NMF algorithm: 'brunet'
Multiple runs: 50
Mode: parallel (2/10 core(s))
Runs: |==                                                |   4%Warning in validityMethod(object) :

Runs: |====                                              |   8%Warning in validityMethod(object) :
Runs: |======                                            |  12%Warning in validityMethod(object) :
Runs: |========                                          |  16%Warning in validityMethod(object) :
Runs: |==========                                        |  20%Warning in validityMethod(object) :

Runs: |============                                      |  24%Warning in validityMethod(object) :
Runs: |==============                                    |  27%Warning in validityMethod(object) :
Runs: |================                                  |  31%Warning in validityMethod(object) :
Runs: |==================                                |  35%Warning in validityMethod(object) :
Runs: |====================                              |  39%Warning in validityMethod(object) :
Runs: |======================                            |  43%Warning in validityMethod(object) :
Runs: |========================                          |  47%Warning in validityMethod(object) :
Runs: |=========================                         |  51%Warning in validityMethod(object) :
Runs: |===========================                       |  55%Warning in validityMethod(object) :
Runs: |=============================                     |  59%Warning in validityMethod(object) :
Runs: |===============================                   |  63%Warning in validityMethod(object) :
Runs: |=================================                 |  67%Warning in validityMethod(object) :
Runs: |===================================               |  71%Warning in validityMethod(object) :
Runs: |=====================================             |  75%Warning in validityMethod(object) :
Runs: |=======================================           |  78%Warning in validityMethod(object) :
System time:
   user  system elapsed 
  2.116   0.087   2.238 
ℹ [2026-10-08 22:05:44.892655]: Keeping at most 10 NMF solutions with KLD within (1+RTOL) range of the best.
ℹ [2026-10-08 22:05:44.962968]: Running signature number 2 for bootstrapped catalog 15.
NMF algorithm: 'brunet'
Multiple runs: 50
Mode: parallel (2/10 core(s))
Runs: |==                                                |   4%Warning in validityMethod(object) :

Runs: |====                                              |   8%Warning in validityMethod(object) :Warning in validityMethod(object) :
Runs: |======                                            |  12%Warning in validityMethod(object) :
Runs: |========                                          |  16%Warning in validityMethod(object) :
Runs: |==========                                        |  20%Warning in validityMethod(object) :
Runs: |============                                      |  24%Warning in validityMethod(object) :
Runs: |==============                                    |  27%Warning in validityMethod(object) :
Runs: |================                                  |  31%Warning in validityMethod(object) :Warning in validityMethod(object) :
 Warning in validityMethod(object) : Dimensions of W and H look strange [ncol(W)= 2 > ncol(H)= 1 ]

Runs: |==================                                |  35%Warning in validityMethod(object) :
Runs: |====================                              |  39%Warning in validityMethod(object) :
Runs: |======================                            |  43%Warning in validityMethod(object) :
Runs: |========================                          |  47%Warning in validityMethod(object) :
Runs: |=========================                         |  49%Warning in validityMethod(object) :
Runs: |=========================                         |  51%Warning in validityMethod(object) :
Runs: |===========================                       |  55%Warning in validityMethod(object) :
Runs: |=============================                     |  59%Warning in validityMethod(object) :
Runs: |===============================                   |  63%Warning in validityMethod(object) :
Runs: |=================================                 |  67%Warning in validityMethod(object) :
Runs: |===================================               |  71%Warning in validityMethod(object) :
Runs: |=====================================             |  75%Warning in validityMethod(object) :
Runs: |=======================================           |  78%Warning in validityMethod(object) :

System time:
   user  system elapsed 
  2.108   0.101   2.247 
ℹ [2026-10-08 22:05:47.296129]: Keeping at most 10 NMF solutions with KLD within (1+RTOL) range of the best.
ℹ [2026-10-08 22:05:47.368922]: Running signature number 2 for bootstrapped catalog 16.
NMF algorithm: 'brunet'
Multiple runs: 50
Mode: parallel (2/10 core(s))
Runs: |==                                                |   4%Warning in validityMethod(object) :Warning in validityMethod(object) :
Runs: |====                                              |   8%Warning in validityMethod(object) :
Runs: |======                                            |  12%Warning in validityMethod(object) :
Runs: |========                                          |  16%Warning in validityMethod(object) :Warning in validityMethod(object) :
Runs: |==========                                        |  20%Warning in validityMethod(object) :
Runs: |============                                      |  24%Warning in validityMethod(object) :
Runs: |==============                                    |  27%Warning in validityMethod(object) :
Runs: |================                                  |  31%Warning in validityMethod(object) :
Runs: |==================                                |  35%Warning in validityMethod(object) :
Runs: |====================                              |  39%Warning in validityMethod(object) :
Runs: |======================                            |  43%Warning in validityMethod(object) :Warning in validityMethod(object) :
Runs: |========================                          |  47%Warning in validityMethod(object) :
Runs: |=========================                         |  51%Warning in validityMethod(object) :
Runs: |===========================                       |  55%Warning in validityMethod(object) :
Runs: |=============================                     |  59%Warning in validityMethod(object) :
Runs: |===============================                   |  63%Warning in validityMethod(object) :
Runs: |=================================                 |  67%Warning in validityMethod(object) :
Runs: |===================================               |  71%Warning in validityMethod(object) :
Runs: |=====================================             |  75%Warning in validityMethod(object) :
Runs: |======================================            |  76%Warning in validityMethod(object) :
Runs: |=======================================           |  78%Warning in validityMethod(object) :
System time:
   user  system elapsed 
  2.132   0.086   2.248 
ℹ [2026-10-08 22:05:49.698586]: Keeping at most 10 NMF solutions with KLD within (1+RTOL) range of the best.
ℹ [2026-10-08 22:05:49.77493]: Running signature number 2 for bootstrapped catalog 17.
NMF algorithm: 'brunet'
Multiple runs: 50
Mode: parallel (2/10 core(s))
Runs: |==                                                |   4%Warning in validityMethod(object) :
Runs: |====                                              |   8%Warning in validityMethod(object) :
Runs: |======                                            |  12%Warning in validityMethod(object) :
 Warning in validityMethod(object) : Dimensions of W and H look strange [ncol(W)= 2 > ncol(H)= 1 ]

Runs: |========                                          |  16%Warning in validityMethod(object) :
Runs: |==========                                        |  20%Warning in validityMethod(object) :
Runs: |============                                      |  24%Warning in validityMethod(object) :
Runs: |==============                                    |  27%Warning in validityMethod(object) :
Runs: |================                                  |  31%Warning in validityMethod(object) :
Runs: |==================                                |  35%Warning in validityMethod(object) :
Runs: |====================                              |  39%Warning in validityMethod(object) :
Runs: |======================                            |  43%Warning in validityMethod(object) :
Runs: |========================                          |  47%Warning in validityMethod(object) :
Runs: |=========================                         |  51%Warning in validityMethod(object) :
Runs: |===========================                       |  55%Warning in validityMethod(object) :
Runs: |=============================                     |  59%Warning in validityMethod(object) :
Runs: |===============================                   |  63%Warning in validityMethod(object) :
Runs: |=================================                 |  67%Warning in validityMethod(object) :
Runs: |===================================               |  71%Warning in validityMethod(object) :
Runs: |=====================================             |  75%Warning in validityMethod(object) :
Runs: |=======================================           |  78%Warning in validityMethod(object) :
System time:
   user  system elapsed 
  2.119   0.098   2.256 
ℹ [2026-10-08 22:05:52.112908]: Keeping at most 10 NMF solutions with KLD within (1+RTOL) range of the best.
ℹ [2026-10-08 22:05:52.188236]: Running signature number 2 for bootstrapped catalog 18.
NMF algorithm: 'brunet'
Multiple runs: 50
Mode: parallel (2/10 core(s))
Runs: |==                                                |   4%Warning in validityMethod(object) :Warning in validityMethod(object) :
 Warning in validityMethod(object) : Dimensions of W and H look strange [ncol(W)= 2 > ncol(H)= 1 ]

Runs: |====                                              |   8%Warning in validityMethod(object) :
Runs: |======                                            |  12%Warning in validityMethod(object) :
Runs: |========                                          |  16%Warning in validityMethod(object) :
Runs: |==========                                        |  20%Warning in validityMethod(object) :
Runs: |============                                      |  24%Warning in validityMethod(object) :
Runs: |==============                                    |  27%Warning in validityMethod(object) :
Runs: |================                                  |  31%Warning in validityMethod(object) :
Runs: |==================                                |  35%Warning in validityMethod(object) :
Runs: |====================                              |  39%Warning in validityMethod(object) :
Runs: |======================                            |  43%Warning in validityMethod(object) :
Runs: |========================                          |  47%Warning in validityMethod(object) :
Runs: |=========================                         |  51%Warning in validityMethod(object) :
Runs: |===========================                       |  55%Warning in validityMethod(object) :
Runs: |=============================                     |  59%Warning in validityMethod(object) :
Runs: |===============================                   |  63%Warning in validityMethod(object) :
Runs: |=================================                 |  67%Warning in validityMethod(object) :
Runs: |===================================               |  71%Warning in validityMethod(object) :
Runs: |=====================================             |  75%Warning in validityMethod(object) :
Runs: |=======================================           |  78%Warning in validityMethod(object) :
System time:
   user  system elapsed 
  2.117   0.101   2.259 
ℹ [2026-10-08 22:05:54.527714]: Keeping at most 10 NMF solutions with KLD within (1+RTOL) range of the best.
ℹ [2026-10-08 22:05:54.599469]: Running signature number 2 for bootstrapped catalog 19.
NMF algorithm: 'brunet'
Multiple runs: 50
Mode: parallel (2/10 core(s))
Runs: |==                                                |   4%Warning in validityMethod(object) :Warning in validityMethod(object) :
Runs: |====                                              |   8%Warning in validityMethod(object) :
Runs: |======                                            |  12%Warning in validityMethod(object) :
Runs: |========                                          |  16%Warning in validityMethod(object) :
Runs: |==========                                        |  20%Warning in validityMethod(object) :
Runs: |============                                      |  24%Warning in validityMethod(object) :Warning in validityMethod(object) :

Runs: |==============                                    |  27%Warning in validityMethod(object) :
Runs: |================                                  |  31%Warning in validityMethod(object) :
Runs: |==================                                |  35%Warning in validityMethod(object) :
Runs: |====================                              |  39%Warning in validityMethod(object) :
Runs: |======================                            |  43%Warning in validityMethod(object) :
Runs: |========================                          |  47%Warning in validityMethod(object) :
Runs: |=========================                         |  51%Warning in validityMethod(object) :
Runs: |===========================                       |  55%Warning in validityMethod(object) :
Runs: |=============================                     |  59%Warning in validityMethod(object) :
Runs: |===============================                   |  63%Warning in validityMethod(object) :
Runs: |=================================                 |  67%Warning in validityMethod(object) :
Runs: |===================================               |  71%Warning in validityMethod(object) :
Runs: |=====================================             |  75%Warning in validityMethod(object) :
Runs: |=======================================           |  78%Warning in validityMethod(object) :
System time:
   user  system elapsed 
  2.125   0.088   2.253 
ℹ [2026-10-08 22:05:56.938538]: Keeping at most 10 NMF solutions with KLD within (1+RTOL) range of the best.
ℹ [2026-10-08 22:05:57.008162]: Running signature number 2 for bootstrapped catalog 20.
NMF algorithm: 'brunet'
Multiple runs: 50
Mode: parallel (2/10 core(s))
Runs: |==                                                |   4%Warning in validityMethod(object) :Warning in validityMethod(object) :
Runs: |====                                              |   8%Warning in validityMethod(object) :
Runs: |======                                            |  12%Warning in validityMethod(object) :
Runs: |========                                          |  16%Warning in validityMethod(object) :
Runs: |==========                                        |  20%Warning in validityMethod(object) :Warning in validityMethod(object) :
Runs: |============                                      |  24%Warning in validityMethod(object) :Warning in validityMethod(object) :
Runs: |==============                                    |  27%Warning in validityMethod(object) :
Runs: |================                                  |  31%Warning in validityMethod(object) :
Runs: |==================                                |  35%Warning in validityMethod(object) :
Runs: |====================                              |  39%Warning in validityMethod(object) :
Runs: |======================                            |  43%Warning in validityMethod(object) :
Runs: |========================                          |  47%Warning in validityMethod(object) :
Runs: |=========================                         |  51%Warning in validityMethod(object) :
Runs: |===========================                       |  55%Warning in validityMethod(object) :
Runs: |=============================                     |  59%Warning in validityMethod(object) :
Runs: |===============================                   |  63%Warning in validityMethod(object) :
Runs: |=================================                 |  67%Warning in validityMethod(object) :
Runs: |===================================               |  71%Warning in validityMethod(object) :
 Warning in validityMethod(object) : Dimensions of W and H look strange [ncol(W)= 2 > ncol(H)= 1 ]

Runs: |=====================================             |  75%Warning in validityMethod(object) :
Runs: |=======================================           |  78%Warning in validityMethod(object) :
System time:
   user  system elapsed 
  2.124   0.086   2.247 
ℹ [2026-10-08 22:05:59.338765]: Keeping at most 10 NMF solutions with KLD within (1+RTOL) range of the best.
ℹ [2026-10-08 22:05:59.410131]: Reading NMF run files...
✔ [2026-10-08 22:05:59.414375]: Read successfully.
✔ [2026-10-08 22:05:59.415151]: NMF run files deleted.
✔ [2026-10-08 22:05:59.415677]: Done for this signature number. Current memory size used: 115MB
ℹ [2026-10-08 22:05:59.518554]: Extracting 3 signatures on 20 bootstrapped catalogs with 50 NMF runs for each.
ℹ [2026-10-08 22:05:59.519495]: Running signature number 3 for bootstrapped catalog 1.
NMF algorithm: 'brunet'
Multiple runs: 50
Mode: parallel (2/10 core(s))
Runs: |==                                                |   4%Warning in validityMethod(object) :
Runs: |====                                              |   8%Warning in validityMethod(object) :
Runs: |======                                            |  12%Warning in validityMethod(object) :
Runs: |========                                          |  16%Warning in validityMethod(object) :
Runs: |==========                                        |  20%Warning in validityMethod(object) :
Runs: |============                                      |  24%Warning in validityMethod(object) :
Runs: |==============                                    |  27%Warning in validityMethod(object) :
Runs: |================                                  |  31%Warning in validityMethod(object) :
Runs: |==================                                |  35%Warning in validityMethod(object) :
Runs: |====================                              |  39%Warning in validityMethod(object) :
Runs: |======================                            |  43%Warning in validityMethod(object) :
Runs: |========================                          |  47%Warning in validityMethod(object) :
Runs: |=========================                         |  51%Warning in validityMethod(object) :
Runs: |===========================                       |  55%Warning in validityMethod(object) :
Runs: |=============================                     |  59%Warning in validityMethod(object) :
Runs: |===============================                   |  63%Warning in validityMethod(object) :
Runs: |=================================                 |  67%Warning in validityMethod(object) :
Runs: |===================================               |  71%Warning in validityMethod(object) :
Runs: |=====================================             |  75%Warning in validityMethod(object) :Warning in validityMethod(object) :

Runs: |=======================================           |  78%Warning in validityMethod(object) :
System time:
   user  system elapsed 
  2.150   0.089   2.277 
ℹ [2026-10-08 22:06:01.878815]: Keeping at most 10 NMF solutions with KLD within (1+RTOL) range of the best.
ℹ [2026-10-08 22:06:01.955053]: Running signature number 3 for bootstrapped catalog 2.
NMF algorithm: 'brunet'
Multiple runs: 50
Mode: parallel (2/10 core(s))
Runs: |==                                                |   4%Warning in validityMethod(object) :Warning in validityMethod(object) :

Runs: |====                                              |   8%Warning in validityMethod(object) :
Runs: |======                                            |  12%Warning in validityMethod(object) :
Runs: |========                                          |  16%Warning in validityMethod(object) :
Runs: |==========                                        |  20%Warning in validityMethod(object) :Warning in validityMethod(object) :
Runs: |============                                      |  24%Warning in validityMethod(object) :
Runs: |==============                                    |  27%Warning in validityMethod(object) :
Runs: |================                                  |  31%Warning in validityMethod(object) :
Runs: |==================                                |  35%Warning in validityMethod(object) :
Runs: |====================                              |  39%Warning in validityMethod(object) :
Runs: |======================                            |  43%Warning in validityMethod(object) :
Runs: |========================                          |  47%Warning in validityMethod(object) :
Runs: |=========================                         |  49%Warning in validityMethod(object) :
Runs: |=========================                         |  51%Warning in validityMethod(object) :
Runs: |==========================                        |  53%Warning in validityMethod(object) :
Runs: |===========================                       |  55%Warning in validityMethod(object) :
Runs: |============================                      |  57%Warning in validityMethod(object) :
Runs: |=============================                     |  59%Warning in validityMethod(object) :
Runs: |==============================                    |  61%Warning in validityMethod(object) :
Runs: |===============================                   |  63%Warning in validityMethod(object) :
Runs: |================================                  |  65%Warning in validityMethod(object) :
Runs: |=================================                 |  67%Warning in validityMethod(object) :
Runs: |==================================                |  69%Warning in validityMethod(object) :
Runs: |===================================               |  71%Warning in validityMethod(object) :
Runs: |====================================              |  73%Warning in validityMethod(object) :
Runs: |=====================================             |  75%Warning in validityMethod(object) :
Runs: |======================================            |  76%Warning in validityMethod(object) :
Runs: |=======================================           |  78%Warning in validityMethod(object) :
Runs: |========================================          |  80%Warning in validityMethod(object) :
System time:
   user  system elapsed 
  2.129   0.088   2.242 
ℹ [2026-10-08 22:06:04.279191]: Keeping at most 10 NMF solutions with KLD within (1+RTOL) range of the best.
ℹ [2026-10-08 22:06:04.351232]: Running signature number 3 for bootstrapped catalog 3.
NMF algorithm: 'brunet'
Multiple runs: 50
Mode: parallel (2/10 core(s))
Runs: |==                                                |   4%Warning in validityMethod(object) :Warning in validityMethod(object) :

Runs: |====                                              |   8%Warning in validityMethod(object) :
Runs: |======                                            |  12%Warning in validityMethod(object) :
Runs: |========                                          |  16%Warning in validityMethod(object) :
Runs: |==========                                        |  20%Warning in validityMethod(object) :
Runs: |============                                      |  24%Warning in validityMethod(object) :
Runs: |==============                                    |  27%Warning in validityMethod(object) :
Runs: |================                                  |  31%Warning in validityMethod(object) :
Runs: |==================                                |  35%Warning in validityMethod(object) :
Runs: |====================                              |  39%Warning in validityMethod(object) :
Runs: |======================                            |  43%Warning in validityMethod(object) :
Runs: |========================                          |  47%Warning in validityMethod(object) :
Runs: |=========================                         |  51%Warning in validityMethod(object) :
Runs: |===========================                       |  55%Warning in validityMethod(object) :
Runs: |=============================                     |  59%Warning in validityMethod(object) :
Runs: |===============================                   |  63%Warning in validityMethod(object) :
Runs: |================================                  |  65%Warning in validityMethod(object) :
Runs: |=================================                 |  67%Warning in validityMethod(object) :
Runs: |==================================                |  69%Warning in validityMethod(object) :
Runs: |===================================               |  71%Warning in validityMethod(object) :
Runs: |====================================              |  73%Warning in validityMethod(object) :
Runs: |=====================================             |  75%Warning in validityMethod(object) :
Runs: |======================================            |  76%Warning in validityMethod(object) :
Runs: |=======================================           |  78%Warning in validityMethod(object) :
Runs: |========================================          |  80%Warning in validityMethod(object) :
System time:
   user  system elapsed 
  2.141   0.100   2.270 
ℹ [2026-10-08 22:06:06.699714]: Keeping at most 10 NMF solutions with KLD within (1+RTOL) range of the best.
ℹ [2026-10-08 22:06:06.777048]: Running signature number 3 for bootstrapped catalog 4.
NMF algorithm: 'brunet'
Multiple runs: 50
Mode: parallel (2/10 core(s))
Runs: |==                                                |   4%Warning in validityMethod(object) :
Runs: |====                                              |   8%Warning in validityMethod(object) :
Runs: |======                                            |  12%Warning in validityMethod(object) :
Runs: |========                                          |  16%Warning in validityMethod(object) :
Runs: |==========                                        |  20%Warning in validityMethod(object) :
Runs: |============                                      |  24%Warning in validityMethod(object) :
Runs: |==============                                    |  27%Warning in validityMethod(object) :
Runs: |================                                  |  31%Warning in validityMethod(object) :
Runs: |==================                                |  35%Warning in validityMethod(object) :
Runs: |====================                              |  39%Warning in validityMethod(object) :
Runs: |======================                            |  43%Warning in validityMethod(object) :
Runs: |========================                          |  47%Warning in validityMethod(object) :
Runs: |=========================                         |  51%Warning in validityMethod(object) :
Runs: |===========================                       |  55%Warning in validityMethod(object) :
Runs: |=============================                     |  59%Warning in validityMethod(object) :
Runs: |==============================                    |  61%Warning in validityMethod(object) :
Runs: |===============================                   |  63%Warning in validityMethod(object) :
Runs: |================================                  |  65%Warning in validityMethod(object) :
Runs: |=================================                 |  67%Warning in validityMethod(object) :
Runs: |===================================               |  71%Warning in validityMethod(object) :
Runs: |=====================================             |  75%Warning in validityMethod(object) :Warning in validityMethod(object) :
Runs: |=======================================           |  78%Warning in validityMethod(object) :
System time:
   user  system elapsed 
  2.132   0.085   2.253 
ℹ [2026-10-08 22:06:09.111394]: Keeping at most 10 NMF solutions with KLD within (1+RTOL) range of the best.
ℹ [2026-10-08 22:06:09.187783]: Running signature number 3 for bootstrapped catalog 5.
NMF algorithm: 'brunet'
Multiple runs: 50
Mode: parallel (2/10 core(s))
Runs: |==                                                |   4%Warning in validityMethod(object) :
Runs: |====                                              |   8%Warning in validityMethod(object) :
Runs: |======                                            |  12%Warning in validityMethod(object) :
Runs: |========                                          |  16%Warning in validityMethod(object) :
Runs: |==========                                        |  20%Warning in validityMethod(object) :
Runs: |============                                      |  24%Warning in validityMethod(object) :
Runs: |==============                                    |  27%Warning in validityMethod(object) :
Runs: |================                                  |  31%Warning in validityMethod(object) :
Runs: |==================                                |  35%Warning in validityMethod(object) :
Runs: |====================                              |  39%Warning in validityMethod(object) :

Runs: |======================                            |  43%Warning in validityMethod(object) :
Runs: |========================                          |  47%Warning in validityMethod(object) :
Runs: |=========================                         |  51%Warning in validityMethod(object) :
Runs: |===========================                       |  55%Warning in validityMethod(object) :

Runs: |=============================                     |  59%Warning in validityMethod(object) :
Runs: |===============================                   |  63%Warning in validityMethod(object) :
Runs: |=================================                 |  67%Warning in validityMethod(object) :

Runs: |===================================               |  71%Warning in validityMethod(object) :
Runs: |=====================================             |  75%Warning in validityMethod(object) :
Runs: |=======================================           |  78%Warning in validityMethod(object) :
System time:
   user  system elapsed 
  2.160   0.098   2.299 
ℹ [2026-10-08 22:06:11.572169]: Keeping at most 10 NMF solutions with KLD within (1+RTOL) range of the best.
ℹ [2026-10-08 22:06:11.643743]: Running signature number 3 for bootstrapped catalog 6.
NMF algorithm: 'brunet'
Multiple runs: 50
Mode: parallel (2/10 core(s))
Runs: |==                                                |   4%Warning in validityMethod(object) :
Runs: |====                                              |   8%Warning in validityMethod(object) :
Runs: |======                                            |  12%Warning in validityMethod(object) :
Runs: |========                                          |  16%Warning in validityMethod(object) :
Runs: |==========                                        |  20%Warning in validityMethod(object) :
Runs: |============                                      |  24%Warning in validityMethod(object) :
Runs: |==============                                    |  27%Warning in validityMethod(object) :
Runs: |================                                  |  31%Warning in validityMethod(object) :
Runs: |==================                                |  35%Warning in validityMethod(object) :
Runs: |====================                              |  39%Warning in validityMethod(object) :
Runs: |======================                            |  43%Warning in validityMethod(object) :
Runs: |========================                          |  47%Warning in validityMethod(object) :
Runs: |=========================                         |  51%Warning in validityMethod(object) :
Runs: |===========================                       |  55%Warning in validityMethod(object) :
Runs: |=============================                     |  59%Warning in validityMethod(object) :
Runs: |===============================                   |  63%Warning in validityMethod(object) :
Runs: |=================================                 |  67%Warning in validityMethod(object) :
Runs: |===================================               |  71%Warning in validityMethod(object) :
Runs: |====================================              |  73%Warning in validityMethod(object) :
Runs: |=====================================             |  75%Warning in validityMethod(object) :
Runs: |=======================================           |  78%Warning in validityMethod(object) :
System time:
   user  system elapsed 
  2.234   0.092   2.364 
ℹ [2026-10-08 22:06:14.094334]: Keeping at most 10 NMF solutions with KLD within (1+RTOL) range of the best.
ℹ [2026-10-08 22:06:14.168084]: Running signature number 3 for bootstrapped catalog 7.
NMF algorithm: 'brunet'
Multiple runs: 50
Mode: parallel (2/10 core(s))
Runs: |==                                                |   4%Warning in validityMethod(object) :Warning in validityMethod(object) :
Runs: |====                                              |   8%Warning in validityMethod(object) :
Runs: |======                                            |  12%Warning in validityMethod(object) :
Runs: |========                                          |  16%Warning in validityMethod(object) :
Runs: |==========                                        |  20%Warning in validityMethod(object) :
Runs: |============                                      |  24%Warning in validityMethod(object) :
Runs: |==============                                    |  27%Warning in validityMethod(object) :
Runs: |================                                  |  31%Warning in validityMethod(object) :Warning in validityMethod(object) :
Runs: |==================                                |  35%Warning in validityMethod(object) :
Runs: |====================                              |  39%Warning in validityMethod(object) :
Runs: |======================                            |  43%Warning in validityMethod(object) :
Runs: |========================                          |  47%Warning in validityMethod(object) :
Runs: |=========================                         |  51%Warning in validityMethod(object) :
Runs: |===========================                       |  55%Warning in validityMethod(object) :
Runs: |=============================                     |  59%Warning in validityMethod(object) :
Runs: |===============================                   |  63%Warning in validityMethod(object) :
Runs: |=================================                 |  67%Warning in validityMethod(object) :
Runs: |===================================               |  71%Warning in validityMethod(object) :
Runs: |=====================================             |  75%Warning in validityMethod(object) :
Runs: |=======================================           |  78%Warning in validityMethod(object) :
System time:
   user  system elapsed 
  2.190   0.103   2.333 
ℹ [2026-10-08 22:06:16.587706]: Keeping at most 10 NMF solutions with KLD within (1+RTOL) range of the best.
ℹ [2026-10-08 22:06:16.664145]: Running signature number 3 for bootstrapped catalog 8.
NMF algorithm: 'brunet'
Multiple runs: 50
Mode: parallel (2/10 core(s))
Runs: |==                                                |   4%Warning in validityMethod(object) :
Runs: |====                                              |   8%Warning in validityMethod(object) :Warning in validityMethod(object) :

Runs: |======                                            |  12%Warning in validityMethod(object) :
 Warning in validityMethod(object) : Dimensions of W and H look strange [ncol(W)= 3 > ncol(H)= 1 ]

Runs: |========                                          |  16%Warning in validityMethod(object) :
Runs: |==========                                        |  20%Warning in validityMethod(object) :
Runs: |============                                      |  24%Warning in validityMethod(object) :
Runs: |==============                                    |  27%Warning in validityMethod(object) :
Runs: |================                                  |  31%Warning in validityMethod(object) :
Runs: |=================                                 |  33%Warning in validityMethod(object) :
Runs: |==================                                |  35%Warning in validityMethod(object) :
Runs: |====================                              |  39%Warning in validityMethod(object) :
Runs: |=====================                             |  41%Warning in validityMethod(object) :
Runs: |======================                            |  43%Warning in validityMethod(object) :
Runs: |=======================                           |  45%Warning in validityMethod(object) :
Runs: |========================                          |  47%Warning in validityMethod(object) :
Runs: |=========================                         |  49%Warning in validityMethod(object) :
Runs: |=========================                         |  51%Warning in validityMethod(object) :
Runs: |==========================                        |  53%Warning in validityMethod(object) :
Runs: |===========================                       |  55%Warning in validityMethod(object) :
Runs: |============================                      |  57%Warning in validityMethod(object) :
Runs: |=============================                     |  59%Warning in validityMethod(object) :
Runs: |==============================                    |  61%Warning in validityMethod(object) :
Runs: |===============================                   |  63%Warning in validityMethod(object) :
Runs: |================================                  |  65%Warning in validityMethod(object) :
Runs: |=================================                 |  67%Warning in validityMethod(object) :
Runs: |==================================                |  69%Warning in validityMethod(object) :
Runs: |===================================               |  71%Warning in validityMethod(object) :
Runs: |====================================              |  73%Warning in validityMethod(object) :
Runs: |=====================================             |  75%Warning in validityMethod(object) :
Runs: |======================================            |  76%Warning in validityMethod(object) :
Runs: |=======================================           |  78%Warning in validityMethod(object) :
Runs: |========================================          |  80%Warning in validityMethod(object) :
System time:
   user  system elapsed 
  2.143   0.092   2.259 
ℹ [2026-10-08 22:06:19.005127]: Keeping at most 10 NMF solutions with KLD within (1+RTOL) range of the best.
ℹ [2026-10-08 22:06:19.075963]: Running signature number 3 for bootstrapped catalog 9.
NMF algorithm: 'brunet'
Multiple runs: 50
Mode: parallel (2/10 core(s))
Runs: |==                                                |   4%Warning in validityMethod(object) :Warning in validityMethod(object) :
Runs: |====                                              |   8%Warning in validityMethod(object) :Warning in validityMethod(object) :

Runs: |======                                            |  12%Warning in validityMethod(object) :
Runs: |========                                          |  16%Warning in validityMethod(object) :
Runs: |==========                                        |  20%Warning in validityMethod(object) :

Runs: |============                                      |  24%Warning in validityMethod(object) :
Runs: |==============                                    |  27%Warning in validityMethod(object) :
Runs: |================                                  |  31%Warning in validityMethod(object) :
Runs: |==================                                |  35%Warning in validityMethod(object) :
 Warning in validityMethod(object) :
Runs: |====================                              |  39%Warning in validityMethod(object) :
Runs: |======================                            |  43%Warning in validityMethod(object) :
Runs: |========================                          |  47%Warning in validityMethod(object) :
Runs: |=========================                         |  51%Warning in validityMethod(object) :
Runs: |===========================                       |  55%Warning in validityMethod(object) :
Runs: |=============================                     |  59%Warning in validityMethod(object) :
Runs: |===============================                   |  63%Warning in validityMethod(object) :
Runs: |================================                  |  65%Warning in validityMethod(object) :
Runs: |=================================                 |  67%Warning in validityMethod(object) :
Runs: |==================================                |  69%Warning in validityMethod(object) :
Runs: |===================================               |  71%Warning in validityMethod(object) :
Runs: |====================================              |  73%Warning in validityMethod(object) :
Runs: |=====================================             |  75%Warning in validityMethod(object) :
Runs: |======================================            |  76%Warning in validityMethod(object) :
Runs: |=======================================           |  78%Warning in validityMethod(object) :
Runs: |========================================          |  80%Warning in validityMethod(object) :
System time:
   user  system elapsed 
  2.135   0.095   2.268 
ℹ [2026-10-08 22:06:21.431659]: Keeping at most 10 NMF solutions with KLD within (1+RTOL) range of the best.
ℹ [2026-10-08 22:06:21.507447]: Running signature number 3 for bootstrapped catalog 10.
NMF algorithm: 'brunet'
Multiple runs: 50
Mode: parallel (2/10 core(s))
Runs: |==                                                |   4%Warning in validityMethod(object) :Warning in validityMethod(object) :
[... +239 suppressed of storm shape 'Warning in validityMethod(object) :Warning in va ...]
[... +269 suppressed of storm shape ' Dimensions of W and H look strange [ncol(W)= 9  ...]
Runs: |====                                              |   8%Warning in validityMethod(object) :
Runs: |======                                            |  12%Warning in validityMethod(object) :
Runs: |========                                          |  16%Warning in validityMethod(object) :
Runs: |==========                                        |  20%Warning in validityMethod(object) :
Runs: |============                                      |  24%Warning in validityMethod(object) :
Runs: |==============                                    |  27%Warning in validityMethod(object) :
Runs: |================                                  |  31%Warning in validityMethod(object) :
Runs: |==================                                |  35%Warning in validityMethod(object) :
Runs: |====================                              |  39%Warning in validityMethod(object) :
[... +266 suppressed of storm shape '  ...]
Runs: |======================                            |  43%Warning in validityMethod(object) :
Runs: |========================                          |  47%Warning in validityMethod(object) :

Runs: |=========================                         |  51%Warning in validityMethod(object) :
Runs: |===========================                       |  55%Warning in validityMethod(object) :
Runs: |=============================                     |  59%Warning in validityMethod(object) :
Runs: |===============================                   |  63%Warning in validityMethod(object) :
Runs: |=================================                 |  67%Warning in validityMethod(object) :
Runs: |===================================               |  71%Warning in validityMethod(object) :
Runs: |=====================================             |  75%Warning in validityMethod(object) :
Runs: |=======================================           |  78%Warning in validityMethod(object) :
System time:
   user  system elapsed 
  2.122   0.101   2.262 
ℹ [2026-10-08 22:06:23.852437]: Keeping at most 10 NMF solutions with KLD within (1+RTOL) range of the best.
ℹ [2026-10-08 22:06:23.926507]: Running signature number 3 for bootstrapped catalog 11.
NMF algorithm: 'brunet'
Multiple runs: 50
Mode: parallel (2/10 core(s))
Runs: |==                                                |   4%Warning in validityMethod(object) :
Runs: |====                                              |   8%Warning in validityMethod(object) :
Runs: |======                                            |  12%Warning in validityMethod(object) :
Runs: |========                                          |  16%Warning in validityMethod(object) :
Runs: |==========                                        |  20%Warning in validityMethod(object) :
Runs: |============                                      |  24%Warning in validityMethod(object) :
Runs: |==============                                    |  27%Warning in validityMethod(object) :
Runs: |================                                  |  31%Warning in validityMethod(object) :
Runs: |==================                                |  35%Warning in validityMethod(object) :
Runs: |====================                              |  39%Warning in validityMethod(object) :
Runs: |======================                            |  43%Warning in validityMethod(object) :
Runs: |========================                          |  47%Warning in validityMethod(object) :
Runs: |=========================                         |  51%Warning in validityMethod(object) :
Runs: |===========================                       |  55%Warning in validityMethod(object) :
Runs: |=============================                     |  59%Warning in validityMethod(object) :
Runs: |===============================                   |  63%Warning in validityMethod(object) :
Runs: |=================================                 |  67%Warning in validityMethod(object) :
Runs: |===================================               |  71%Warning in validityMethod(object) :
Runs: |=====================================             |  75%Warning in validityMethod(object) :
Runs: |=======================================           |  78%Warning in validityMethod(object) :
System time:
   user  system elapsed 
  2.125   0.096   2.260 
ℹ [2026-10-08 22:06:26.273543]: Keeping at most 10 NMF solutions with KLD within (1+RTOL) range of the best.
ℹ [2026-10-08 22:06:26.34595]: Running signature number 3 for bootstrapped catalog 12.
NMF algorithm: 'brunet'
Multiple runs: 50
Mode: parallel (2/10 core(s))
Runs: |==                                                |   4%Warning in validityMethod(object) :Warning in validityMethod(object) :
Runs: |====                                              |   8%Warning in validityMethod(object) :

Runs: |======                                            |  12%Warning in validityMethod(object) :
Runs: |========                                          |  16%Warning in validityMethod(object) :
Runs: |==========                                        |  20%Warning in validityMethod(object) :
Runs: |============                                      |  24%Warning in validityMethod(object) :
Runs: |==============                                    |  27%Warning in validityMethod(object) :

Runs: |================                                  |  31%Warning in validityMethod(object) :
Runs: |==================                                |  35%Warning in validityMethod(object) :
Runs: |====================                              |  39%Warning in validityMethod(object) :
Runs: |======================                            |  43%Warning in validityMethod(object) :Warning in validityMethod(object) :

Runs: |========================                          |  47%Warning in validityMethod(object) :
Runs: |=========================                         |  51%Warning in validityMethod(object) :Warning in validityMethod(object) :
Runs: |===========================                       |  55%Warning in validityMethod(object) :

Runs: |=============================                     |  59%Warning in validityMethod(object) :

Runs: |===============================                   |  63%Warning in validityMethod(object) :

Runs: |=================================                 |  67%Warning in validityMethod(object) :
Runs: |===================================               |  71%Warning in validityMethod(object) :
Runs: |=====================================             |  75%Warning in validityMethod(object) :
Runs: |======================================            |  76%Warning in validityMethod(object) :
Runs: |=======================================           |  78%Warning in validityMethod(object) :
System time:
   user  system elapsed 
  2.156   0.083   2.271 
ℹ [2026-10-08 22:06:28.699978]: Keeping at most 10 NMF solutions with KLD within (1+RTOL) range of the best.
ℹ [2026-10-08 22:06:28.77241]: Running signature number 3 for bootstrapped catalog 13.
NMF algorithm: 'brunet'
Multiple runs: 50
Mode: parallel (2/10 core(s))
Runs: |==                                                |   4%Warning in validityMethod(object) :Warning in validityMethod(object) :
Runs: |====                                              |   8%Warning in validityMethod(object) :
Runs: |======                                            |  12%Warning in validityMethod(object) :
Runs: |========                                          |  16%Warning in validityMethod(object) :
Runs: |==========                                        |  20%Warning in validityMethod(object) :
Runs: |============                                      |  24%Warning in validityMethod(object) :
Runs: |==============                                    |  27%Warning in validityMethod(object) :
Runs: |================                                  |  31%Warning in validityMethod(object) :
Runs: |==================                                |  35%Warning in validityMethod(object) :
Runs: |====================                              |  39%Warning in validityMethod(object) :
Runs: |======================                            |  43%Warning in validityMethod(object) :
Runs: |========================                          |  47%Warning in validityMethod(object) :
Runs: |=========================                         |  51%Warning in validityMethod(object) :
Runs: |===========================                       |  55%Warning in validityMethod(object) :
Runs: |=============================                     |  59%Warning in validityMethod(object) :
Runs: |===============================                   |  63%Warning in validityMethod(object) :
Runs: |=================================                 |  67%Warning in validityMethod(object) :
Runs: |==================================                |  69%Warning in validityMethod(object) :
Runs: |===================================               |  71%Warning in validityMethod(object) :
Runs: |====================================              |  73%Warning in validityMethod(object) :
Runs: |=====================================             |  75%Warning in validityMethod(object) :
Runs: |======================================            |  76%Warning in validityMethod(object) :
Runs: |=======================================           |  78%Warning in validityMethod(object) :
Runs: |========================================          |  80%Warning in validityMethod(object) :
System time:
   user  system elapsed 
  2.122   0.084   2.253 
ℹ [2026-10-08 22:06:31.112701]: Keeping at most 10 NMF solutions with KLD within (1+RTOL) range of the best.
ℹ [2026-10-08 22:06:31.188812]: Running signature number 3 for bootstrapped catalog 14.
NMF algorithm: 'brunet'
Multiple runs: 50
Mode: parallel (2/10 core(s))
Runs: |==                                                |   4%Warning in validityMethod(object) :Warning in validityMethod(object) :
Runs: |====                                              |   8%Warning in validityMethod(object) :
Runs: |======                                            |  12%Warning in validityMethod(object) :
Runs: |========                                          |  16%Warning in validityMethod(object) :
Runs: |==========                                        |  20%Warning in validityMethod(object) :
Runs: |============                                      |  24%Warning in validityMethod(object) :
Runs: |==============                                    |  27%Warning in validityMethod(object) :
Runs: |===============                                   |  29%Warning in validityMethod(object) :
Runs: |================                                  |  31%Warning in validityMethod(object) :
Runs: |=================                                 |  33%Warning in validityMethod(object) :
Runs: |==================                                |  35%Warning in validityMethod(object) :
Runs: |===================                               |  37%Warning in validityMethod(object) :
Runs: |====================                              |  39%Warning in validityMethod(object) :
Runs: |=====================                             |  41%Warning in validityMethod(object) :
Runs: |======================                            |  43%Warning in validityMethod(object) :
Runs: |=======================                           |  45%Warning in validityMethod(object) :
Runs: |========================                          |  47%Warning in validityMethod(object) :
Runs: |=========================                         |  49%Warning in validityMethod(object) :
Runs: |=========================                         |  51%Warning in validityMethod(object) :
Runs: |==========================                        |  53%Warning in validityMethod(object) :
Runs: |===========================                       |  55%Warning in validityMethod(object) :
Runs: |============================                      |  57%Warning in validityMethod(object) :
Runs: |=============================                     |  59%Warning in validityMethod(object) :
Runs: |==============================                    |  61%Warning in validityMethod(object) :
Runs: |===============================                   |  63%Warning in validityMethod(object) :
Runs: |================================                  |  65%Warning in validityMethod(object) :
Runs: |=================================                 |  67%Warning in validityMethod(object) :
Runs: |==================================                |  69%Warning in validityMethod(object) :
Runs: |===================================               |  71%Warning in validityMethod(object) :
Runs: |====================================              |  73%Warning in validityMethod(object) :
Runs: |=====================================             |  75%Warning in validityMethod(object) :
Runs: |======================================            |  76%Warning in validityMethod(object) :
Runs: |=======================================           |  78%Warning in validityMethod(object) :
Runs: |========================================          |  80%Warning in validityMethod(object) :
System time:
   user  system elapsed 
  2.092   0.092   2.250 
ℹ [2026-10-08 22:06:33.523128]: Keeping at most 10 NMF solutions with KLD within (1+RTOL) range of the best.
ℹ [2026-10-08 22:06:33.595513]: Running signature number 3 for bootstrapped catalog 15.
NMF algorithm: 'brunet'
Multiple runs: 50
Mode: parallel (2/10 core(s))
Runs: |==                                                |   4%Warning in validityMethod(object) :
Runs: |====                                              |   8%Warning in validityMethod(object) :
Runs: |======                                            |  12%Warning in validityMethod(object) :
Runs: |========                                          |  16%Warning in validityMethod(object) :
Runs: |==========                                        |  20%Warning in validityMethod(object) :
Runs: |============                                      |  24%Warning in validityMethod(object) :
Runs: |==============                                    |  27%Warning in validityMethod(object) :
Runs: |================                                  |  31%Warning in validityMethod(object) :
Runs: |==================                                |  35%Warning in validityMethod(object) :
Runs: |====================                              |  39%Warning in validityMethod(object) :
Runs: |======================                            |  43%Warning in validityMethod(object) :
Runs: |========================                          |  47%Warning in validityMethod(object) :
Runs: |=========================                         |  51%Warning in validityMethod(object) :
Runs: |===========================                       |  55%Warning in validityMethod(object) :
Runs: |============================                      |  57%Warning in validityMethod(object) :
Runs: |=============================                     |  59%Warning in validityMethod(object) :
Runs: |==============================                    |  61%Warning in validityMethod(object) :
Runs: |===============================                   |  63%Warning in validityMethod(object) :
Runs: |================================                  |  65%Warning in validityMethod(object) :
Runs: |=================================                 |  67%Warning in validityMethod(object) :
Runs: |==================================                |  69%Warning in validityMethod(object) :
Runs: |===================================               |  71%Warning in validityMethod(object) :
Runs: |====================================              |  73%Warning in validityMethod(object) :
Runs: |=====================================             |  75%Warning in validityMethod(object) :
Runs: |======================================            |  76%Warning in validityMethod(object) :
Runs: |=======================================           |  78%Warning in validityMethod(object) :
Runs: |========================================          |  80%Warning in validityMethod(object) :
System time:
   user  system elapsed 
  2.120   0.087   2.235 
ℹ [2026-10-08 22:06:35.91147]: Keeping at most 10 NMF solutions with KLD within (1+RTOL) range of the best.
ℹ [2026-10-08 22:06:35.985517]: Running signature number 3 for bootstrapped catalog 16.
NMF algorithm: 'brunet'
Multiple runs: 50
Mode: parallel (2/10 core(s))
Runs: |==                                                |   4%Warning in validityMethod(object) :Warning in validityMethod(object) :

Runs: |====                                              |   8%Warning in validityMethod(object) :
Runs: |======                                            |  12%Warning in validityMethod(object) :
Runs: |========                                          |  16%Warning in validityMethod(object) :

Runs: |==========                                        |  20%Warning in validityMethod(object) :
Runs: |============                                      |  24%Warning in validityMethod(object) :
Runs: |==============                                    |  27%Warning in validityMethod(object) :
Runs: |===============                                   |  29%Warning in validityMethod(object) :
Runs: |================                                  |  31%Warning in validityMethod(object) :
Runs: |==================                                |  35%Warning in validityMethod(object) :
Runs: |====================                              |  39%Warning in validityMethod(object) :
Runs: |======================                            |  43%Warning in validityMethod(object) :
Runs: |========================                          |  47%Warning in validityMethod(object) :
Runs: |=========================                         |  51%Warning in validityMethod(object) :
Runs: |===========================                       |  55%Warning in validityMethod(object) :
Runs: |=============================                     |  59%Warning in validityMethod(object) :

Runs: |===============================                   |  63%Warning in validityMethod(object) :
Runs: |=================================                 |  67%Warning in validityMethod(object) :Warning in validityMethod(object) :
 Warning in validityMethod(object) : Dimensions of W and H look strange [ncol(W)= 3 > ncol(H)= 1 ]

Runs: |===================================               |  71%Warning in validityMethod(object) :
Runs: |=====================================             |  75%Warning in validityMethod(object) :Warning in validityMethod(object) :

Runs: |=======================================           |  78%Warning in validityMethod(object) :
System time:
   user  system elapsed 
  2.156   0.079   2.277 
ℹ [2026-10-08 22:06:38.348329]: Keeping at most 10 NMF solutions with KLD within (1+RTOL) range of the best.
ℹ [2026-10-08 22:06:38.422044]: Running signature number 3 for bootstrapped catalog 17.
NMF algorithm: 'brunet'
Multiple runs: 50
Mode: parallel (2/10 core(s))
Runs: |==                                                |   4%Warning in validityMethod(object) :
Runs: |====                                              |   8%Warning in validityMethod(object) :
Runs: |======                                            |  12%Warning in validityMethod(object) :
Runs: |========                                          |  16%Warning in validityMethod(object) :
Runs: |==========                                        |  20%Warning in validityMethod(object) :
Runs: |===========                                       |  22%Warning in validityMethod(object) :
Runs: |============                                      |  24%Warning in validityMethod(object) :
Runs: |=============                                     |  25%Warning in validityMethod(object) :
Runs: |==============                                    |  27%Warning in validityMethod(object) :
Runs: |================                                  |  31%Warning in validityMethod(object) :
Runs: |=================                                 |  33%Warning in validityMethod(object) :
Runs: |==================                                |  35%Warning in validityMethod(object) :
Runs: |====================                              |  39%Warning in validityMethod(object) :
Runs: |======================                            |  43%Warning in validityMethod(object) :
Runs: |========================                          |  47%Warning in validityMethod(object) :
Runs: |=========================                         |  51%Warning in validityMethod(object) :
Runs: |===========================                       |  55%Warning in validityMethod(object) :
Runs: |============================                      |  57%Warning in validityMethod(object) :
Runs: |=============================                     |  59%Warning in validityMethod(object) :
Runs: |==============================                    |  61%Warning in validityMethod(object) :
Runs: |===============================                   |  63%Warning in validityMethod(object) :
Runs: |================================                  |  65%Warning in validityMethod(object) :
Runs: |=================================                 |  67%Warning in validityMethod(object) :
Runs: |==================================                |  69%Warning in validityMethod(object) :
Runs: |===================================               |  71%Warning in validityMethod(object) :
Runs: |====================================              |  73%Warning in validityMethod(object) :
Runs: |=====================================             |  75%Warning in validityMethod(object) :
Runs: |======================================            |  76%Warning in validityMethod(object) :
Runs: |=======================================           |  78%Warning in validityMethod(object) :
Runs: |========================================          |  80%Warning in validityMethod(object) :
System time:
   user  system elapsed 
  2.223   0.080   2.333 
ℹ [2026-10-08 22:06:40.838389]: Keeping at most 10 NMF solutions with KLD within (1+RTOL) range of the best.
ℹ [2026-10-08 22:06:40.919176]: Running signature number 3 for bootstrapped catalog 18.
NMF algorithm: 'brunet'
Multiple runs: 50
Mode: parallel (2/10 core(s))
Runs: |==                                                |   4%Warning in validityMethod(object) :Warning in validityMethod(object) :

Runs: |====                                              |   8%Warning in validityMethod(object) :
Runs: |======                                            |  12%Warning in validityMethod(object) :
Runs: |========                                          |  16%Warning in validityMethod(object) :
Runs: |==========                                        |  20%Warning in validityMethod(object) :
Runs: |============                                      |  24%Warning in validityMethod(object) :
Runs: |==============                                    |  27%Warning in validityMethod(object) :
Runs: |================                                  |  31%Warning in validityMethod(object) :
Runs: |==================                                |  35%Warning in validityMethod(object) :
Runs: |====================                              |  39%Warning in validityMethod(object) :
Runs: |======================                            |  43%Warning in validityMethod(object) :
Runs: |========================                          |  47%Warning in validityMethod(object) :
Runs: |=========================                         |  51%Warning in validityMethod(object) :
Runs: |===========================                       |  55%Warning in validityMethod(object) :
Runs: |=============================                     |  59%Warning in validityMethod(object) :
Runs: |===============================                   |  63%Warning in validityMethod(object) :
Runs: |=================================                 |  67%Warning in validityMethod(object) :
Runs: |===================================               |  71%Warning in validityMethod(object) :
Runs: |=====================================             |  75%Warning in validityMethod(object) :
Runs: |=======================================           |  78%Warning in validityMethod(object) :
System time:
   user  system elapsed 
  2.168   0.091   2.297 
ℹ [2026-10-08 22:06:43.309196]: Keeping at most 10 NMF solutions with KLD within (1+RTOL) range of the best.
ℹ [2026-10-08 22:06:43.383663]: Running signature number 3 for bootstrapped catalog 19.
NMF algorithm: 'brunet'
Multiple runs: 50
Mode: parallel (2/10 core(s))
Runs: |==                                                |   4%Warning in validityMethod(object) :Warning in validityMethod(object) :
Runs: |====                                              |   8%Warning in validityMethod(object) :
Runs: |======                                            |  12%Warning in validityMethod(object) :
Runs: |========                                          |  16%Warning in validityMethod(object) :
Runs: |==========                                        |  20%Warning in validityMethod(object) :Warning in validityMethod(object) :
Runs: |============                                      |  24%Warning in validityMethod(object) :
Runs: |==============                                    |  27%Warning in validityMethod(object) :
Runs: |================                                  |  31%Warning in validityMethod(object) :
Runs: |==================                                |  35%Warning in validityMethod(object) :
Runs: |====================                              |  39%Warning in validityMethod(object) :
Runs: |======================                            |  43%Warning in validityMethod(object) :
Runs: |========================                          |  47%Warning in validityMethod(object) :
Runs: |=========================                         |  51%Warning in validityMethod(object) :
Runs: |===========================                       |  55%Warning in validityMethod(object) :
Runs: |=============================                     |  59%Warning in validityMethod(object) :
Runs: |===============================                   |  63%Warning in validityMethod(object) :Warning in validityMethod(object) :

Runs: |=================================                 |  67%Warning in validityMethod(object) :
Runs: |===================================               |  71%Warning in validityMethod(object) :
Runs: |=====================================             |  75%Warning in validityMethod(object) :
Runs: |=======================================           |  78%Warning in validityMethod(object) :

System time:
   user  system elapsed 
  2.161   0.084   2.284 
ℹ [2026-10-08 22:06:45.755955]: Keeping at most 10 NMF solutions with KLD within (1+RTOL) range of the best.
ℹ [2026-10-08 22:06:45.827142]: Running signature number 3 for bootstrapped catalog 20.
NMF algorithm: 'brunet'
Multiple runs: 50
Mode: parallel (2/10 core(s))
Runs: |==                                                |   4%Warning in validityMethod(object) :Warning in validityMethod(object) :
 Warning in validityMethod(object) : Dimensions of W and H look strange [ncol(W)= 3 > ncol(H)= 1 ]

Runs: |====                                              |   8%Warning in validityMethod(object) :
Runs: |======                                            |  12%Warning in validityMethod(object) :Warning in validityMethod(object) :

Runs: |========                                          |  16%Warning in validityMethod(object) :
Runs: |==========                                        |  20%Warning in validityMethod(object) :
Runs: |============                                      |  24%Warning in validityMethod(object) :
Runs: |==============                                    |  27%Warning in validityMethod(object) :
Runs: |================                                  |  31%Warning in validityMethod(object) :
Runs: |==================                                |  35%Warning in validityMethod(object) :
Runs: |====================                              |  39%Warning in validityMethod(object) :Warning in validityMethod(object) :

Runs: |======================                            |  43%Warning in validityMethod(object) :
Runs: |========================                          |  47%Warning in validityMethod(object) :Warning in validityMethod(object) :
Runs: |=========================                         |  51%Warning in validityMethod(object) :
Runs: |===========================                       |  55%Warning in validityMethod(object) :
[... +8667 suppressed of storm shape 'Warning in validityMethod(object) : ...]
Runs: |=============================                     |  59%Warning in validityMethod(object) :
Runs: |===============================                   |  63%Warning in validityMethod(object) :Warning in validityMethod(object) :

Runs: |=================================                 |  67%Warning in validityMethod(object) :
Runs: |===================================               |  71%Warning in validityMethod(object) :
Runs: |=====================================             |  75%Warning in validityMethod(object) :
Runs: |=======================================           |  78%Warning in validityMethod(object) :
 Warning in validityMethod(object) :
System time:
   user  system elapsed 
  2.138   0.105   2.280 
ℹ [2026-10-08 22:06:48.195015]: Keeping at most 10 NMF solutions with KLD within (1+RTOL) range of the best.
ℹ [2026-10-08 22:06:48.272089]: Reading NMF run files...
✔ [2026-10-08 22:06:48.277219]: Read successfully.
✔ [2026-10-08 22:06:48.278247]: NMF run files deleted.
✔ [2026-10-08 22:06:48.278855]: Done for this signature number. Current memory size used: 116MB
ℹ [2026-10-08 22:06:48.383625]: Extracting 4 signatures on 20 bootstrapped catalogs with 50 NMF runs for each.
ℹ [2026-10-08 22:06:48.38452]: Running signature number 4 for bootstrapped catalog 1.
NMF algorithm: 'brunet'
Multiple runs: 50
Mode: parallel (2/10 core(s))
Runs: |==                                                |   4%Warning in validityMethod(object) :
Runs: |====                                              |   8%Warning in validityMethod(object) :Warning in validityMethod(object) :

Runs: |======                                            |  12%Warning in validityMethod(object) :
Runs: |========                                          |  16%Warning in validityMethod(object) :
Runs: |==========                                        |  20%Warning in validityMethod(object) :
Runs: |============                                      |  24%Warning in validityMethod(object) :Warning in validityMethod(object) :
Runs: |==============                                    |  27%Warning in validityMethod(object) :
[... +11596 suppressed of storm shape '  Dimensions of W and H look strange [ncol(W)= 9 ...]
Runs: |================                                  |  31%Warning in validityMethod(object) :
Runs: |==================                                |  35%Warning in validityMethod(object) :Warning in validityMethod(object) :
Runs: |====================                              |  39%Warning in validityMethod(object) :
Runs: |======================                            |  43%Warning in validityMethod(object) :
Runs: |========================                          |  47%Warning in validityMethod(object) :
Runs: |=========================                         |  51%Warning in validityMethod(object) :
Runs: |===========================                       |  55%Warning in validityMethod(object) :
Runs: |=============================                     |  59%Warning in validityMethod(object) :
Runs: |===============================                   |  63%Warning in validityMethod(object) :
Runs: |=================================                 |  67%Warning in validityMethod(object) :
Runs: |===================================               |  71%Warning in validityMethod(object) :
Runs: |=====================================             |  75%Warning in validityMethod(object) :
Runs: |=======================================           |  78%Warning in validityMethod(object) :
System time:
   user  system elapsed 
  2.174   0.095   2.309 
ℹ [2026-10-08 22:06:50.774654]: Keeping at most 10 NMF solutions with KLD within (1+RTOL) range of the best.
ℹ [2026-10-08 22:06:50.851656]: Running signature number 4 for bootstrapped catalog 2.
NMF algorithm: 'brunet'
Multiple runs: 50
Mode: parallel (2/10 core(s))
Runs: |==                                                |   4%Warning in validityMethod(object) :Warning in validityMethod(object) :
Runs: |====                                              |   8%Warning in validityMethod(object) :Warning in validityMethod(object) :
Runs: |======                                            |  12%Warning in validityMethod(object) :
Runs: |========                                          |  16%Warning in validityMethod(object) :
Runs: |==========                                        |  20%Warning in validityMethod(object) :
Runs: |===========                                       |  22%Warning in validityMethod(object) :
Runs: |============                                      |  24%Warning in validityMethod(object) :
Runs: |=============                                     |  25%Warning in validityMethod(object) :
Runs: |==============                                    |  27%Warning in validityMethod(object) :
Runs: |===============                                   |  29%Warning in validityMethod(object) :
Runs: |================                                  |  31%Warning in validityMethod(object) :
Runs: |=================                                 |  33%Warning in validityMethod(object) :
Runs: |==================                                |  35%Warning in validityMethod(object) :
Runs: |===================                               |  37%Warning in validityMethod(object) :
Runs: |====================                              |  39%Warning in validityMethod(object) :
Runs: |=====================                             |  41%Warning in validityMethod(object) :
Runs: |======================                            |  43%Warning in validityMethod(object) :
Runs: |=======================                           |  45%Warning in validityMethod(object) :
Runs: |========================                          |  47%Warning in validityMethod(object) :
Runs: |=========================                         |  49%Warning in validityMethod(object) :
Runs: |=========================                         |  51%Warning in validityMethod(object) :
Runs: |==========================                        |  53%Warning in validityMethod(object) :
Runs: |===========================                       |  55%Warning in validityMethod(object) :
Runs: |============================                      |  57%Warning in validityMethod(object) :
Runs: |=============================                     |  59%Warning in validityMethod(object) :
Runs: |==============================                    |  61%Warning in validityMethod(object) :
Runs: |===============================                   |  63%Warning in validityMethod(object) :
Runs: |================================                  |  65%Warning in validityMethod(object) :
Runs: |=================================                 |  67%Warning in validityMethod(object) :
Runs: |==================================                |  69%Warning in validityMethod(object) :
Runs: |===================================               |  71%Warning in validityMethod(object) :
Runs: |====================================              |  73%Warning in validityMethod(object) :
Runs: |=====================================             |  75%Warning in validityMethod(object) :
Runs: |======================================            |  76%Warning in validityMethod(object) :
Runs: |=======================================           |  78%Warning in validityMethod(object) :
Runs: |========================================          |  80%Warning in validityMethod(object) :
System time:
   user  system elapsed 
  2.197   0.086   2.314 
ℹ [2026-10-08 22:06:53.253398]: Keeping at most 10 NMF solutions with KLD within (1+RTOL) range of the best.
ℹ [2026-10-08 22:06:53.328114]: Running signature number 4 for bootstrapped catalog 3.
NMF algorithm: 'brunet'
Multiple runs: 50
Mode: parallel (2/10 core(s))
Runs: |==                                                |   4%Warning in validityMethod(object) :
 Warning in validityMethod(object) : Dimensions of W and H look strange [ncol(W)= 4 > ncol(H)= 1 ]

Runs: |====                                              |   8%Warning in validityMethod(object) :
Runs: |======                                            |  12%Warning in validityMethod(object) :
Runs: |========                                          |  16%Warning in validityMethod(object) :
Runs: |==========                                        |  20%Warning in validityMethod(object) :
Runs: |============                                      |  24%Warning in validityMethod(object) :
Runs: |==============                                    |  27%Warning in validityMethod(object) :
Runs: |================                                  |  31%Warning in validityMethod(object) :
Runs: |==================                                |  35%Warning in validityMethod(object) :
Runs: |====================                              |  39%Warning in validityMethod(object) :
Runs: |======================                            |  43%Warning in validityMethod(object) :
Runs: |========================                          |  47%Warning in validityMethod(object) :
Runs: |=========================                         |  51%Warning in validityMethod(object) :
Runs: |===========================                       |  55%Warning in validityMethod(object) :
Runs: |=============================                     |  59%Warning in validityMethod(object) :
Runs: |===============================                   |  63%Warning in validityMethod(object) :
Runs: |=================================                 |  67%Warning in validityMethod(object) :
Runs: |===================================               |  71%Warning in validityMethod(object) :
 Warning in validityMethod(object) : Dimensions of W and H look strange [ncol(W)= 4 > ncol(H)= 1 ]

 Warning in validityMethod(object) : Dimensions of W and H look strange [ncol(W)= 4 > ncol(H)= 1 ]

Runs: |=====================================             |  75%Warning in validityMethod(object) :
Runs: |=======================================           |  78%Warning in validityMethod(object) :
System time:
   user  system elapsed 
  2.181   0.089   2.308 
ℹ [2026-10-08 22:06:55.726805]: Keeping at most 10 NMF solutions with KLD within (1+RTOL) range of the best.
ℹ [2026-10-08 22:06:55.798222]: Running signature number 4 for bootstrapped catalog 4.
NMF algorithm: 'brunet'
Multiple runs: 50
Mode: parallel (2/10 core(s))
Runs: |==                                                |   4%Warning in validityMethod(object) :
Runs: |====                                              |   8%Warning in validityMethod(object) :
Runs: |======                                            |  12%Warning in validityMethod(object) :
Runs: |========                                          |  16%Warning in validityMethod(object) :
Runs: |==========                                        |  20%Warning in validityMethod(object) :
Runs: |============                                      |  24%Warning in validityMethod(object) :
Runs: |==============                                    |  27%Warning in validityMethod(object) :
Runs: |================                                  |  31%Warning in validityMethod(object) :
Runs: |==================                                |  35%Warning in validityMethod(object) :
Runs: |====================                              |  39%Warning in validityMethod(object) :
Runs: |=====================                             |  41%Warning in validityMethod(object) :
Runs: |======================                            |  43%Warning in validityMethod(object) :
Runs: |=======================                           |  45%Warning in validityMethod(object) :
Runs: |========================                          |  47%Warning in validityMethod(object) :
Runs: |=========================                         |  49%Warning in validityMethod(object) :
Runs: |=========================                         |  51%Warning in validityMethod(object) :
Runs: |==========================                        |  53%Warning in validityMethod(object) :
Runs: |===========================                       |  55%Warning in validityMethod(object) :
Runs: |============================                      |  57%Warning in validityMethod(object) :
Runs: |=============================                     |  59%Warning in validityMethod(object) :
Runs: |==============================                    |  61%Warning in validityMethod(object) :
Runs: |===============================                   |  63%Warning in validityMethod(object) :
Runs: |================================                  |  65%Warning in validityMethod(object) :
Runs: |=================================                 |  67%Warning in validityMethod(object) :
Runs: |==================================                |  69%Warning in validityMethod(object) :
Runs: |===================================               |  71%Warning in validityMethod(object) :
Runs: |====================================              |  73%Warning in validityMethod(object) :
Runs: |=====================================             |  75%Warning in validityMethod(object) :
Runs: |======================================            |  76%Warning in validityMethod(object) :
Runs: |=======================================           |  78%Warning in validityMethod(object) :
Runs: |========================================          |  80%Warning in validityMethod(object) :
[... +584 suppressed of storm shape 'Runs: |========================================= ...]
System time:
   user  system elapsed 
  2.220   0.093   2.362 
ℹ [2026-10-08 22:06:58.255555]: Keeping at most 10 NMF solutions with KLD within (1+RTOL) range of the best.
ℹ [2026-10-08 22:06:58.330256]: Running signature number 4 for bootstrapped catalog 5.
NMF algorithm: 'brunet'
Multiple runs: 50
Mode: parallel (2/10 core(s))
Runs: |==                                                |   4%Warning in validityMethod(object) :Warning in validityMethod(object) :
Runs: |====                                              |   8%Warning in validityMethod(object) :
Runs: |======                                            |  12%Warning in validityMethod(object) :
Runs: |========                                          |  16%Warning in validityMethod(object) :
Runs: |==========                                        |  20%Warning in validityMethod(object) :
Runs: |============                                      |  24%Warning in validityMethod(object) :
Runs: |==============                                    |  27%Warning in validityMethod(object) :Warning in validityMethod(object) :
Runs: |================                                  |  31%Warning in validityMethod(object) :
Runs: |==================                                |  35%Warning in validityMethod(object) :

Runs: |====================                              |  39%Warning in validityMethod(object) :
Runs: |======================                            |  43%Warning in validityMethod(object) :
Runs: |========================                          |  47%Warning in validityMethod(object) :
Runs: |=========================                         |  51%Warning in validityMethod(object) :
Runs: |===========================                       |  55%Warning in validityMethod(object) :
Runs: |=============================                     |  59%Warning in validityMethod(object) :
Runs: |===============================                   |  63%Warning in validityMethod(object) :
Runs: |=================================                 |  67%Warning in validityMethod(object) :
Runs: |===================================               |  71%Warning in validityMethod(object) :
Runs: |=====================================             |  75%Warning in validityMethod(object) :
Runs: |=======================================           |  78%Warning in validityMethod(object) :
System time:
   user  system elapsed 
  2.216   0.105   2.355 
ℹ [2026-10-08 22:07:00.768693]: Keeping at most 10 NMF solutions with KLD within (1+RTOL) range of the best.
ℹ [2026-10-08 22:07:00.845072]: Running signature number 4 for bootstrapped catalog 6.
NMF algorithm: 'brunet'
Multiple runs: 50
Mode: parallel (2/10 core(s))
Runs: |==                                                |   4%Warning in validityMethod(object) :Warning in validityMethod(object) :
Runs: |====                                              |   8%Warning in validityMethod(object) :
Runs: |======                                            |  12%Warning in validityMethod(object) :
Runs: |========                                          |  16%Warning in validityMethod(object) :
Runs: |==========                                        |  20%Warning in validityMethod(object) :
Runs: |============                                      |  24%Warning in validityMethod(object) :
Runs: |==============                                    |  27%Warning in validityMethod(object) :
Runs: |================                                  |  31%Warning in validityMethod(object) :
Runs: |==================                                |  35%Warning in validityMethod(object) :
Runs: |====================                              |  39%Warning in validityMethod(object) :
Runs: |======================                            |  43%Warning in validityMethod(object) :
Runs: |========================                          |  47%Warning in validityMethod(object) :
Runs: |=========================                         |  51%Warning in validityMethod(object) :
Runs: |===========================                       |  55%Warning in validityMethod(object) :
Runs: |=============================                     |  59%Warning in validityMethod(object) :
Runs: |===============================                   |  63%Warning in validityMethod(object) :
Runs: |=================================                 |  67%Warning in validityMethod(object) :
Runs: |===================================               |  71%Warning in validityMethod(object) :
Runs: |=====================================             |  75%Warning in validityMethod(object) :
Runs: |=======================================           |  78%Warning in validityMethod(object) :
System time:
   user  system elapsed 
  2.122   0.094   2.259 
ℹ [2026-10-08 22:07:03.188032]: Keeping at most 10 NMF solutions with KLD within (1+RTOL) range of the best.
ℹ [2026-10-08 22:07:03.263346]: Running signature number 4 for bootstrapped catalog 7.
NMF algorithm: 'brunet'
Multiple runs: 50
Mode: parallel (2/10 core(s))
Runs: |==                                                |   4%Warning in validityMethod(object) :
Runs: |====                                              |   8%Warning in validityMethod(object) :Warning in validityMethod(object) :
Runs: |======                                            |  12%Warning in validityMethod(object) :
Runs: |========                                          |  16%Warning in validityMethod(object) :
Runs: |==========                                        |  20%Warning in validityMethod(object) :
Runs: |============                                      |  24%Warning in validityMethod(object) :
Runs: |==============                                    |  27%Warning in validityMethod(object) :
Runs: |================                                  |  31%Warning in validityMethod(object) :
Runs: |==================                                |  35%Warning in validityMethod(object) :
Runs: |====================                              |  39%Warning in validityMethod(object) :
Runs: |======================                            |  43%Warning in validityMethod(object) :
Runs: |========================                          |  47%Warning in validityMethod(object) :

Runs: |=========================                         |  51%Warning in validityMethod(object) :

Runs: |===========================                       |  55%Warning in validityMethod(object) :
Runs: |=============================                     |  59%Warning in validityMethod(object) :

Runs: |===============================                   |  63%Warning in validityMethod(object) :
Runs: |=================================                 |  67%Warning in validityMethod(object) :
Runs: |===================================               |  71%Warning in validityMethod(object) :
Runs: |=====================================             |  75%Warning in validityMethod(object) :
Runs: |=======================================           |  78%Warning in validityMethod(object) :
System time:
   user  system elapsed 
  2.147   0.093   2.279 
ℹ [2026-10-08 22:07:05.625581]: Keeping at most 10 NMF solutions with KLD within (1+RTOL) range of the best.
ℹ [2026-10-08 22:07:05.699614]: Running signature number 4 for bootstrapped catalog 8.
NMF algorithm: 'brunet'
Multiple runs: 50
Mode: parallel (2/10 core(s))
Runs: |==                                                |   4%Warning in validityMethod(object) :Warning in validityMethod(object) :

Runs: |====                                              |   8%Warning in validityMethod(object) :Warning in validityMethod(object) :
Runs: |======                                            |  12%Warning in validityMethod(object) :
Runs: |========                                          |  16%Warning in validityMethod(object) :
Runs: |==========                                        |  20%Warning in validityMethod(object) :
Runs: |============                                      |  24%Warning in validityMethod(object) :
Runs: |==============                                    |  27%Warning in validityMethod(object) :
Runs: |================                                  |  31%Warning in validityMethod(object) :
Runs: |==================                                |  35%Warning in validityMethod(object) :Warning in validityMethod(object) :

Runs: |====================                              |  39%Warning in validityMethod(object) :
Runs: |======================                            |  43%Warning in validityMethod(object) :
Runs: |========================                          |  47%Warning in validityMethod(object) :
Runs: |=========================                         |  51%Warning in validityMethod(object) :
Runs: |===========================                       |  55%Warning in validityMethod(object) :
Runs: |=============================                     |  59%Warning in validityMethod(object) :
Runs: |===============================                   |  63%Warning in validityMethod(object) :
Runs: |=================================                 |  67%Warning in validityMethod(object) :
Runs: |===================================               |  71%Warning in validityMethod(object) :
Runs: |=====================================             |  75%Warning in validityMethod(object) :
Runs: |=======================================           |  78%Warning in validityMethod(object) :
System time:
   user  system elapsed 
  2.158   0.098   2.296 
ℹ [2026-10-08 22:07:08.075646]: Keeping at most 10 NMF solutions with KLD within (1+RTOL) range of the best.
ℹ [2026-10-08 22:07:08.150417]: Running signature number 4 for bootstrapped catalog 9.
NMF algorithm: 'brunet'
Multiple runs: 50
Mode: parallel (2/10 core(s))
Runs: |==                                                |   4%Warning in validityMethod(object) :Warning in validityMethod(object) :
Runs: |====                                              |   8%Warning in validityMethod(object) :
Runs: |======                                            |  12%Warning in validityMethod(object) :
Runs: |========                                          |  16%Warning in validityMethod(object) :
Runs: |==========                                        |  20%Warning in validityMethod(object) :
Runs: |===========                                       |  22%Warning in validityMethod(object) :
Runs: |============                                      |  24%Warning in validityMethod(object) :
Runs: |=============                                     |  25%Warning in validityMethod(object) :
Runs: |==============                                    |  27%Warning in validityMethod(object) :
Runs: |===============                                   |  29%Warning in validityMethod(object) :
Runs: |================                                  |  31%Warning in validityMethod(object) :
Runs: |=================                                 |  33%Warning in validityMethod(object) :
Runs: |==================                                |  35%Warning in validityMethod(object) :
Runs: |===================                               |  37%Warning in validityMethod(object) :
Runs: |====================                              |  39%Warning in validityMethod(object) :
Runs: |=====================                             |  41%Warning in validityMethod(object) :
Runs: |======================                            |  43%Warning in validityMethod(object) :
Runs: |=======================                           |  45%Warning in validityMethod(object) :
Runs: |========================                          |  47%Warning in validityMethod(object) :
Runs: |=========================                         |  49%Warning in validityMethod(object) :
Runs: |=========================                         |  51%Warning in validityMethod(object) :
Runs: |==========================                        |  53%Warning in validityMethod(object) :
Runs: |===========================                       |  55%Warning in validityMethod(object) :
Runs: |============================                      |  57%Warning in validityMethod(object) :
Runs: |=============================                     |  59%Warning in validityMethod(object) :
Runs: |==============================                    |  61%Warning in validityMethod(object) :
Runs: |===============================                   |  63%Warning in validityMethod(object) :
Runs: |================================                  |  65%Warning in validityMethod(object) :
Runs: |=================================                 |  67%Warning in validityMethod(object) :
Runs: |==================================                |  69%Warning in validityMethod(object) :
Runs: |===================================               |  71%Warning in validityMethod(object) :
Runs: |====================================              |  73%Warning in validityMethod(object) :
Runs: |=====================================             |  75%Warning in validityMethod(object) :
Runs: |======================================            |  76%Warning in validityMethod(object) :
Runs: |=======================================           |  78%Warning in validityMethod(object) :
Runs: |========================================          |  80%Warning in validityMethod(object) :
System time:
   user  system elapsed 
  2.155   0.089   2.261 
ℹ [2026-10-08 22:07:10.498953]: Keeping at most 10 NMF solutions with KLD within (1+RTOL) range of the best.
ℹ [2026-10-08 22:07:10.575069]: Running signature number 4 for bootstrapped catalog 10.
NMF algorithm: 'brunet'
Multiple runs: 50
Mode: parallel (2/10 core(s))
Runs: |==                                                |   4%Warning in validityMethod(object) :
Runs: |====                                              |   8%Warning in validityMethod(object) :
Runs: |======                                            |  12%Warning in validityMethod(object) :
Runs: |========                                          |  16%Warning in validityMethod(object) :
Runs: |==========                                        |  20%Warning in validityMethod(object) :
Runs: |===========                                       |  22%Warning in validityMethod(object) :
Runs: |============                                      |  24%Warning in validityMethod(object) :
Runs: |=============                                     |  25%Warning in validityMethod(object) :
Runs: |==============                                    |  27%Warning in validityMethod(object) :
Runs: |===============                                   |  29%Warning in validityMethod(object) :
Runs: |================                                  |  31%Warning in validityMethod(object) :
Runs: |=================                                 |  33%Warning in validityMethod(object) :
Runs: |==================                                |  35%Warning in validityMethod(object) :
Runs: |===================                               |  37%Warning in validityMethod(object) :
Runs: |====================                              |  39%Warning in validityMethod(object) :
Runs: |=====================                             |  41%Warning in validityMethod(object) :
Runs: |======================                            |  43%Warning in validityMethod(object) :
Runs: |=======================                           |  45%Warning in validityMethod(object) :
Runs: |========================                          |  47%Warning in validityMethod(object) :
Runs: |=========================                         |  49%Warning in validityMethod(object) :
Runs: |=========================                         |  51%Warning in validityMethod(object) :
Runs: |==========================                        |  53%Warning in validityMethod(object) :
Runs: |===========================                       |  55%Warning in validityMethod(object) :
Runs: |============================                      |  57%Warning in validityMethod(object) :
Runs: |=============================                     |  59%Warning in validityMethod(object) :
Runs: |==============================                    |  61%Warning in validityMethod(object) :
Runs: |===============================                   |  63%Warning in validityMethod(object) :
Runs: |================================                  |  65%Warning in validityMethod(object) :
Runs: |=================================                 |  67%Warning in validityMethod(object) :
Runs: |==================================                |  69%Warning in validityMethod(object) :
Runs: |===================================               |  71%Warning in validityMethod(object) :
Runs: |====================================              |  73%Warning in validityMethod(object) :
Runs: |=====================================             |  75%Warning in validityMethod(object) :
Runs: |======================================            |  76%Warning in validityMethod(object) :
Runs: |=======================================           |  78%Warning in validityMethod(object) :
Runs: |========================================          |  80%Warning in validityMethod(object) :
System time:
   user  system elapsed 
  2.147   0.107   2.271 
ℹ [2026-10-08 22:07:12.934351]: Keeping at most 10 NMF solutions with KLD within (1+RTOL) range of the best.
ℹ [2026-10-08 22:07:13.008475]: Running signature number 4 for bootstrapped catalog 11.
NMF algorithm: 'brunet'
Multiple runs: 50
Mode: parallel (2/10 core(s))
Runs: |==                                                |   4%Warning in validityMethod(object) :Warning in validityMethod(object) :

Runs: |====                                              |   8%Warning in validityMethod(object) :

Runs: |======                                            |  12%Warning in validityMethod(object) :
Runs: |========                                          |  16%Warning in validityMethod(object) :
Runs: |==========                                        |  20%Warning in validityMethod(object) :
Runs: |============                                      |  24%Warning in validityMethod(object) :
Runs: |==============                                    |  27%Warning in validityMethod(object) :
Runs: |================                                  |  31%Warning in validityMethod(object) :
Runs: |==================                                |  35%Warning in validityMethod(object) :
Runs: |===================                               |  37%Warning in validityMethod(object) :
Runs: |====================                              |  39%Warning in validityMethod(object) :
Runs: |=====================                             |  41%Warning in validityMethod(object) :
Runs: |======================                            |  43%Warning in validityMethod(object) :
Runs: |=======================                           |  45%Warning in validityMethod(object) :
Runs: |========================                          |  47%Warning in validityMethod(object) :
Runs: |=========================                         |  49%Warning in validityMethod(object) :
Runs: |=========================                         |  51%Warning in validityMethod(object) :
Runs: |==========================                        |  53%Warning in validityMethod(object) :
Runs: |===========================                       |  55%Warning in validityMethod(object) :
Runs: |============================                      |  57%Warning in validityMethod(object) :
Runs: |=============================                     |  59%Warning in validityMethod(object) :
Runs: |==============================                    |  61%Warning in validityMethod(object) :
Runs: |===============================                   |  63%Warning in validityMethod(object) :
Runs: |================================                  |  65%Warning in validityMethod(object) :
Runs: |=================================                 |  67%Warning in validityMethod(object) :
Runs: |==================================                |  69%Warning in validityMethod(object) :
Runs: |===================================               |  71%Warning in validityMethod(object) :
Runs: |====================================              |  73%Warning in validityMethod(object) :
Runs: |=====================================             |  75%Warning in validityMethod(object) :
Runs: |======================================            |  76%Warning in validityMethod(object) :
Runs: |=======================================           |  78%Warning in validityMethod(object) :
Runs: |========================================          |  80%Warning in validityMethod(object) :
System time:
   user  system elapsed 
  2.160   0.105   2.280 
ℹ [2026-10-08 22:07:15.372783]: Keeping at most 10 NMF solutions with KLD within (1+RTOL) range of the best.
ℹ [2026-10-08 22:07:15.452708]: Running signature number 4 for bootstrapped catalog 12.
NMF algorithm: 'brunet'
Multiple runs: 50
Mode: parallel (2/10 core(s))
Runs: |==                                                |   4%Warning in validityMethod(object) :Warning in validityMethod(object) :
Runs: |====                                              |   8%Warning in validityMethod(object) :
Runs: |======                                            |  12%Warning in validityMethod(object) :
Runs: |========                                          |  16%Warning in validityMethod(object) :
Runs: |==========                                        |  20%Warning in validityMethod(object) :
Runs: |============                                      |  24%Warning in validityMethod(object) :
Runs: |==============                                    |  27%Warning in validityMethod(object) :
Runs: |===============                                   |  29%Warning in validityMethod(object) :
Runs: |================                                  |  31%Warning in validityMethod(object) :
Runs: |=================                                 |  33%Warning in validityMethod(object) :
Runs: |==================                                |  35%Warning in validityMethod(object) :
Runs: |====================                              |  39%Warning in validityMethod(object) :
Runs: |======================                            |  43%Warning in validityMethod(object) :
Runs: |=======================                           |  45%Warning in validityMethod(object) :
Runs: |========================                          |  47%Warning in validityMethod(object) :
Runs: |=========================                         |  49%Warning in validityMethod(object) :
Runs: |=========================                         |  51%Warning in validityMethod(object) :
Runs: |==========================                        |  53%Warning in validityMethod(object) :
Runs: |===========================                       |  55%Warning in validityMethod(object) :
Runs: |============================                      |  57%Warning in validityMethod(object) :
Runs: |=============================                     |  59%Warning in validityMethod(object) :
Runs: |==============================                    |  61%Warning in validityMethod(object) :
Runs: |===============================                   |  63%Warning in validityMethod(object) :
Runs: |================================                  |  65%Warning in validityMethod(object) :
Runs: |=================================                 |  67%Warning in validityMethod(object) :
Runs: |==================================                |  69%Warning in validityMethod(object) :
Runs: |===================================               |  71%Warning in validityMethod(object) :
Runs: |====================================              |  73%Warning in validityMethod(object) :
Runs: |=====================================             |  75%Warning in validityMethod(object) :
Runs: |======================================            |  76%Warning in validityMethod(object) :
Runs: |=======================================           |  78%Warning in validityMethod(object) :
Runs: |========================================          |  80%Warning in validityMethod(object) :
System time:
   user  system elapsed 
  2.179   0.093   2.290 
ℹ [2026-10-08 22:07:17.829972]: Keeping at most 10 NMF solutions with KLD within (1+RTOL) range of the best.
ℹ [2026-10-08 22:07:17.909461]: Running signature number 4 for bootstrapped catalog 13.
NMF algorithm: 'brunet'
Multiple runs: 50
Mode: parallel (2/10 core(s))
Runs: |==                                                |   4%Warning in validityMethod(object) :
Runs: |====                                              |   8%Warning in validityMethod(object) :Warning in validityMethod(object) :
Runs: |======                                            |  12%Warning in validityMethod(object) :
Runs: |========                                          |  16%Warning in validityMethod(object) :
Runs: |==========                                        |  20%Warning in validityMethod(object) :
Runs: |============                                      |  24%Warning in validityMethod(object) :
Runs: |==============                                    |  27%Warning in validityMethod(object) :
Runs: |================                                  |  31%Warning in validityMethod(object) :Warning in validityMethod(object) :
Runs: |==================                                |  35%Warning in validityMethod(object) :
Runs: |====================                              |  39%Warning in validityMethod(object) :
Runs: |======================                            |  43%Warning in validityMethod(object) :
Runs: |========================                          |  47%Warning in validityMethod(object) :Warning in validityMethod(object) :
Runs: |=========================                         |  51%Warning in validityMethod(object) :
Runs: |===========================                       |  55%Warning in validityMethod(object) :Warning in validityMethod(object) :
Runs: |=============================                     |  59%Warning in validityMethod(object) :
Runs: |===============================                   |  63%Warning in validityMethod(object) :
Runs: |=================================                 |  67%Warning in validityMethod(object) :Warning in validityMethod(object) :
Runs: |===================================               |  71%Warning in validityMethod(object) :
Runs: |=====================================             |  75%Warning in validityMethod(object) :
Runs: |=======================================           |  78%Warning in validityMethod(object) :
System time:
   user  system elapsed 
  2.144   0.101   2.284 
ℹ [2026-10-08 22:07:20.278878]: Keeping at most 10 NMF solutions with KLD within (1+RTOL) range of the best.
ℹ [2026-10-08 22:07:20.354694]: Running signature number 4 for bootstrapped catalog 14.
NMF algorithm: 'brunet'
Multiple runs: 50
Mode: parallel (2/10 core(s))
Runs: |==                                                |   4%Warning in validityMethod(object) :
Runs: |====                                              |   8%Warning in validityMethod(object) :Warning in validityMethod(object) :

Runs: |======                                            |  12%Warning in validityMethod(object) :
Runs: |========                                          |  16%Warning in validityMethod(object) :
Runs: |==========                                        |  20%Warning in validityMethod(object) :
Runs: |============                                      |  24%Warning in validityMethod(object) :
Runs: |==============                                    |  27%Warning in validityMethod(object) :
Runs: |================                                  |  31%Warning in validityMethod(object) :
Runs: |==================                                |  35%Warning in validityMethod(object) :
Runs: |====================                              |  39%Warning in validityMethod(object) :
Runs: |======================                            |  43%Warning in validityMethod(object) :
Runs: |========================                          |  47%Warning in validityMethod(object) :
Runs: |=========================                         |  51%Warning in validityMethod(object) :
Runs: |===========================                       |  55%Warning in validityMethod(object) :
Runs: |============================                      |  57%Warning in validityMethod(object) :
Runs: |=============================                     |  59%Warning in validityMethod(object) :
Runs: |==============================                    |  61%Warning in validityMethod(object) :
Runs: |===============================                   |  63%Warning in validityMethod(object) :
Runs: |=================================                 |  67%Warning in validityMethod(object) :
Runs: |===================================               |  71%Warning in validityMethod(object) :
Runs: |=====================================             |  75%Warning in validityMethod(object) :
Runs: |=======================================           |  78%Warning in validityMethod(object) :
System time:
   user  system elapsed 
  2.274   0.093   2.408 
ℹ [2026-10-08 22:07:22.844403]: Keeping at most 10 NMF solutions with KLD within (1+RTOL) range of the best.
ℹ [2026-10-08 22:07:22.922708]: Running signature number 4 for bootstrapped catalog 15.
NMF algorithm: 'brunet'
Multiple runs: 50
Mode: parallel (2/10 core(s))
Runs: |==                                                |   4%Warning in validityMethod(object) :Warning in validityMethod(object) :
Runs: |====                                              |   8%Warning in validityMethod(object) :
Runs: |======                                            |  12%Warning in validityMethod(object) :
Runs: |========                                          |  16%Warning in validityMethod(object) :

Runs: |==========                                        |  20%Warning in validityMethod(object) :
Runs: |============                                      |  24%Warning in validityMethod(object) :
Runs: |==============                                    |  27%Warning in validityMethod(object) :
Runs: |================                                  |  31%Warning in validityMethod(object) :
Runs: |==================                                |  35%Warning in validityMethod(object) :
Runs: |====================                              |  39%Warning in validityMethod(object) :
Runs: |======================                            |  43%Warning in validityMethod(object) :
Runs: |========================                          |  47%Warning in validityMethod(object) :
Runs: |=========================                         |  51%Warning in validityMethod(object) :
Runs: |==========================                        |  53%Warning in validityMethod(object) :
Runs: |===========================                       |  55%Warning in validityMethod(object) :
Runs: |============================                      |  57%Warning in validityMethod(object) :
Runs: |=============================                     |  59%Warning in validityMethod(object) :
Runs: |==============================                    |  61%Warning in validityMethod(object) :
Runs: |===============================                   |  63%Warning in validityMethod(object) :
Runs: |================================                  |  65%Warning in validityMethod(object) :
Runs: |=================================                 |  67%Warning in validityMethod(object) :
Runs: |==================================                |  69%Warning in validityMethod(object) :
Runs: |===================================               |  71%Warning in validityMethod(object) :
Runs: |====================================              |  73%Warning in validityMethod(object) :
Runs: |=====================================             |  75%Warning in validityMethod(object) :
Runs: |======================================            |  76%Warning in validityMethod(object) :
Runs: |=======================================           |  78%Warning in validityMethod(object) :
Runs: |========================================          |  80%Warning in validityMethod(object) :
System time:
   user  system elapsed 
  2.233   0.089   2.353 
ℹ [2026-10-08 22:07:25.364322]: Keeping at most 10 NMF solutions with KLD within (1+RTOL) range of the best.
ℹ [2026-10-08 22:07:25.439109]: Running signature number 4 for bootstrapped catalog 16.
NMF algorithm: 'brunet'
Multiple runs: 50
Mode: parallel (2/10 core(s))
Runs: |==                                                |   4%Warning in validityMethod(object) :
Runs: |====                                              |   8%Warning in validityMethod(object) :
Runs: |======                                            |  12%Warning in validityMethod(object) :
Runs: |========                                          |  16%Warning in validityMethod(object) :
Runs: |==========                                        |  20%Warning in validityMethod(object) :
Runs: |============                                      |  24%Warning in validityMethod(object) :Warning in validityMethod(object) :
Runs: |==============                                    |  27%Warning in validityMethod(object) :
Runs: |================                                  |  31%Warning in validityMethod(object) :
Runs: |=================                                 |  33%Warning in validityMethod(object) :
Runs: |==================                                |  35%Warning in validityMethod(object) :
Runs: |===================                               |  37%Warning in validityMethod(object) :
Runs: |====================                              |  39%Warning in validityMethod(object) :
Runs: |=====================                             |  41%Warning in validityMethod(object) :
Runs: |======================                            |  43%Warning in validityMethod(object) :
Runs: |=======================                           |  45%Warning in validityMethod(object) :
Runs: |========================                          |  47%Warning in validityMethod(object) :
Runs: |=========================                         |  49%Warning in validityMethod(object) :
Runs: |=========================                         |  51%Warning in validityMethod(object) :
Runs: |==========================                        |  53%Warning in validityMethod(object) :
Runs: |===========================                       |  55%Warning in validityMethod(object) :
Runs: |============================                      |  57%Warning in validityMethod(object) :
Runs: |=============================                     |  59%Warning in validityMethod(object) :
Runs: |==============================                    |  61%Warning in validityMethod(object) :
Runs: |===============================                   |  63%Warning in validityMethod(object) :
Runs: |================================                  |  65%Warning in validityMethod(object) :
Runs: |=================================                 |  67%Warning in validityMethod(object) :
Runs: |==================================                |  69%Warning in validityMethod(object) :
Runs: |===================================               |  71%Warning in validityMethod(object) :
Runs: |====================================              |  73%Warning in validityMethod(object) :
Runs: |=====================================             |  75%Warning in validityMethod(object) :
Runs: |======================================            |  76%Warning in validityMethod(object) :
Runs: |=======================================           |  78%Warning in validityMethod(object) :
Runs: |========================================          |  80%Warning in validityMethod(object) :
System time:
   user  system elapsed 
  2.182   0.093   2.300 
ℹ [2026-10-08 22:07:27.828253]: Keeping at most 10 NMF solutions with KLD within (1+RTOL) range of the best.
ℹ [2026-10-08 22:07:27.903618]: Running signature number 4 for bootstrapped catalog 17.
NMF algorithm: 'brunet'
Multiple runs: 50
Mode: parallel (2/10 core(s))
Runs: |==                                                |   4%Warning in validityMethod(object) :Warning in validityMethod(object) :
 
 Dimensions of W and H look strange [ncol(W)= 4 > ncol(H)= 1 ]
Runs: |====                                              |   8%Warning in validityMethod(object) :
 
 Dimensions of W and H look strange [ncol(W)= 4 > ncol(H)= 1 ]
 
 Dimensions of W and H look strange [ncol(W)= 4 > ncol(H)= 1 ]
Runs: |======                                            |  12%Warning in validityMethod(object) :
Warning in validityMethod(object) :Warning in validityMethod(object) :
 
 Dimensions of W and H look strange [ncol(W)= 4 > ncol(H)= 1 ]
Warning in validityMethod(object) :Warning in validityMethod(object) :
 
 Dimensions of W and H look strange [ncol(W)= 4 > ncol(H)= 1 ]
Runs: |========                                          |  16%Warning in validityMethod(object) :
Runs: |==========                                        |  20%Warning in validityMethod(object) :
Runs: |============                                      |  24%Warning in validityMethod(object) :
Runs: |==============                                    |  27%Warning in validityMethod(object) :
Runs: |================                                  |  31%Warning in validityMethod(object) :
Runs: |==================                                |  35%Warning in validityMethod(object) :
Runs: |====================                              |  39%Warning in validityMethod(object) :
Runs: |======================                            |  43%Warning in validityMethod(object) :
Runs: |========================                          |  47%Warning in validityMethod(object) :
Runs: |=========================                         |  51%Warning in validityMethod(object) :
Runs: |===========================                       |  55%Warning in validityMethod(object) :
Runs: |=============================                     |  59%Warning in validityMethod(object) :
Runs: |===============================                   |  63%Warning in validityMethod(object) :
Runs: |=================================                 |  67%Warning in validityMethod(object) :
Runs: |===================================               |  71%Warning in validityMethod(object) :
Runs: |=====================================             |  75%Warning in validityMethod(object) :
Runs: |=======================================           |  78%Warning in validityMethod(object) :
System time:
   user  system elapsed 
  2.170   0.093   2.301 
ℹ [2026-10-08 22:07:30.294998]: Keeping at most 10 NMF solutions with KLD within (1+RTOL) range of the best.
ℹ [2026-10-08 22:07:30.367305]: Running signature number 4 for bootstrapped catalog 18.
NMF algorithm: 'brunet'
Multiple runs: 50
Mode: parallel (2/10 core(s))
Runs: |==                                                |   4%Warning in validityMethod(object) :Warning in validityMethod(object) :
 
 Dimensions of W and H look strange [ncol(W)= 4 > ncol(H)= 1 ]
Warning in validityMethod(object) :Warning in validityMethod(object) :
 
 Dimensions of W and H look strange [ncol(W)= 4 > ncol(H)= 1 ]
Runs: |====                                              |   8%Warning in validityMethod(object) :
Runs: |======                                            |  12%Warning in validityMethod(object) :
Runs: |========                                          |  16%Warning in validityMethod(object) :
Runs: |==========                                        |  20%Warning in validityMethod(object) :
Runs: |============                                      |  24%Warning in validityMethod(object) :
Runs: |==============                                    |  27%Warning in validityMethod(object) :
Runs: |================                                  |  31%Warning in validityMethod(object) :
Runs: |==================                                |  35%Warning in validityMethod(object) :
Runs: |====================                              |  39%Warning in validityMethod(object) :
Runs: |======================                            |  43%Warning in validityMethod(object) :
Runs: |========================                          |  47%Warning in validityMethod(object) :
Runs: |=========================                         |  51%Warning in validityMethod(object) :
Runs: |===========================                       |  55%Warning in validityMethod(object) :
Runs: |=============================                     |  59%Warning in validityMethod(object) :
Runs: |===============================                   |  63%Warning in validityMethod(object) :
Runs: |================================                  |  65%Warning in validityMethod(object) :
Runs: |=================================                 |  67%Warning in validityMethod(object) :
Runs: |==================================                |  69%Warning in validityMethod(object) :
Runs: |===================================               |  71%Warning in validityMethod(object) :
Runs: |====================================              |  73%Warning in validityMethod(object) :
Runs: |=====================================             |  75%Warning in validityMethod(object) :
Runs: |======================================            |  76%Warning in validityMethod(object) :
Runs: |=======================================           |  78%Warning in validityMethod(object) :
Runs: |========================================          |  80%Warning in validityMethod(object) :
System time:
   user  system elapsed 
  2.173   0.092   2.294 
ℹ [2026-10-08 22:07:32.750092]: Keeping at most 10 NMF solutions with KLD within (1+RTOL) range of the best.
ℹ [2026-10-08 22:07:32.825409]: Running signature number 4 for bootstrapped catalog 19.
NMF algorithm: 'brunet'
Multiple runs: 50
Mode: parallel (2/10 core(s))
Runs: |==                                                |   4%Warning in validityMethod(object) :
Runs: |====                                              |   8%Warning in validityMethod(object) :
Warning in validityMethod(object) :Warning in validityMethod(object) :

Warning in validityMethod(object) :Warning in validityMethod(object) :

Runs: |======                                            |  12%Warning in validityMethod(object) :
Runs: |========                                          |  16%Warning in validityMethod(object) :
Runs: |==========                                        |  20%Warning in validityMethod(object) :
Runs: |===========                                       |  22%Warning in validityMethod(object) :
Runs: |============                                      |  24%Warning in validityMethod(object) :
Runs: |=============                                     |  25%Warning in validityMethod(object) :
Runs: |==============                                    |  27%Warning in validityMethod(object) :
Runs: |===============                                   |  29%Warning in validityMethod(object) :
Runs: |================                                  |  31%Warning in validityMethod(object) :
Runs: |=================                                 |  33%Warning in validityMethod(object) :
Runs: |==================                                |  35%Warning in validityMethod(object) :
Runs: |===================                               |  37%Warning in validityMethod(object) :
Runs: |====================                              |  39%Warning in validityMethod(object) :
Runs: |=====================                             |  41%Warning in validityMethod(object) :
Runs: |======================                            |  43%Warning in validityMethod(object) :
Runs: |=======================                           |  45%Warning in validityMethod(object) :
Runs: |========================                          |  47%Warning in validityMethod(object) :
Runs: |=========================                         |  49%Warning in validityMethod(object) :
Runs: |=========================                         |  51%Warning in validityMethod(object) :
Runs: |==========================                        |  53%Warning in validityMethod(object) :
Runs: |===========================                       |  55%Warning in validityMethod(object) :
Runs: |============================                      |  57%Warning in validityMethod(object) :
Runs: |=============================                     |  59%Warning in validityMethod(object) :
Runs: |==============================                    |  61%Warning in validityMethod(object) :
Runs: |===============================                   |  63%Warning in validityMethod(object) :
Runs: |================================                  |  65%Warning in validityMethod(object) :
Runs: |=================================                 |  67%Warning in validityMethod(object) :
Runs: |==================================                |  69%Warning in validityMethod(object) :
Runs: |===================================               |  71%Warning in validityMethod(object) :
Runs: |====================================              |  73%Warning in validityMethod(object) :
Runs: |=====================================             |  75%Warning in validityMethod(object) :
Runs: |======================================            |  76%Warning in validityMethod(object) :
Runs: |=======================================           |  78%Warning in validityMethod(object) :
Runs: |========================================          |  80%Warning in validityMethod(object) :
System time:
   user  system elapsed 
  2.152   0.093   2.261 
ℹ [2026-10-08 22:07:35.172215]: Keeping at most 10 NMF solutions with KLD within (1+RTOL) range of the best.
ℹ [2026-10-08 22:07:35.243873]: Running signature number 4 for bootstrapped catalog 20.
NMF algorithm: 'brunet'
Multiple runs: 50
Mode: parallel (2/10 core(s))
Runs: |==                                                |   4%Warning in validityMethod(object) :
Runs: |====                                              |   8%Warning in validityMethod(object) :
Runs: |======                                            |  12%Warning in validityMethod(object) :
Runs: |========                                          |  16%Warning in validityMethod(object) :
Runs: |==========                                        |  20%Warning in validityMethod(object) :
Runs: |============                                      |  24%Warning in validityMethod(object) :
Runs: |==============                                    |  27%Warning in validityMethod(object) :
Runs: |================                                  |  31%Warning in validityMethod(object) :
Runs: |==================                                |  35%Warning in validityMethod(object) :
Runs: |====================                              |  39%Warning in validityMethod(object) :
Runs: |======================                            |  43%Warning in validityMethod(object) :
Runs: |========================                          |  47%Warning in validityMethod(object) :
Runs: |=========================                         |  51%Warning in validityMethod(object) :
Runs: |==========================                        |  53%Warning in validityMethod(object) :
Runs: |===========================                       |  55%Warning in validityMethod(object) :
Runs: |=============================                     |  59%Warning in validityMethod(object) :
Runs: |==============================                    |  61%Warning in validityMethod(object) :
Runs: |===============================                   |  63%Warning in validityMethod(object) :
Runs: |================================                  |  65%Warning in validityMethod(object) :
Runs: |=================================                 |  67%Warning in validityMethod(object) :
Runs: |==================================                |  69%Warning in validityMethod(object) :
Runs: |===================================               |  71%Warning in validityMethod(object) :
Runs: |====================================              |  73%Warning in validityMethod(object) :
Runs: |=====================================             |  75%Warning in validityMethod(object) :
Runs: |=======================================           |  78%Warning in validityMethod(object) :
Runs: |========================================          |  80%Warning in validityMethod(object) :
System time:
   user  system elapsed 
  2.139   0.099   2.273 
ℹ [2026-10-08 22:07:37.599584]: Keeping at most 10 NMF solutions with KLD within (1+RTOL) range of the best.
ℹ [2026-10-08 22:07:37.674088]: Reading NMF run files...
✔ [2026-10-08 22:07:37.679564]: Read successfully.
✔ [2026-10-08 22:07:37.680405]: NMF run files deleted.
✔ [2026-10-08 22:07:37.680926]: Done for this signature number. Current memory size used: 117MB
ℹ [2026-10-08 22:07:37.78827]: Extracting 5 signatures on 20 bootstrapped catalogs with 50 NMF runs for each.
ℹ [2026-10-08 22:07:37.789187]: Running signature number 5 for bootstrapped catalog 1.
NMF algorithm: 'brunet'
Multiple runs: 50
Mode: parallel (2/10 core(s))
Runs: |==                                                |   4%Warning in validityMethod(object) :
Runs: |====                                              |   8%Warning in validityMethod(object) :
Runs: |======                                            |  12%Warning in validityMethod(object) :
Runs: |========                                          |  16%Warning in validityMethod(object) :
Runs: |==========                                        |  20%Warning in validityMethod(object) :
Runs: |============                                      |  24%Warning in validityMethod(object) :
Runs: |==============                                    |  27%Warning in validityMethod(object) :
Runs: |================                                  |  31%Warning in validityMethod(object) :
Runs: |=================                                 |  33%Warning in validityMethod(object) :
Runs: |==================                                |  35%Warning in validityMethod(object) :
Runs: |===================                               |  37%Warning in validityMethod(object) :
Runs: |====================                              |  39%Warning in validityMethod(object) :
Runs: |=====================                             |  41%Warning in validityMethod(object) :
Runs: |======================                            |  43%Warning in validityMethod(object) :
Runs: |=======================                           |  45%Warning in validityMethod(object) :
Runs: |========================                          |  47%Warning in validityMethod(object) :
Runs: |=========================                         |  49%Warning in validityMethod(object) :
Runs: |=========================                         |  51%Warning in validityMethod(object) :
Runs: |==========================                        |  53%Warning in validityMethod(object) :
Runs: |===========================                       |  55%Warning in validityMethod(object) :
Runs: |============================                      |  57%Warning in validityMethod(object) :
Runs: |=============================                     |  59%Warning in validityMethod(object) :
Runs: |==============================                    |  61%Warning in validityMethod(object) :
Runs: |===============================                   |  63%Warning in validityMethod(object) :
Runs: |================================                  |  65%Warning in validityMethod(object) :
Runs: |=================================                 |  67%Warning in validityMethod(object) :
Runs: |==================================                |  69%Warning in validityMethod(object) :
Runs: |===================================               |  71%Warning in validityMethod(object) :
Runs: |====================================              |  73%Warning in validityMethod(object) :
Runs: |=====================================             |  75%Warning in validityMethod(object) :
Runs: |======================================            |  76%Warning in validityMethod(object) :
Runs: |=======================================           |  78%Warning in validityMethod(object) :
Runs: |========================================          |  80%Warning in validityMethod(object) :
System time:
   user  system elapsed 
  2.191   0.085   2.292 
ℹ [2026-10-08 22:07:40.16714]: Keeping at most 10 NMF solutions with KLD within (1+RTOL) range of the best.
ℹ [2026-10-08 22:07:40.253123]: Running signature number 5 for bootstrapped catalog 2.
NMF algorithm: 'brunet'
Multiple runs: 50
Mode: parallel (2/10 core(s))
Runs: |==                                                |   4%Warning in validityMethod(object) :
Warning in validityMethod(object) :Warning in validityMethod(object) :

Runs: |====                                              |   8%Warning in validityMethod(object) :
Runs: |======                                            |  12%Warning in validityMethod(object) :
Runs: |========                                          |  16%Warning in validityMethod(object) :
Runs: |==========                                        |  20%Warning in validityMethod(object) :
Runs: |============                                      |  24%Warning in validityMethod(object) :
Runs: |==============                                    |  27%Warning in validityMethod(object) :
Runs: |================                                  |  31%Warning in validityMethod(object) :
Runs: |==================                                |  35%Warning in validityMethod(object) :
Runs: |====================                              |  39%Warning in validityMethod(object) :
Runs: |======================                            |  43%Warning in validityMethod(object) :
Runs: |========================                          |  47%Warning in validityMethod(object) :
Runs: |=========================                         |  51%Warning in validityMethod(object) :
Runs: |==========================                        |  53%Warning in validityMethod(object) :
Runs: |===========================                       |  55%Warning in validityMethod(object) :
Runs: |============================                      |  57%Warning in validityMethod(object) :
Runs: |=============================                     |  59%Warning in validityMethod(object) :
Runs: |==============================                    |  61%Warning in validityMethod(object) :
Runs: |===============================                   |  63%Warning in validityMethod(object) :
Runs: |================================                  |  65%Warning in validityMethod(object) :
Runs: |=================================                 |  67%Warning in validityMethod(object) :
Runs: |===================================               |  71%Warning in validityMethod(object) :
Runs: |====================================              |  73%Warning in validityMethod(object) :
Runs: |=====================================             |  75%Warning in validityMethod(object) :
Runs: |======================================            |  76%Warning in validityMethod(object) :
Runs: |=======================================           |  78%Warning in validityMethod(object) :
Runs: |========================================          |  80%Warning in validityMethod(object) :
System time:
   user  system elapsed 
  2.247   0.095   2.373 
ℹ [2026-10-08 22:07:42.711645]: Keeping at most 10 NMF solutions with KLD within (1+RTOL) range of the best.
ℹ [2026-10-08 22:07:42.787691]: Running signature number 5 for bootstrapped catalog 3.
NMF algorithm: 'brunet'
Multiple runs: 50
Mode: parallel (2/10 core(s))
Runs: |==                                                |   4%Warning in validityMethod(object) :Warning in validityMethod(object) :
 
 Dimensions of W and H look strange [ncol(W)= 5 > ncol(H)= 1 ]
Warning in validityMethod(object) :Warning in validityMethod(object) :
 
 Dimensions of W and H look strange [ncol(W)= 5 > ncol(H)= 1 ]
Warning in validityMethod(object) :Warning in validityMethod(object) :
 
 Dimensions of W and H look strange [ncol(W)= 5 > ncol(H)= 1 ]
Runs: |====                                              |   8%Warning in validityMethod(object) :
Runs: |======                                            |  12%Warning in validityMethod(object) :
Runs: |========                                          |  16%Warning in validityMethod(object) :
Runs: |==========                                        |  20%Warning in validityMethod(object) :
Runs: |============                                      |  24%Warning in validityMethod(object) :
Runs: |==============                                    |  27%Warning in validityMethod(object) :
Runs: |================                                  |  31%Warning in validityMethod(object) :
Runs: |==================                                |  35%Warning in validityMethod(object) :
Runs: |====================                              |  39%Warning in validityMethod(object) :
Runs: |======================                            |  43%Warning in validityMethod(object) :
Warning in validityMethod(object) :Warning in validityMethod(object) :
 
 Dimensions of W and H look strange [ncol(W)= 5 > ncol(H)= 1 ]
Runs: |========================                          |  47%Warning in validityMethod(object) :
Runs: |=========================                         |  51%Warning in validityMethod(object) :
Runs: |===========================                       |  55%Warning in validityMethod(object) :
Runs: |============================                      |  57%Warning in validityMethod(object) :
Runs: |=============================                     |  59%Warning in validityMethod(object) :
Runs: |==============================                    |  61%Warning in validityMethod(object) :
Runs: |===============================                   |  63%Warning in validityMethod(object) :
Runs: |================================                  |  65%Warning in validityMethod(object) :
Runs: |=================================                 |  67%Warning in validityMethod(object) :
Runs: |==================================                |  69%Warning in validityMethod(object) :
Runs: |===================================               |  71%Warning in validityMethod(object) :
Runs: |====================================              |  73%Warning in validityMethod(object) :
Runs: |=====================================             |  75%Warning in validityMethod(object) :
Runs: |======================================            |  76%Warning in validityMethod(object) :
Runs: |=======================================           |  78%Warning in validityMethod(object) :
Runs: |========================================          |  80%Warning in validityMethod(object) :
System time:
   user  system elapsed 
  2.211   0.120   2.357 
ℹ [2026-10-08 22:07:45.231237]: Keeping at most 10 NMF solutions with KLD within (1+RTOL) range of the best.
ℹ [2026-10-08 22:07:45.307436]: Running signature number 5 for bootstrapped catalog 4.
NMF algorithm: 'brunet'
Multiple runs: 50
Mode: parallel (2/10 core(s))
Runs: |==                                                |   4%Warning in validityMethod(object) :
Warning in validityMethod(object) :Warning in validityMethod(object) :
 
 Dimensions of W and H look strange [ncol(W)= 5 > ncol(H)= 1 ]
Runs: |====                                              |   8%Warning in validityMethod(object) :
Runs: |======                                            |  12%Warning in validityMethod(object) :
Runs: |========                                          |  16%Warning in validityMethod(object) :
Runs: |==========                                        |  20%Warning in validityMethod(object) :
Runs: |============                                      |  24%Warning in validityMethod(object) :
Runs: |==============                                    |  27%Warning in validityMethod(object) :
Runs: |===============                                   |  29%Warning in validityMethod(object) :
Runs: |================                                  |  31%Warning in validityMethod(object) :
Runs: |=================                                 |  33%Warning in validityMethod(object) :
Runs: |==================                                |  35%Warning in validityMethod(object) :
Runs: |===================                               |  37%Warning in validityMethod(object) :
Runs: |====================                              |  39%Warning in validityMethod(object) :
Runs: |=====================                             |  41%Warning in validityMethod(object) :
Runs: |======================                            |  43%Warning in validityMethod(object) :
Runs: |=======================                           |  45%Warning in validityMethod(object) :
Runs: |========================                          |  47%Warning in validityMethod(object) :
Runs: |=========================                         |  49%Warning in validityMethod(object) :
Runs: |=========================                         |  51%Warning in validityMethod(object) :
Runs: |==========================                        |  53%Warning in validityMethod(object) :
Runs: |===========================                       |  55%Warning in validityMethod(object) :
Runs: |============================                      |  57%Warning in validityMethod(object) :
Runs: |=============================                     |  59%Warning in validityMethod(object) :
Runs: |==============================                    |  61%Warning in validityMethod(object) :
Runs: |===============================                   |  63%Warning in validityMethod(object) :
Runs: |================================                  |  65%Warning in validityMethod(object) :
Runs: |=================================                 |  67%Warning in validityMethod(object) :
Runs: |==================================                |  69%Warning in validityMethod(object) :
Runs: |===================================               |  71%Warning in validityMethod(object) :
Runs: |====================================              |  73%Warning in validityMethod(object) :
Runs: |=====================================             |  75%Warning in validityMethod(object) :
Runs: |======================================            |  76%Warning in validityMethod(object) :
Runs: |=======================================           |  78%Warning in validityMethod(object) :
Runs: |========================================          |  80%Warning in validityMethod(object) :
System time:
   user  system elapsed 
  2.190   0.090   2.304 
ℹ [2026-10-08 22:07:47.695828]: Keeping at most 10 NMF solutions with KLD within (1+RTOL) range of the best.
ℹ [2026-10-08 22:07:47.773963]: Running signature number 5 for bootstrapped catalog 5.
NMF algorithm: 'brunet'
Multiple runs: 50
Mode: parallel (2/10 core(s))
Runs: |==                                                |   4%Warning in validityMethod(object) :
Runs: |====                                              |   8%Warning in validityMethod(object) :
Runs: |======                                            |  12%Warning in validityMethod(object) :
Runs: |========                                          |  16%Warning in validityMethod(object) :
Warning in validityMethod(object) :Warning in validityMethod(object) :

Runs: |==========                                        |  20%Warning in validityMethod(object) :
Runs: |============                                      |  24%Warning in validityMethod(object) :
Runs: |==============                                    |  27%Warning in validityMethod(object) :
Runs: |================                                  |  31%Warning in validityMethod(object) :
Runs: |==================                                |  35%Warning in validityMethod(object) :
Runs: |====================                              |  39%Warning in validityMethod(object) :
Runs: |======================                            |  43%Warning in validityMethod(object) :
Runs: |========================                          |  47%Warning in validityMethod(object) :
Runs: |=========================                         |  51%Warning in validityMethod(object) :
Runs: |===========================                       |  55%Warning in validityMethod(object) :
Runs: |=============================                     |  59%Warning in validityMethod(object) :
Runs: |===============================                   |  63%Warning in validityMethod(object) :
Runs: |================================                  |  65%Warning in validityMethod(object) :
Runs: |=================================                 |  67%Warning in validityMethod(object) :
Runs: |==================================                |  69%Warning in validityMethod(object) :
Runs: |===================================               |  71%Warning in validityMethod(object) :
Runs: |====================================              |  73%Warning in validityMethod(object) :
Runs: |=====================================             |  75%Warning in validityMethod(object) :
Runs: |======================================            |  76%Warning in validityMethod(object) :
Runs: |=======================================           |  78%Warning in validityMethod(object) :
Runs: |========================================          |  80%Warning in validityMethod(object) :
System time:
   user  system elapsed 
  2.183   0.084   2.294 
ℹ [2026-10-08 22:07:50.152481]: Keeping at most 10 NMF solutions with KLD within (1+RTOL) range of the best.
ℹ [2026-10-08 22:07:50.229231]: Running signature number 5 for bootstrapped catalog 6.
NMF algorithm: 'brunet'
Multiple runs: 50
Mode: parallel (2/10 core(s))
Runs: |==                                                |   4%Warning in validityMethod(object) :Warning in validityMethod(object) :

Runs: |====                                              |   8%Warning in validityMethod(object) :
Warning in validityMethod(object) :Warning in validityMethod(object) :
 
 Dimensions of W and H look strange [ncol(W)= 5 > ncol(H)= 1 ]
Warning in validityMethod(object) :Warning in validityMethod(object) :
 
 Dimensions of W and H look strange [ncol(W)= 5 > ncol(H)= 1 ]
Runs: |======                                            |  12%Warning in validityMethod(object) :
Warning in validityMethod(object) :Warning in validityMethod(object) :

Warning in validityMethod(object) :Warning in validityMethod(object) :
 
 Dimensions of W and H look strange [ncol(W)= 5 > ncol(H)= 1 ]
Runs: |========                                          |  16%Warning in validityMethod(object) :
Runs: |==========                                        |  20%Warning in validityMethod(object) :
Runs: |============                                      |  24%Warning in validityMethod(object) :
Runs: |==============                                    |  27%Warning in validityMethod(object) :
Runs: |================                                  |  31%Warning in validityMethod(object) :
Runs: |==================                                |  35%Warning in validityMethod(object) :
Runs: |====================                              |  39%Warning in validityMethod(object) :
Runs: |=====================                             |  41%Warning in validityMethod(object) :
Runs: |======================                            |  43%Warning in validityMethod(object) :
Runs: |========================                          |  47%Warning in validityMethod(object) :
Runs: |=========================                         |  51%Warning in validityMethod(object) :
Runs: |===========================                       |  55%Warning in validityMethod(object) :
Runs: |============================                      |  57%Warning in validityMethod(object) :
Runs: |=============================                     |  59%Warning in validityMethod(object) :
Runs: |==============================                    |  61%Warning in validityMethod(object) :
Runs: |===============================                   |  63%Warning in validityMethod(object) :
Runs: |================================                  |  65%Warning in validityMethod(object) :
Runs: |=================================                 |  67%Warning in validityMethod(object) :
Runs: |==================================                |  69%Warning in validityMethod(object) :
Runs: |===================================               |  71%Warning in validityMethod(object) :
Runs: |====================================              |  73%Warning in validityMethod(object) :
Runs: |=====================================             |  75%Warning in validityMethod(object) :
Runs: |======================================            |  76%Warning in validityMethod(object) :
Runs: |=======================================           |  78%Warning in validityMethod(object) :
Runs: |========================================          |  80%Warning in validityMethod(object) :
System time:
   user  system elapsed 
  2.188   0.092   2.299 
ℹ [2026-10-08 22:07:52.609976]: Keeping at most 10 NMF solutions with KLD within (1+RTOL) range of the best.
ℹ [2026-10-08 22:07:52.687307]: Running signature number 5 for bootstrapped catalog 7.
NMF algorithm: 'brunet'
Multiple runs: 50
Mode: parallel (2/10 core(s))
Runs: |==                                                |   4%Warning in validityMethod(object) :
Runs: |====                                              |   8%Warning in validityMethod(object) :
Runs: |======                                            |  12%Warning in validityMethod(object) :
Runs: |========                                          |  16%Warning in validityMethod(object) :
Runs: |==========                                        |  20%Warning in validityMethod(object) :
Runs: |============                                      |  24%Warning in validityMethod(object) :
Runs: |==============                                    |  27%Warning in validityMethod(object) :
Runs: |================                                  |  31%Warning in validityMethod(object) :
Runs: |==================                                |  35%Warning in validityMethod(object) :
Runs: |===================                               |  37%Warning in validityMethod(object) :
Runs: |====================                              |  39%Warning in validityMethod(object) :
Runs: |=====================                             |  41%Warning in validityMethod(object) :
Runs: |======================                            |  43%Warning in validityMethod(object) :
Runs: |=======================                           |  45%Warning in validityMethod(object) :
Runs: |========================                          |  47%Warning in validityMethod(object) :
Runs: |=========================                         |  49%Warning in validityMethod(object) :
Runs: |=========================                         |  51%Warning in validityMethod(object) :
Runs: |===========================                       |  55%Warning in validityMethod(object) :
Runs: |=============================                     |  59%Warning in validityMethod(object) :
Runs: |===============================                   |  63%Warning in validityMethod(object) :
Runs: |=================================                 |  67%Warning in validityMethod(object) :
Runs: |===================================               |  71%Warning in validityMethod(object) :
Runs: |====================================              |  73%Warning in validityMethod(object) :
Runs: |=====================================             |  75%Warning in validityMethod(object) :
Runs: |======================================            |  76%Warning in validityMethod(object) :
Runs: |=======================================           |  78%Warning in validityMethod(object) :
Runs: |========================================          |  80%Warning in validityMethod(object) :
System time:
   user  system elapsed 
  2.165   0.087   2.283 
ℹ [2026-10-08 22:07:55.064097]: Keeping at most 10 NMF solutions with KLD within (1+RTOL) range of the best.
ℹ [2026-10-08 22:07:55.14155]: Running signature number 5 for bootstrapped catalog 8.
NMF algorithm: 'brunet'
Multiple runs: 50
Mode: parallel (2/10 core(s))
Runs: |==                                                |   4%Warning in validityMethod(object) :
Runs: |====                                              |   8%Warning in validityMethod(object) :
Runs: |======                                            |  12%Warning in validityMethod(object) :
Runs: |========                                          |  16%Warning in validityMethod(object) :
 Warning in validityMethod(object) : Dimensions of W and H look strange [ncol(W)= 5 > ncol(H)= 1 ]

Runs: |==========                                        |  20%Warning in validityMethod(object) :
Runs: |============                                      |  24%Warning in validityMethod(object) :
Runs: |==============                                    |  27%Warning in validityMethod(object) :
Runs: |================                                  |  31%Warning in validityMethod(object) :
Runs: |==================                                |  35%Warning in validityMethod(object) :
Runs: |====================                              |  39%Warning in validityMethod(object) :
Runs: |======================                            |  43%Warning in validityMethod(object) :
Runs: |========================                          |  47%Warning in validityMethod(object) :
Runs: |=========================                         |  51%Warning in validityMethod(object) :
Runs: |==========================                        |  53%Warning in validityMethod(object) :
Runs: |===========================                       |  55%Warning in validityMethod(object) :
Runs: |============================                      |  57%Warning in validityMethod(object) :
Runs: |=============================                     |  59%Warning in validityMethod(object) :
Runs: |==============================                    |  61%Warning in validityMethod(object) :
Runs: |===============================                   |  63%Warning in validityMethod(object) :
Runs: |================================                  |  65%Warning in validityMethod(object) :
Runs: |=================================                 |  67%Warning in validityMethod(object) :
Runs: |==================================                |  69%Warning in validityMethod(object) :
Runs: |===================================               |  71%Warning in validityMethod(object) :
Runs: |====================================              |  73%Warning in validityMethod(object) :
Runs: |=====================================             |  75%Warning in validityMethod(object) :
Runs: |======================================            |  76%Warning in validityMethod(object) :
Runs: |=======================================           |  78%Warning in validityMethod(object) :
Runs: |========================================          |  80%Warning in validityMethod(object) :
System time:
   user  system elapsed 
  2.159   0.098   2.283 
ℹ [2026-10-08 22:07:57.513579]: Keeping at most 10 NMF solutions with KLD within (1+RTOL) range of the best.
ℹ [2026-10-08 22:07:57.588562]: Running signature number 5 for bootstrapped catalog 9.
NMF algorithm: 'brunet'
Multiple runs: 50
Mode: parallel (2/10 core(s))
Runs: |==                                                |   4%Warning in validityMethod(object) :Warning in validityMethod(object) :
 
 Dimensions of W and H look strange [ncol(W)= 5 > ncol(H)= 1 ]
Warning in validityMethod(object) :Warning in validityMethod(object) :
 
 Dimensions of W and H look strange [ncol(W)= 5 > ncol(H)= 1 ]
Runs: |====                                              |   8%Warning in validityMethod(object) :
Runs: |======                                            |  12%Warning in validityMethod(object) :
Runs: |========                                          |  16%Warning in validityMethod(object) :Warning in validityMethod(object) :
 
 Dimensions of W and H look strange [ncol(W)= 5 > ncol(H)= 1 ]
Warning in validityMethod(object) :Warning in validityMethod(object) :

Warning in validityMethod(object) :Warning in validityMethod(object) :
 
 Dimensions of W and H look strange [ncol(W)= 5 > ncol(H)= 1 ]
Runs: |==========                                        |  20%Warning in validityMethod(object) :
Runs: |============                                      |  24%Warning in validityMethod(object) :
Runs: |==============                                    |  27%Warning in validityMethod(object) :
Runs: |================                                  |  31%Warning in validityMethod(object) :
Runs: |==================                                |  35%Warning in validityMethod(object) :
Runs: |===================                               |  37%Warning in validityMethod(object) :
Runs: |====================                              |  39%Warning in validityMethod(object) :
Runs: |=====================                             |  41%Warning in validityMethod(object) :
Runs: |======================                            |  43%Warning in validityMethod(object) :
Runs: |=======================                           |  45%Warning in validityMethod(object) :
Runs: |========================                          |  47%Warning in validityMethod(object) :
Runs: |=========================                         |  49%Warning in validityMethod(object) :
Runs: |=========================                         |  51%Warning in validityMethod(object) :
Runs: |==========================                        |  53%Warning in validityMethod(object) :
Runs: |===========================                       |  55%Warning in validityMethod(object) :
Runs: |============================                      |  57%Warning in validityMethod(object) :
Runs: |=============================                     |  59%Warning in validityMethod(object) :
Runs: |==============================                    |  61%Warning in validityMethod(object) :
Runs: |===============================                   |  63%Warning in validityMethod(object) :
Runs: |================================                  |  65%Warning in validityMethod(object) :
Runs: |=================================                 |  67%Warning in validityMethod(object) :
Runs: |==================================                |  69%Warning in validityMethod(object) :
Runs: |===================================               |  71%Warning in validityMethod(object) :
Runs: |====================================              |  73%Warning in validityMethod(object) :
Runs: |=====================================             |  75%Warning in validityMethod(object) :
Runs: |======================================            |  76%Warning in validityMethod(object) :
Runs: |=======================================           |  78%Warning in validityMethod(object) :
Runs: |========================================          |  80%Warning in validityMethod(object) :
System time:
   user  system elapsed 
  2.181   0.092   2.292 
ℹ [2026-10-08 22:07:59.973203]: Keeping at most 10 NMF solutions with KLD within (1+RTOL) range of the best.
ℹ [2026-10-08 22:08:00.049107]: Running signature number 5 for bootstrapped catalog 10.
NMF algorithm: 'brunet'
Multiple runs: 50
Mode: parallel (2/10 core(s))
Runs: |==                                                |   4%Warning in validityMethod(object) :Warning in validityMethod(object) :
 
 Dimensions of W and H look strange [ncol(W)= 5 > ncol(H)= 1 ]
Warning in validityMethod(object) :Warning in validityMethod(object) :
 
 Dimensions of W and H look strange [ncol(W)= 5 > ncol(H)= 1 ]
Runs: |====                                              |   8%Warning in validityMethod(object) :
Runs: |======                                            |  12%Warning in validityMethod(object) :
Runs: |========                                          |  16%Warning in validityMethod(object) :
Runs: |=========                                         |  18%Warning in validityMethod(object) :
Runs: |==========                                        |  20%Warning in validityMethod(object) :
Runs: |===========                                       |  22%Warning in validityMethod(object) :
Runs: |============                                      |  24%Warning in validityMethod(object) :
Runs: |=============                                     |  25%Warning in validityMethod(object) :
Runs: |==============                                    |  27%Warning in validityMethod(object) :
Runs: |===============                                   |  29%Warning in validityMethod(object) :
Runs: |================                                  |  31%Warning in validityMethod(object) :
Runs: |=================                                 |  33%Warning in validityMethod(object) :
Runs: |==================                                |  35%Warning in validityMethod(object) :
Runs: |===================                               |  37%Warning in validityMethod(object) :
Runs: |====================                              |  39%Warning in validityMethod(object) :
Runs: |=====================                             |  41%Warning in validityMethod(object) :
Runs: |======================                            |  43%Warning in validityMethod(object) :
Runs: |=======================                           |  45%Warning in validityMethod(object) :
Runs: |========================                          |  47%Warning in validityMethod(object) :
Runs: |=========================                         |  49%Warning in validityMethod(object) :
Runs: |=========================                         |  51%Warning in validityMethod(object) :
Runs: |==========================                        |  53%Warning in validityMethod(object) :
Runs: |===========================                       |  55%Warning in validityMethod(object) :
Runs: |============================                      |  57%Warning in validityMethod(object) :
Runs: |=============================                     |  59%Warning in validityMethod(object) :
Runs: |==============================                    |  61%Warning in validityMethod(object) :
Runs: |===============================                   |  63%Warning in validityMethod(object) :
Runs: |================================                  |  65%Warning in validityMethod(object) :
Runs: |=================================                 |  67%Warning in validityMethod(object) :
Runs: |==================================                |  69%Warning in validityMethod(object) :
Runs: |===================================               |  71%Warning in validityMethod(object) :
Runs: |====================================              |  73%Warning in validityMethod(object) :
Runs: |=====================================             |  75%Warning in validityMethod(object) :
Runs: |======================================            |  76%Warning in validityMethod(object) :
Runs: |=======================================           |  78%Warning in validityMethod(object) :
Runs: |========================================          |  80%Warning in validityMethod(object) :
System time:
   user  system elapsed 
  2.160   0.097   2.270 
ℹ [2026-10-08 22:08:02.40114]: Keeping at most 10 NMF solutions with KLD within (1+RTOL) range of the best.
ℹ [2026-10-08 22:08:02.483124]: Running signature number 5 for bootstrapped catalog 11.
NMF algorithm: 'brunet'
Multiple runs: 50
Mode: parallel (2/10 core(s))
Runs: |==                                                |   4%Warning in validityMethod(object) :
Runs: |===                                               |   6%Warning in validityMethod(object) :
Runs: |====                                              |   8%Warning in validityMethod(object) :
Runs: |=====                                             |  10%Warning in validityMethod(object) :
Runs: |======                                            |  12%Warning in validityMethod(object) :
Runs: |=======                                           |  14%Warning in validityMethod(object) :
Runs: |========                                          |  16%Warning in validityMethod(object) :
Runs: |=========                                         |  18%Warning in validityMethod(object) :
Runs: |==========                                        |  20%Warning in validityMethod(object) :
Runs: |===========                                       |  22%Warning in validityMethod(object) :
Runs: |============                                      |  24%Warning in validityMethod(object) :
Runs: |==============                                    |  27%Warning in validityMethod(object) :
Runs: |================                                  |  31%Warning in validityMethod(object) :
Runs: |==================                                |  35%Warning in validityMethod(object) :
Runs: |====================                              |  39%Warning in validityMethod(object) :
Runs: |======================                            |  43%Warning in validityMethod(object) :
Runs: |========================                          |  47%Warning in validityMethod(object) :
Runs: |=========================                         |  51%Warning in validityMethod(object) :
Runs: |===========================                       |  55%Warning in validityMethod(object) :
Runs: |=============================                     |  59%Warning in validityMethod(object) :
Runs: |===============================                   |  63%Warning in validityMethod(object) :
Runs: |=================================                 |  67%Warning in validityMethod(object) :
Runs: |===================================               |  71%Warning in validityMethod(object) :
Runs: |=====================================             |  75%Warning in validityMethod(object) :
Runs: |=======================================           |  78%Warning in validityMethod(object) :
System time:
   user  system elapsed 
  2.151   0.100   2.288 
ℹ [2026-10-08 22:08:04.854726]: Keeping at most 10 NMF solutions with KLD within (1+RTOL) range of the best.
ℹ [2026-10-08 22:08:04.92899]: Running signature number 5 for bootstrapped catalog 12.
NMF algorithm: 'brunet'
Multiple runs: 50
Mode: parallel (2/10 core(s))
Runs: |==                                                |   4%Warning in validityMethod(object) :
Runs: |====                                              |   8%Warning in validityMethod(object) :
Warning in validityMethod(object) :Warning in validityMethod(object) :
 
 Dimensions of W and H look strange [ncol(W)= 5 > ncol(H)= 1 ]
Runs: |======                                            |  12%Warning in validityMethod(object) :
Runs: |========                                          |  16%Warning in validityMethod(object) :
Runs: |==========                                        |  20%Warning in validityMethod(object) :
Runs: |============                                      |  24%Warning in validityMethod(object) :
Runs: |==============                                    |  27%Warning in validityMethod(object) :
Runs: |================                                  |  31%Warning in validityMethod(object) :
Runs: |==================                                |  35%Warning in validityMethod(object) :
Runs: |====================                              |  39%Warning in validityMethod(object) :
Runs: |======================                            |  43%Warning in validityMethod(object) :
Runs: |========================                          |  47%Warning in validityMethod(object) :
 Warning in validityMethod(object) : Dimensions of W and H look strange [ncol(W)= 5 > ncol(H)= 1 ]

Runs: |=========================                         |  51%Warning in validityMethod(object) :
Runs: |==========================                        |  53%Warning in validityMethod(object) :
Runs: |===========================                       |  55%Warning in validityMethod(object) :
Runs: |============================                      |  57%Warning in validityMethod(object) :
Runs: |=============================                     |  59%Warning in validityMethod(object) :
Runs: |==============================                    |  61%Warning in validityMethod(object) :
Runs: |===============================                   |  63%Warning in validityMethod(object) :
Runs: |================================                  |  65%Warning in validityMethod(object) :
Runs: |=================================                 |  67%Warning in validityMethod(object) :
Runs: |==================================                |  69%Warning in validityMethod(object) :
Runs: |===================================               |  71%Warning in validityMethod(object) :
Runs: |====================================              |  73%Warning in validityMethod(object) :
Runs: |=====================================             |  75%Warning in validityMethod(object) :
Runs: |======================================            |  76%Warning in validityMethod(object) :
Runs: |=======================================           |  78%Warning in validityMethod(object) :
Runs: |========================================          |  80%Warning in validityMethod(object) :
System time:
   user  system elapsed 
  2.129   0.094   2.274 
ℹ [2026-10-08 22:08:07.284159]: Keeping at most 10 NMF solutions with KLD within (1+RTOL) range of the best.
ℹ [2026-10-08 22:08:07.355152]: Running signature number 5 for bootstrapped catalog 13.
NMF algorithm: 'brunet'
Multiple runs: 50
Mode: parallel (2/10 core(s))
Runs: |==                                                |   4%Warning in validityMethod(object) :
Runs: |====                                              |   8%Warning in validityMethod(object) :
Warning in validityMethod(object) :Warning in validityMethod(object) :

Runs: |======                                            |  12%Warning in validityMethod(object) :
Warning in validityMethod(object) :Warning in validityMethod(object) :

Warning in validityMethod(object) :Warning in validityMethod(object) :
 
 Dimensions of W and H look strange [ncol(W)= 5 > ncol(H)= 1 ]
Runs: |========                                          |  16%Warning in validityMethod(object) :
Runs: |==========                                        |  20%Warning in validityMethod(object) :
Runs: |============                                      |  24%Warning in validityMethod(object) :
Runs: |==============                                    |  27%Warning in validityMethod(object) :
Runs: |================                                  |  31%Warning in validityMethod(object) :
Runs: |==================                                |  35%Warning in validityMethod(object) :
Runs: |====================                              |  39%Warning in validityMethod(object) :
Runs: |======================                            |  43%Warning in validityMethod(object) :
 Warning in validityMethod(object) : Dimensions of W and H look strange [ncol(W)= 5 > ncol(H)= 1 ]

Runs: |========================                          |  47%Warning in validityMethod(object) :
Runs: |=========================                         |  51%Warning in validityMethod(object) :
Runs: |===========================                       |  55%Warning in validityMethod(object) :
Warning in validityMethod(object) :Warning in validityMethod(object) :

Warning in validityMethod(object) :Warning in validityMethod(object) :
 
 Dimensions of W and H look strange [ncol(W)= 5 > ncol(H)= 1 ]
Runs: |=============================                     |  59%Warning in validityMethod(object) :
Runs: |===============================                   |  63%Warning in validityMethod(object) :
Runs: |=================================                 |  67%Warning in validityMethod(object) :
Runs: |===================================               |  71%Warning in validityMethod(object) :
Runs: |=====================================             |  75%Warning in validityMethod(object) :
Runs: |=======================================           |  78%Warning in validityMethod(object) :
System time:
   user  system elapsed 
   2.18    0.09    2.31 
ℹ [2026-10-08 22:08:09.753912]: Keeping at most 10 NMF solutions with KLD within (1+RTOL) range of the best.
ℹ [2026-10-08 22:08:09.828761]: Running signature number 5 for bootstrapped catalog 14.
NMF algorithm: 'brunet'
Multiple runs: 50
Mode: parallel (2/10 core(s))
Runs: |==                                                |   4%Warning in validityMethod(object) :Warning in validityMethod(object) :
 
 Dimensions of W and H look strange [ncol(W)= 5 > ncol(H)= 1 ]
Warning in validityMethod(object) :Warning in validityMethod(object) :
 
 Dimensions of W and H look strange [ncol(W)= 5 > ncol(H)= 1 ]
Warning in validityMethod(object) :Warning in validityMethod(object) :
 
 Dimensions of W and H look strange [ncol(W)= 5 > ncol(H)= 1 ]
Runs: |====                                              |   8%Warning in validityMethod(object) :
Runs: |======                                            |  12%Warning in validityMethod(object) :
Runs: |========                                          |  16%Warning in validityMethod(object) :Warning in validityMethod(object) :

Warning in validityMethod(object) :Warning in validityMethod(object) :
 
 Dimensions of W and H look strange [ncol(W)= 5 > ncol(H)= 1 ]
Warning in validityMethod(object) :Warning in validityMethod(object) :
 
 Dimensions of W and H look strange [ncol(W)= 5 > ncol(H)= 1 ]
Runs: |==========                                        |  20%Warning in validityMethod(object) :
Runs: |============                                      |  24%Warning in validityMethod(object) :
Runs: |==============                                    |  27%Warning in validityMethod(object) :
Runs: |================                                  |  31%Warning in validityMethod(object) :
Runs: |==================                                |  35%Warning in validityMethod(object) :
Runs: |====================                              |  39%Warning in validityMethod(object) :
Runs: |======================                            |  43%Warning in validityMethod(object) :
Runs: |========================                          |  47%Warning in validityMethod(object) :
Runs: |=========================                         |  51%Warning in validityMethod(object) :
Runs: |===========================                       |  55%Warning in validityMethod(object) :Warning in validityMethod(object) :
 
 Dimensions of W and H look strange [ncol(W)= 5 > ncol(H)= 1 ]
Warning in validityMethod(object) :Warning in validityMethod(object) :
 
 Dimensions of W and H look strange [ncol(W)= 5 > ncol(H)= 1 ]
Warning in validityMethod(object) :Warning in validityMethod(object) :
 
 Dimensions of W and H look strange [ncol(W)= 5 > ncol(H)= 1 ]
Runs: |=============================                     |  59%Warning in validityMethod(object) :
Runs: |===============================                   |  63%Warning in validityMethod(object) :
Runs: |=================================                 |  67%Warning in validityMethod(object) :
Runs: |===================================               |  71%Warning in validityMethod(object) :
Runs: |=====================================             |  75%Warning in validityMethod(object) :
Runs: |=======================================           |  78%Warning in validityMethod(object) :
System time:
   user  system elapsed 
  2.129   0.105   2.268 
ℹ [2026-10-08 22:08:12.185771]: Keeping at most 10 NMF solutions with KLD within (1+RTOL) range of the best.
ℹ [2026-10-08 22:08:12.258314]: Running signature number 5 for bootstrapped catalog 15.
NMF algorithm: 'brunet'
Multiple runs: 50
Mode: parallel (2/10 core(s))
Runs: |==                                                |   4%Warning in validityMethod(object) :Warning in validityMethod(object) :
 
 Dimensions of W and H look strange [ncol(W)= 5 > ncol(H)= 1 ]
Warning in validityMethod(object) :Warning in validityMethod(object) :
 
 Dimensions of W and H look strange [ncol(W)= 5 > ncol(H)= 1 ]
Warning in validityMethod(object) :Warning in validityMethod(object) :
 
 Dimensions of W and H look strange [ncol(W)= 5 > ncol(H)= 1 ]
Runs: |====                                              |   8%Warning in validityMethod(object) :
Warning in validityMethod(object) :Warning in validityMethod(object) :
 
 Dimensions of W and H look strange [ncol(W)= 5 > ncol(H)= 1 ]
Runs: |======                                            |  12%Warning in validityMethod(object) :
Runs: |========                                          |  16%Warning in validityMethod(object) :
Runs: |==========                                        |  20%Warning in validityMethod(object) :
Runs: |============                                      |  24%Warning in validityMethod(object) :
Runs: |==============                                    |  27%Warning in validityMethod(object) :
Runs: |================                                  |  31%Warning in validityMethod(object) :
Runs: |==================                                |  35%Warning in validityMethod(object) :
Runs: |===================                               |  37%Warning in validityMethod(object) :
Runs: |====================                              |  39%Warning in validityMethod(object) :
Runs: |=====================                             |  41%Warning in validityMethod(object) :
Runs: |======================                            |  43%Warning in validityMethod(object) :
Runs: |========================                          |  47%Warning in validityMethod(object) :
Runs: |=========================                         |  51%Warning in validityMethod(object) :
Runs: |==========================                        |  53%Warning in validityMethod(object) :
Runs: |===========================                       |  55%Warning in validityMethod(object) :
Runs: |============================                      |  57%Warning in validityMethod(object) :
Runs: |=============================                     |  59%Warning in validityMethod(object) :
Runs: |==============================                    |  61%Warning in validityMethod(object) :
Runs: |===============================                   |  63%Warning in validityMethod(object) :
Runs: |================================                  |  65%Warning in validityMethod(object) :
Runs: |=================================                 |  67%Warning in validityMethod(object) :
Runs: |==================================                |  69%Warning in validityMethod(object) :
Runs: |===================================               |  71%Warning in validityMethod(object) :
Runs: |====================================              |  73%Warning in validityMethod(object) :
Runs: |=====================================             |  75%Warning in validityMethod(object) :
Runs: |======================================            |  76%Warning in validityMethod(object) :
Runs: |=======================================           |  78%Warning in validityMethod(object) :
Runs: |========================================          |  80%Warning in validityMethod(object) :
System time:
   user  system elapsed 
  2.149   0.091   2.259 
ℹ [2026-10-08 22:08:14.602364]: Keeping at most 10 NMF solutions with KLD within (1+RTOL) range of the best.
ℹ [2026-10-08 22:08:14.678397]: Running signature number 5 for bootstrapped catalog 16.
NMF algorithm: 'brunet'
Multiple runs: 50
Mode: parallel (2/10 core(s))
Runs: |==                                                |   4%Warning in validityMethod(object) :
Runs: |====                                              |   8%Warning in validityMethod(object) :
Warning in validityMethod(object) :Warning in validityMethod(object) :
 
 Dimensions of W and H look strange [ncol(W)= 5 > ncol(H)= 1 ]
Runs: |======                                            |  12%Warning in validityMethod(object) :
Warning in validityMethod(object) :Warning in validityMethod(object) :

Warning in validityMethod(object) :Warning in validityMethod(object) :
 
 Dimensions of W and H look strange [ncol(W)= 5 > ncol(H)= 1 ]
Runs: |========                                          |  16%Warning in validityMethod(object) :
Runs: |==========                                        |  20%Warning in validityMethod(object) :
Runs: |============                                      |  24%Warning in validityMethod(object) :
Runs: |=============                                     |  25%Warning in validityMethod(object) :
Runs: |==============                                    |  27%Warning in validityMethod(object) :
Runs: |===============                                   |  29%Warning in validityMethod(object) :
Runs: |================                                  |  31%Warning in validityMethod(object) :
Runs: |=================                                 |  33%Warning in validityMethod(object) :
Runs: |==================                                |  35%Warning in validityMethod(object) :
Runs: |===================                               |  37%Warning in validityMethod(object) :
Runs: |====================                              |  39%Warning in validityMethod(object) :
Runs: |=====================                             |  41%Warning in validityMethod(object) :
Runs: |======================                            |  43%Warning in validityMethod(object) :
Runs: |=======================                           |  45%Warning in validityMethod(object) :
Runs: |========================                          |  47%Warning in validityMethod(object) :
Runs: |=========================                         |  49%Warning in validityMethod(object) :
Runs: |=========================                         |  51%Warning in validityMethod(object) :
Runs: |==========================                        |  53%Warning in validityMethod(object) :
Runs: |===========================                       |  55%Warning in validityMethod(object) :
Runs: |============================                      |  57%Warning in validityMethod(object) :
Runs: |=============================                     |  59%Warning in validityMethod(object) :
Runs: |==============================                    |  61%Warning in validityMethod(object) :
Runs: |===============================                   |  63%Warning in validityMethod(object) :
Runs: |================================                  |  65%Warning in validityMethod(object) :
Runs: |=================================                 |  67%Warning in validityMethod(object) :
Runs: |==================================                |  69%Warning in validityMethod(object) :
Runs: |===================================               |  71%Warning in validityMethod(object) :
Runs: |====================================              |  73%Warning in validityMethod(object) :
Runs: |=====================================             |  75%Warning in validityMethod(object) :
Runs: |======================================            |  76%Warning in validityMethod(object) :
Runs: |=======================================           |  78%Warning in validityMethod(object) :
Runs: |========================================          |  80%Warning in validityMethod(object) :
Runs: |===============================================   |  94%Warning in validityMethod(object) :
Runs: |================================================  |  96%Warning in validityMethod(object) :
Runs: |================================================= |  98%Warning in validityMethod(object) :
Runs: |==================================================| 100%
System time:
   user  system elapsed 
  2.152   0.091   2.257 
ℹ [2026-10-08 22:08:17.015463]: Keeping at most 10 NMF solutions with KLD within (1+RTOL) range of the best.
ℹ [2026-10-08 22:08:17.092218]: Running signature number 5 for bootstrapped catalog 17.
NMF algorithm: 'brunet'
Multiple runs: 50
Mode: parallel (2/10 core(s))
Runs: |==                                                |   4%Warning in validityMethod(object) :
Runs: |====                                              |   8%Warning in validityMethod(object) :
Runs: |======                                            |  12%Warning in validityMethod(object) :
Runs: |=======                                           |  14%Warning in validityMethod(object) :
Runs: |========                                          |  16%Warning in validityMethod(object) :
Runs: |=========                                         |  18%Warning in validityMethod(object) :
Runs: |==========                                        |  20%Warning in validityMethod(object) :
Runs: |===========                                       |  22%Warning in validityMethod(object) :
Runs: |============                                      |  24%Warning in validityMethod(object) :
Runs: |=============                                     |  25%Warning in validityMethod(object) :
Runs: |==============                                    |  27%Warning in validityMethod(object) :
Runs: |===============                                   |  29%Warning in validityMethod(object) :
Runs: |================                                  |  31%Warning in validityMethod(object) :
Runs: |=================                                 |  33%Warning in validityMethod(object) :
Runs: |==================                                |  35%Warning in validityMethod(object) :
Runs: |===================                               |  37%Warning in validityMethod(object) :
Runs: |====================                              |  39%Warning in validityMethod(object) :
Runs: |=====================                             |  41%Warning in validityMethod(object) :
Runs: |======================                            |  43%Warning in validityMethod(object) :
Runs: |=======================                           |  45%Warning in validityMethod(object) :
Runs: |========================                          |  47%Warning in validityMethod(object) :
Runs: |=========================                         |  49%Warning in validityMethod(object) :
Runs: |=========================                         |  51%Warning in validityMethod(object) :
Runs: |==========================                        |  53%Warning in validityMethod(object) :
Runs: |===========================                       |  55%Warning in validityMethod(object) :
Runs: |============================                      |  57%Warning in validityMethod(object) :
Runs: |=============================                     |  59%Warning in validityMethod(object) :
Runs: |==============================                    |  61%Warning in validityMethod(object) :
Runs: |===============================                   |  63%Warning in validityMethod(object) :
Runs: |================================                  |  65%Warning in validityMethod(object) :
Runs: |=================================                 |  67%Warning in validityMethod(object) :
Runs: |==================================                |  69%Warning in validityMethod(object) :
Runs: |===================================               |  71%Warning in validityMethod(object) :
Runs: |====================================              |  73%Warning in validityMethod(object) :
Runs: |=====================================             |  75%Warning in validityMethod(object) :
Runs: |======================================            |  76%Warning in validityMethod(object) :
Runs: |=======================================           |  78%Warning in validityMethod(object) :
Runs: |========================================          |  80%Warning in validityMethod(object) :
Runs: |=========================================         |  82%Warning in validityMethod(object) :
Runs: |==========================================        |  84%Warning in validityMethod(object) :
Runs: |===========================================       |  86%Warning in validityMethod(object) :
Runs: |============================================      |  88%Warning in validityMethod(object) :
Runs: |=============================================     |  90%Warning in validityMethod(object) :
Runs: |==============================================    |  92%Warning in validityMethod(object) :
Runs: |===============================================   |  94%Warning in validityMethod(object) :
Runs: |================================================  |  96%Warning in validityMethod(object) :
Runs: |================================================= |  98%Warning in validityMethod(object) :
Runs: |==================================================| 100%
System time:
   user  system elapsed 
  2.134   0.098   2.247 
ℹ [2026-10-08 22:08:19.424406]: Keeping at most 10 NMF solutions with KLD within (1+RTOL) range of the best.
ℹ [2026-10-08 22:08:19.497539]: Running signature number 5 for bootstrapped catalog 18.
NMF algorithm: 'brunet'
Multiple runs: 50
Mode: parallel (2/10 core(s))
Runs: |==                                                |   4%Warning in validityMethod(object) :
Runs: |====                                              |   8%Warning in validityMethod(object) :
Runs: |======                                            |  12%Warning in validityMethod(object) :
Runs: |========                                          |  16%Warning in validityMethod(object) :
Runs: |==========                                        |  20%Warning in validityMethod(object) :
Runs: |============                                      |  24%Warning in validityMethod(object) :
Runs: |==============                                    |  27%Warning in validityMethod(object) :
Runs: |================                                  |  31%Warning in validityMethod(object) :
Runs: |==================                                |  35%Warning in validityMethod(object) :
Runs: |====================                              |  39%Warning in validityMethod(object) :
Runs: |======================                            |  43%Warning in validityMethod(object) :
Runs: |========================                          |  47%Warning in validityMethod(object) :
Runs: |=========================                         |  51%Warning in validityMethod(object) :
Runs: |===========================                       |  55%Warning in validityMethod(object) :
Runs: |=============================                     |  59%Warning in validityMethod(object) :
Runs: |===============================                   |  63%Warning in validityMethod(object) :
Runs: |=================================                 |  67%Warning in validityMethod(object) :
Runs: |===================================               |  71%Warning in validityMethod(object) :
Runs: |=====================================             |  75%Warning in validityMethod(object) :
Runs: |=======================================           |  78%Warning in validityMethod(object) :
Runs: |=========================================         |  82%Warning in validityMethod(object) :
Runs: |==========================================        |  84%Warning in validityMethod(object) :
Runs: |===========================================       |  86%Warning in validityMethod(object) :
Runs: |============================================      |  88%Warning in validityMethod(object) :
Runs: |=============================================     |  90%Warning in validityMethod(object) :
Runs: |==============================================    |  92%Warning in validityMethod(object) :
Runs: |===============================================   |  94%Warning in validityMethod(object) :
Runs: |================================================  |  96%Warning in validityMethod(object) :
Runs: |================================================= |  98%Warning in validityMethod(object) :
Runs: |==================================================| 100%
System time:
   user  system elapsed 
  2.147   0.093   2.275 
ℹ [2026-10-08 22:08:21.854664]: Keeping at most 10 NMF solutions with KLD within (1+RTOL) range of the best.
ℹ [2026-10-08 22:08:21.928901]: Running signature number 5 for bootstrapped catalog 19.
NMF algorithm: 'brunet'
Multiple runs: 50
Mode: parallel (2/10 core(s))
Runs: |==                                                |   4%Warning in validityMethod(object) :
Runs: |====                                              |   8%Warning in validityMethod(object) :
Runs: |======                                            |  12%Warning in validityMethod(object) :
Runs: |========                                          |  16%Warning in validityMethod(object) :
Runs: |==========                                        |  20%Warning in validityMethod(object) :
Runs: |============                                      |  24%Warning in validityMethod(object) :
Runs: |==============                                    |  27%Warning in validityMethod(object) :
Runs: |================                                  |  31%Warning in validityMethod(object) :
Runs: |==================                                |  35%Warning in validityMethod(object) :
Runs: |====================                              |  39%Warning in validityMethod(object) :
Runs: |======================                            |  43%Warning in validityMethod(object) :
Runs: |========================                          |  47%Warning in validityMethod(object) :
Runs: |=========================                         |  51%Warning in validityMethod(object) :
Runs: |===========================                       |  55%Warning in validityMethod(object) :
Runs: |=============================                     |  59%Warning in validityMethod(object) :
Runs: |===============================                   |  63%Warning in validityMethod(object) :
Warning in validityMethod(object) :Warning in validityMethod(object) :
 
 Dimensions of W and H look strange [ncol(W)= 5 > ncol(H)= 1 ]
Runs: |=================================                 |  67%Warning in validityMethod(object) :
Runs: |===================================               |  71%Warning in validityMethod(object) :
Runs: |=====================================             |  75%Warning in validityMethod(object) :
Runs: |=======================================           |  78%Warning in validityMethod(object) :
Runs: |=========================================         |  82%Warning in validityMethod(object) :Warning in validityMethod(object) :

Warning in validityMethod(object) :Warning in validityMethod(object) :
 
 Dimensions of W and H look strange [ncol(W)= 5 > ncol(H)= 1 ]
 Warning in validityMethod(object) : Dimensions of W and H look strange [ncol(W)= 5 > ncol(H)= 1 ]

Runs: |===========================================       |  86%Warning in validityMethod(object) :
Runs: |=============================================     |  90%Warning in validityMethod(object) :
Warning in validityMethod(object) :Warning in validityMethod(object) :

Runs: |===============================================   |  94%Warning in validityMethod(object) :
Runs: |================================================= |  98%Warning in validityMethod(object) :
Runs: |==================================================| 100%
System time:
   user  system elapsed 
  2.132   0.088   2.257 
ℹ [2026-10-08 22:08:24.271795]: Keeping at most 10 NMF solutions with KLD within (1+RTOL) range of the best.
ℹ [2026-10-08 22:08:24.344511]: Running signature number 5 for bootstrapped catalog 20.
NMF algorithm: 'brunet'
Multiple runs: 50
Mode: parallel (2/10 core(s))
Runs: |==                                                |   4%Warning in validityMethod(object) :
Runs: |====                                              |   8%Warning in validityMethod(object) :
Runs: |======                                            |  12%Warning in validityMethod(object) :
Runs: |========                                          |  16%Warning in validityMethod(object) :
Runs: |==========                                        |  20%Warning in validityMethod(object) :
Runs: |============                                      |  24%Warning in validityMethod(object) :
Runs: |==============                                    |  27%Warning in validityMethod(object) :
Runs: |================                                  |  31%Warning in validityMethod(object) :
Runs: |==================                                |  35%Warning in validityMethod(object) :
Runs: |====================                              |  39%Warning in validityMethod(object) :
Runs: |=====================                             |  41%Warning in validityMethod(object) :
Runs: |======================                            |  43%Warning in validityMethod(object) :
Runs: |=======================                           |  45%Warning in validityMethod(object) :
Runs: |========================                          |  47%Warning in validityMethod(object) :
Runs: |=========================                         |  49%Warning in validityMethod(object) :
Runs: |=========================                         |  51%Warning in validityMethod(object) :
Runs: |==========================                        |  53%Warning in validityMethod(object) :
Runs: |===========================                       |  55%Warning in validityMethod(object) :
Runs: |============================                      |  57%Warning in validityMethod(object) :
Runs: |=============================                     |  59%Warning in validityMethod(object) :
Runs: |==============================                    |  61%Warning in validityMethod(object) :
Warning in validityMethod(object) :
Warning in validityMethod(object) :
Runs: |===============================                   |  63%Warning in validityMethod(object) :
Warning in validityMethod(object) :
Warning in validityMethod(object) :
Runs: |================================                  |  65%Warning in validityMethod(object) :
Warning in validityMethod(object) :
Warning in validityMethod(object) :
Runs: |=================================                 |  67%Warning in validityMethod(object) :
Warning in validityMethod(object) :
Warning in validityMethod(object) :
Runs: |==================================                |  69%Warning in validityMethod(object) :
Warning in validityMethod(object) :
Warning in validityMethod(object) :
Runs: |===================================               |  71%Warning in validityMethod(object) :
Warning in validityMethod(object) :
Warning in validityMethod(object) :
Runs: |====================================              |  73%Warning in validityMethod(object) :
Warning in validityMethod(object) :
Warning in validityMethod(object) :
  Dimensions of W and H look strange [ncol(W)= 5 > ncol(H)= 1 ]
Runs: |=====================================             |  75%Warning in validityMethod(object) :
  Dimensions of W and H look strange [ncol(W)= 5 > ncol(H)= 1 ]
Warning in validityMethod(object) :
  Dimensions of W and H look strange [ncol(W)= 5 > ncol(H)= 1 ]
Warning in validityMethod(object) :
  Dimensions of W and H look strange [ncol(W)= 5 > ncol(H)= 1 ]
Runs: |======================================            |  76%Warning in validityMethod(object) :
  Dimensions of W and H look strange [ncol(W)= 5 > ncol(H)= 1 ]
Warning in validityMethod(object) :
  Dimensions of W and H look strange [ncol(W)= 5 > ncol(H)= 1 ]
Warning in validityMethod(object) :
  Dimensions of W and H look strange [ncol(W)= 5 > ncol(H)= 1 ]
Runs: |=======================================           |  78%Warning in validityMethod(object) :
  Dimensions of W and H look strange [ncol(W)= 5 > ncol(H)= 1 ]
Warning in validityMethod(object) :
  Dimensions of W and H look strange [ncol(W)= 5 > ncol(H)= 1 ]
Warning in validityMethod(object) :
  Dimensions of W and H look strange [ncol(W)= 5 > ncol(H)= 1 ]
Runs: |========================================          |  80%Warning in validityMethod(object) :
  Dimensions of W and H look strange [ncol(W)= 5 > ncol(H)= 1 ]
Warning in validityMethod(object) :
  Dimensions of W and H look strange [ncol(W)= 5 > ncol(H)= 1 ]
Warning in validityMethod(object) :
  Dimensions of W and H look strange [ncol(W)= 5 > ncol(H)= 1 ]
Runs: |=========================================         |  82%Warning in validityMethod(object) :
  Dimensions of W and H look strange [ncol(W)= 5 > ncol(H)= 1 ]
Warning in validityMethod(object) :
  Dimensions of W and H look strange [ncol(W)= 5 > ncol(H)= 1 ]
Warning in validityMethod(object) :
  Dimensions of W and H look strange [ncol(W)= 5 > ncol(H)= 1 ]
Runs: |==========================================        |  84%Warning in validityMethod(object) :
  Dimensions of W and H look strange [ncol(W)= 5 > ncol(H)= 1 ]
Warning in validityMethod(object) :
  Dimensions of W and H look strange [ncol(W)= 5 > ncol(H)= 1 ]
Warning in validityMethod(object) :
  Dimensions of W and H look strange [ncol(W)= 5 > ncol(H)= 1 ]
Runs: |===========================================       |  86%Warning in validityMethod(object) :
  Dimensions of W and H look strange [ncol(W)= 5 > ncol(H)= 1 ]
Warning in validityMethod(object) :
  Dimensions of W and H look strange [ncol(W)= 5 > ncol(H)= 1 ]
Warning in validityMethod(object) :
  Dimensions of W and H look strange [ncol(W)= 5 > ncol(H)= 1 ]
Runs: |============================================      |  88%Warning in validityMethod(object) :
  Dimensions of W and H look strange [ncol(W)= 5 > ncol(H)= 1 ]
Warning in validityMethod(object) :
  Dimensions of W and H look strange [ncol(W)= 5 > ncol(H)= 1 ]
Warning in validityMethod(object) :
  Dimensions of W and H look strange [ncol(W)= 5 > ncol(H)= 1 ]
Runs: |=============================================     |  90%Warning in validityMethod(object) :
  Dimensions of W and H look strange [ncol(W)= 5 > ncol(H)= 1 ]
Warning in validityMethod(object) :
  Dimensions of W and H look strange [ncol(W)= 5 > ncol(H)= 1 ]
Warning in validityMethod(object) :
  Dimensions of W and H look strange [ncol(W)= 5 > ncol(H)= 1 ]
Runs: |==============================================    |  92%Warning in validityMethod(object) :
  Dimensions of W and H look strange [ncol(W)= 5 > ncol(H)= 1 ]
Warning in validityMethod(object) :
  Dimensions of W and H look strange [ncol(W)= 5 > ncol(H)= 1 ]
Warning in validityMethod(object) :
  Dimensions of W and H look strange [ncol(W)= 5 > ncol(H)= 1 ]
Runs: |===============================================   |  94%Warning in validityMethod(object) :
  Dimensions of W and H look strange [ncol(W)= 5 > ncol(H)= 1 ]
Warning in validityMethod(object) :
  Dimensions of W and H look strange [ncol(W)= 5 > ncol(H)= 1 ]
Warning in validityMethod(object) :
  Dimensions of W and H look strange [ncol(W)= 5 > ncol(H)= 1 ]
Runs: |================================================  |  96%Warning in validityMethod(object) :
  Dimensions of W and H look strange [ncol(W)= 5 > ncol(H)= 1 ]
Warning in validityMethod(object) :
  Dimensions of W and H look strange [ncol(W)= 5 > ncol(H)= 1 ]
Warning in validityMethod(object) :
  Dimensions of W and H look strange [ncol(W)= 5 > ncol(H)= 1 ]
Runs: |================================================= |  98%Warning in validityMethod(object) :
  Dimensions of W and H look strange [ncol(W)= 5 > ncol(H)= 1 ]
Warning in validityMethod(object) :
  Dimensions of W and H look strange [ncol(W)= 5 > ncol(H)= 1 ]
Warning in validityMethod(object) :
  Dimensions of W and H look strange [ncol(W)= 5 > ncol(H)= 1 ]
Runs: |==================================================| 100%
System time:
   user  system elapsed 
  2.219   0.090   2.323 
ℹ [2026-10-08 22:08:26.753684]: Keeping at most 10 NMF solutions with KLD within (1+RTOL) range of the best.
ℹ [2026-10-08 22:08:26.826148]: Reading NMF run files...
✔ [2026-10-08 22:08:26.83235]: Read successfully.
✔ [2026-10-08 22:08:26.833236]: NMF run files deleted.
✔ [2026-10-08 22:08:26.833755]: Done for this signature number. Current memory size used: 118MB
ℹ [2026-10-08 22:08:26.939931]: Starting process the solution list.
ℹ [2026-10-08 22:08:26.940681]: 4 cores set for processing solutions.
 Progress: ──────────────────────────────────────────────────────────────── 100%ℹ [2026-10-08 22:08:28.847228]: Normalizing solutions to get Signature and Exposure.
ℹ [2026-10-08 22:08:51.489425]: Start processing 2 signatures.
ℹ [2026-10-08 22:08:51.490777]: Running clustering with match algorithm for signature assignment in different NMF runs.
✔ [2026-10-08 22:08:51.517526]: Run pairs obtained.
✔ [2026-10-08 22:08:51.750154]: Run pairwise similarity distance calculated.
ℹ [2026-10-08 22:08:30.016556]: Normalizing solutions to get Signature and Exposure.
ℹ [2026-10-08 22:08:53.056691]: Start processing 3 signatures.
ℹ [2026-10-08 22:08:53.057896]: Running clustering with match algorithm for signature assignment in different NMF runs.
✔ [2026-10-08 22:08:53.087604]: Run pairs obtained.
✔ [2026-10-08 22:08:53.375846]: Run pairwise similarity distance calculated.
ℹ [2026-10-08 22:08:31.389783]: Normalizing solutions to get Signature and Exposure.
ℹ [2026-10-08 22:08:54.526412]: Start processing 4 signatures.
ℹ [2026-10-08 22:08:54.527431]: Running clustering with match algorithm for signature assignment in different NMF runs.
✔ [2026-10-08 22:08:54.551332]: Run pairs obtained.
✔ [2026-10-08 22:08:54.902057]: Run pairwise similarity distance calculated.
ℹ [2026-10-08 22:08:32.850892]: Normalizing solutions to get Signature and Exposure.
ℹ [2026-10-08 22:08:55.864953]: Start processing 5 signatures.
ℹ [2026-10-08 22:08:55.865798]: Running clustering with match algorithm for signature assignment in different NMF runs.
✔ [2026-10-08 22:08:55.889243]: Run pairs obtained.
✔ [2026-10-08 22:08:56.378601]: Run pairwise similarity distance calculated.
Error in `purrr::map2()`:
ℹ In index: 1.
ℹ With name: Run1_Run2.
Caused by error in `loadNamespace()`:
! there is no package called ‘lpSolve’
Backtrace:
     ▆
  1. ├─parallel (local) workRSOCK()
  2. │ └─parallel:::workLoop(...)
  3. │   └─parallel:::workCommand(master)
  4. │     ├─base::tryCatch(...)
  5. │     │ └─base (local) tryCatchList(expr, classes, parentenv, handlers)
  6. │     │   └─base (local) tryCatchOne(expr, names, parentenv, handlers[[1L]])
  7. │     │     └─base (local) doTryCatch(return(expr), name, parentenv, handler)
  8. │     ├─base::tryCatch(...)
  9. │     │ └─base (local) tryCatchList(expr, classes, parentenv, handlers)
 10. │     │   └─base (local) tryCatchOne(expr, names, parentenv, handlers[[1L]])
 11. │     │     └─base (local) doTryCatch(return(expr), name, parentenv, handler)
 12. │     ├─base::do.call(msg$data$fun, msg$data$args, quote = TRUE)
 13. │     └─future (local) `<fn>`(base::quote(`<named list>`))
 14. │       ├─base::tryCatch(...)
 15. │       │ └─base (local) tryCatchList(expr, classes, parentenv, handlers)
 16. │       │   └─base (local) tryCatchOne(expr, names, parentenv, handlers[[1L]])
 17. │       │     └─base (local) doTryCatch(return(expr), name, parentenv, handler)
 18. │       └─future:::evalFutureInternal(data)
 19. │         ├─base::tryCatch(...)
 20. │         │ └─base (local) tryCatchList(expr, classes, parentenv, handlers)
 21. │         │   ├─base (local) tryCatchOne(...)
 22. │         │   │ └─base (local) doTryCatch(return(expr), name, parentenv, handler)
 23. │         │   └─base (local) tryCatchList(expr, names[-nh], parentenv, handlers[-nh])
 24. │         │     └─base (local) tryCatchOne(expr, names, parentenv, handlers[[1L]])
 25. │         │       └─base (local) doTryCatch(return(expr), name, parentenv, handler)
 26. │         ├─base::tryCatch(...)
 27. │         │ └─base (local) tryCatchList(expr, classes, parentenv, handlers)
 28. │         ├─base::withCallingHandlers(...)
 29. │         ├─base::withVisible(...)
 30. │         └─base::eval(expr, envir = globalenv())
 31. │           └─base::eval(expr, envir = globalenv())
 32. ├─base::local(...)
 33. │ └─base::eval.parent(substitute(eval(quote(expr), envir)))
 34. │   └─base::eval(expr, p)
 35. │     └─base::eval(expr, p)
 36. ├─BiocGenerics::eval(...)
 37. ├─base::eval(...)
 38. │ └─base::eval(...)
 39. │   ├─BiocGenerics::do.call(...furrr_purrr_fn, args)
 40. │   ├─base::do.call(...furrr_purrr_fn, args)
 41. │   └─purrr (local) `<fn>`(...)
 42. │     └─purrr:::map_("list", .x, .f, ..., .progress = .progress)
 43. │       ├─purrr:::with_indexed_errors(...)
 44. │       │ └─base::withCallingHandlers(...)
 45. │       ├─purrr:::call_with_cleanup(...)
 46. │       └─.f(.x[[i]], ...)
 47. │         └─sigminer (local) ...furrr_fn(...)
 48. │           └─purrr::map2(pair_dist, run_pairs, get_matches)
 49. │             └─purrr:::map2_("list", .x, .y, .f, ..., .progress = .progress)
 50. │               ├─purrr:::with_indexed_errors(...)
 51. │               │ └─base::withCallingHandlers(...)
 52. │               ├─purrr:::call_with_cleanup(...)
 53. │               └─sigminer (local) .f(.x[[i]], .y[[i]], ...)
 54. │                 └─base::apply(lpSolve::lp.assign(mat)$solution, 1, which.max)
 55. ├─base::loadNamespace(x)
 56. │ ├─base::withRestarts(stop(cond), retry_loadNamespace = function() NULL)
 57. │ │ └─base (local) withOneRestart(expr, restarts[[1L]])
 58. │ │   └─base (local) doWithOneRestart(return(expr), restart)
 59. │ └─base::stop(cond)
 60. └─purrr (local) `<fn>`(`<pckgNtFE>`)
 61.   └─cli::cli_abort(...)
 62.     └─rlang::abort(...)
ℹ [2026-10-08 22:08:58.099675]: 3.982 mins elapsed.
Execution halted
