## RB-05(4.ii) promoted witness -- documented rules excerpt v3:
## R1 CR-progress collapsed; R2 C++ diagnostic bodies dropped (0
## lines); R3 storm shapes (>=150 repeats, digit-masked 48-byte
## prefix key) kept head 20/tail 40, middle collapsed
## into 6 markers; R4 all else verbatim, order preserved.
## full-file sha256 of the UNtrimmed original:
## faf1df2ba2fa6f49067983d20be412b76640cc9e019f17c4de60ed93d728651d
## (original retained on the controller host at /tmp/m7probe/selfwitness_prebake2.log)
Warning message:
In readLines(params_path) :
  incomplete final line found on '/work/mini/in/params.json'
Loading required namespace: synchronicity
Loading required namespace: lpSolve
ℹ [2026-10-08 23:44:05.850146]: Best practice for signature extraction started.
ℹ [2026-10-08 23:44:05.854867]: NOTE: the input should be a sample-by-component matrix.
✔ [2026-10-08 23:44:05.855426]: Input matrix kept.
ℹ [2026-10-08 23:44:05.856023]: Spliting samples if it is hyper-mutant.
✔ [2026-10-08 23:44:05.857155]: Done.
ℹ [2026-10-08 23:44:05.85767]: Generating data for inputing NMF.
✔ [2026-10-08 23:44:05.858231]: Starting resampling (get bootstrapped catalog matrix).
Loading required namespace: matrixStats
✔ [2026-10-08 23:44:05.864927]: Done.
ℹ [2026-10-08 23:44:05.869789]: Extracting 2 signatures on 20 bootstrapped catalogs with 50 NMF runs for each.
ℹ [2026-10-08 23:44:05.879262]: Running signature number 2 for bootstrapped catalog 1.
NMF algorithm: 'brunet'
Multiple runs: 50
Mode: parallel (2/10 core(s))
Runs: |==                                                |   4%Warning in validityMethod(object) :
  Dimensions of W and H look strange [ncol(W)= 2 > ncol(H)= 1 ]
Warning in validityMethod(object) :
  Dimensions of W and H look strange [ncol(W)= 2 > ncol(H)= 1 ]
Warning in validityMethod(object) :
  Dimensions of W and H look strange [ncol(W)= 2 > ncol(H)= 1 ]
Warning in validityMethod(object) :
  Dimensions of W and H look strange [ncol(W)= 2 > ncol(H)= 1 ]
Warning in validityMethod(object) :
  Dimensions of W and H look strange [ncol(W)= 2 > ncol(H)= 1 ]
Warning in validityMethod(object) :
  Dimensions of W and H look strange [ncol(W)= 2 > ncol(H)= 1 ]
Runs: |====                                              |   8%Warning in validityMethod(object) :
  Dimensions of W and H look strange [ncol(W)= 2 > ncol(H)= 1 ]
Warning in validityMethod(object) :
  Dimensions of W and H look strange [ncol(W)= 2 > ncol(H)= 1 ]
Warning in validityMethod(object) :
  Dimensions of W and H look strange [ncol(W)= 2 > ncol(H)= 1 ]
Warning in validityMethod(object) :
  Dimensions of W and H look strange [ncol(W)= 2 > ncol(H)= 1 ]
Warning in validityMethod(object) :
  Dimensions of W and H look strange [ncol(W)= 2 > ncol(H)= 1 ]
Warning in validityMethod(object) :
  Dimensions of W and H look strange [ncol(W)= 2 > ncol(H)= 1 ]
Runs: |======                                            |  12%Warning in validityMethod(object) :
  Dimensions of W and H look strange [ncol(W)= 2 > ncol(H)= 1 ]
Warning in validityMethod(object) :
  Dimensions of W and H look strange [ncol(W)= 2 > ncol(H)= 1 ]
Warning in validityMethod(object) :
  Dimensions of W and H look strange [ncol(W)= 2 > ncol(H)= 1 ]
Warning in validityMethod(object) :
  Dimensions of W and H look strange [ncol(W)= 2 > ncol(H)= 1 ]
Warning in validityMethod(object) :
  Dimensions of W and H look strange [ncol(W)= 2 > ncol(H)= 1 ]
Warning in validityMethod(object) :
  Dimensions of W and H look strange [ncol(W)= 2 > ncol(H)= 1 ]
Runs: |========                                          |  16%Warning in validityMethod(object) :
  Dimensions of W and H look strange [ncol(W)= 2 > ncol(H)= 1 ]
Warning in validityMethod(object) :
  Dimensions of W and H look strange [ncol(W)= 2 > ncol(H)= 1 ]
Warning in validityMethod(object) :
Warning in validityMethod(object) :
Warning in validityMethod(object) :
Warning in validityMethod(object) :
Runs: |==========                                        |  20%Warning in validityMethod(object) :
Runs: |============                                      |  24%Warning in validityMethod(object) :
Runs: |==============                                    |  27%Warning in validityMethod(object) :
Warning in validityMethod(object) :Warning in validityMethod(object) :

Runs: |================                                  |  31%Warning in validityMethod(object) :
Runs: |==================                                |  35%Warning in validityMethod(object) :
Warning in validityMethod(object) :Warning in validityMethod(object) :

Runs: |====================                              |  39%Warning in validityMethod(object) :
Runs: |======================                            |  43%Warning in validityMethod(object) :
Runs: |========================                          |  47%Warning in validityMethod(object) :
Runs: |=========================                         |  51%Warning in validityMethod(object) :
Runs: |===========================                       |  55%Warning in validityMethod(object) :
Runs: |=============================                     |  59%Warning in validityMethod(object) :
Runs: |===============================                   |  63%Warning in validityMethod(object) :
Warning in validityMethod(object) :Warning in validityMethod(object) :
 
 Dimensions of W and H look strange [ncol(W)= 2 > ncol(H)= 1 ]
Runs: |=================================                 |  67%Warning in validityMethod(object) :
Runs: |===================================               |  71%Warning in validityMethod(object) :
Runs: |=====================================             |  75%Warning in validityMethod(object) :
Runs: |=======================================           |  78%Warning in validityMethod(object) :
Runs: |=========================================         |  82%Warning in validityMethod(object) :
Warning in validityMethod(object) :Warning in validityMethod(object) :
 
 Dimensions of W and H look strange [ncol(W)= 2 > ncol(H)= 1 ]
Warning in validityMethod(object) :Warning in validityMethod(object) :
 
 Dimensions of W and H look strange [ncol(W)= 2 > ncol(H)= 1 ]
Runs: |===========================================       |  86%Warning in validityMethod(object) :
Runs: |=============================================     |  90%Warning in validityMethod(object) :
Runs: |===============================================   |  94%Warning in validityMethod(object) :
Runs: |================================================= |  98%Warning in validityMethod(object) :
Runs: |==================================================| 100%
System time:
   user  system elapsed 
  2.068   0.131   2.236 
ℹ [2026-10-08 23:44:08.259771]: Keeping at most 10 NMF solutions with KLD within (1+RTOL) range of the best.
ℹ [2026-10-08 23:44:08.326705]: Running signature number 2 for bootstrapped catalog 2.
NMF algorithm: 'brunet'
Multiple runs: 50
Mode: parallel (2/10 core(s))
Runs: |==                                                |   4%Warning in validityMethod(object) :Warning in validityMethod(object) :
 
 Dimensions of W and H look strange [ncol(W)= 2 > ncol(H)= 1 ]
Warning in validityMethod(object) :Warning in validityMethod(object) :
 
 Dimensions of W and H look strange [ncol(W)= 2 > ncol(H)= 1 ]
Warning in validityMethod(object) :Warning in validityMethod(object) :
 
 Dimensions of W and H look strange [ncol(W)= 2 > ncol(H)= 1 ]
Runs: |====                                              |   8%Warning in validityMethod(object) :
Runs: |======                                            |  12%Warning in validityMethod(object) :
Warning in validityMethod(object) :Warning in validityMethod(object) :

Runs: |========                                          |  16%Warning in validityMethod(object) :
Runs: |==========                                        |  20%Warning in validityMethod(object) :
Runs: |============                                      |  24%Warning in validityMethod(object) :
Runs: |==============                                    |  27%Warning in validityMethod(object) :
Runs: |================                                  |  31%Warning in validityMethod(object) :
Runs: |==================                                |  35%Warning in validityMethod(object) :
Runs: |====================                              |  39%Warning in validityMethod(object) :
Runs: |======================                            |  43%Warning in validityMethod(object) :Warning in validityMethod(object) :
 
 Dimensions of W and H look strange [ncol(W)= 2 > ncol(H)= 1 ]
Warning in validityMethod(object) :Warning in validityMethod(object) :
 
 Dimensions of W and H look strange [ncol(W)= 2 > ncol(H)= 1 ]
Warning in validityMethod(object) :Warning in validityMethod(object) :
 
 Dimensions of W and H look strange [ncol(W)= 2 > ncol(H)= 1 ]
Runs: |========================                          |  47%Warning in validityMethod(object) :
Runs: |=========================                         |  51%Warning in validityMethod(object) :
Runs: |===========================                       |  55%Warning in validityMethod(object) :
Runs: |=============================                     |  59%Warning in validityMethod(object) :Warning in validityMethod(object) :
 
 Dimensions of W and H look strange [ncol(W)= 2 > ncol(H)= 1 ]
Warning in validityMethod(object) :Warning in validityMethod(object) :
 
 Dimensions of W and H look strange [ncol(W)= 2 > ncol(H)= 1 ]
Warning in validityMethod(object) :Warning in validityMethod(object) :
 
 Dimensions of W and H look strange [ncol(W)= 2 > ncol(H)= 1 ]
Runs: |===============================                   |  63%Warning in validityMethod(object) :
Runs: |=================================                 |  67%Warning in validityMethod(object) :
Runs: |===================================               |  71%Warning in validityMethod(object) :
Warning in validityMethod(object) :Warning in validityMethod(object) :

Runs: |=====================================             |  75%Warning in validityMethod(object) :
Runs: |=======================================           |  78%Warning in validityMethod(object) :
Warning in validityMethod(object) :Warning in validityMethod(object) :
 
 Dimensions of W and H look strange [ncol(W)= 2 > ncol(H)= 1 ]
Runs: |=========================================         |  82%Warning in validityMethod(object) :
Runs: |===========================================       |  86%Warning in validityMethod(object) :
Runs: |=============================================     |  90%Warning in validityMethod(object) :
Warning in validityMethod(object) :Warning in validityMethod(object) :
 
 Dimensions of W and H look strange [ncol(W)= 2 > ncol(H)= 1 ]
Runs: |===============================================   |  94%Warning in validityMethod(object) :Warning in validityMethod(object) :
 
 Dimensions of W and H look strange [ncol(W)= 2 > ncol(H)= 1 ]
Warning in validityMethod(object) :Warning in validityMethod(object) :

Runs: |================================================= |  98%Warning in validityMethod(object) :
Runs: |==================================================| 100%
System time:
   user  system elapsed 
  2.067   0.092   2.194 
ℹ [2026-10-08 23:44:10.707576]: Keeping at most 10 NMF solutions with KLD within (1+RTOL) range of the best.
ℹ [2026-10-08 23:44:10.77584]: Running signature number 2 for bootstrapped catalog 3.
NMF algorithm: 'brunet'
Multiple runs: 50
Mode: parallel (2/10 core(s))
Runs: |==                                                |   4%Warning in validityMethod(object) :
Runs: |====                                              |   8%Warning in validityMethod(object) :
Warning in validityMethod(object) :Warning in validityMethod(object) :
 
 Dimensions of W and H look strange [ncol(W)= 2 > ncol(H)= 1 ]
Runs: |======                                            |  12%Warning in validityMethod(object) :
Runs: |========                                          |  16%Warning in validityMethod(object) :
Runs: |==========                                        |  20%Warning in validityMethod(object) :
Runs: |============                                      |  24%Warning in validityMethod(object) :
Runs: |==============                                    |  27%Warning in validityMethod(object) :
Runs: |================                                  |  31%Warning in validityMethod(object) :
Runs: |==================                                |  35%Warning in validityMethod(object) :
Runs: |====================                              |  39%Warning in validityMethod(object) :Warning in validityMethod(object) :
 
 Dimensions of W and H look strange [ncol(W)= 2 > ncol(H)= 1 ]
Warning in validityMethod(object) :Warning in validityMethod(object) :
 
 Dimensions of W and H look strange [ncol(W)= 2 > ncol(H)= 1 ]
Runs: |======================                            |  43%Warning in validityMethod(object) :
Runs: |========================                          |  47%Warning in validityMethod(object) :
Runs: |=========================                         |  51%Warning in validityMethod(object) :
Runs: |===========================                       |  55%Warning in validityMethod(object) :
Runs: |=============================                     |  59%Warning in validityMethod(object) :
Runs: |===============================                   |  63%Warning in validityMethod(object) :
Runs: |=================================                 |  67%Warning in validityMethod(object) :
Runs: |===================================               |  71%Warning in validityMethod(object) :
Runs: |====================================              |  73%Warning in validityMethod(object) :
Runs: |=====================================             |  75%Warning in validityMethod(object) :
Runs: |======================================            |  76%Warning in validityMethod(object) :
Runs: |=======================================           |  78%Warning in validityMethod(object) :
Runs: |=========================================         |  82%Warning in validityMethod(object) :
Runs: |===========================================       |  86%Warning in validityMethod(object) :
Runs: |=============================================     |  90%Warning in validityMethod(object) :
Runs: |===============================================   |  94%Warning in validityMethod(object) :
Runs: |================================================= |  98%Warning in validityMethod(object) :
Runs: |==================================================| 100%
System time:
   user  system elapsed 
  2.070   0.078   2.186 
ℹ [2026-10-08 23:44:13.048294]: Keeping at most 10 NMF solutions with KLD within (1+RTOL) range of the best.
ℹ [2026-10-08 23:44:13.118738]: Running signature number 2 for bootstrapped catalog 4.
NMF algorithm: 'brunet'
Multiple runs: 50
Mode: parallel (2/10 core(s))
Runs: |==                                                |   4%Warning in validityMethod(object) :
Runs: |===                                               |   6%Warning in validityMethod(object) :
Runs: |====                                              |   8%Warning in validityMethod(object) :
Runs: |=====                                             |  10%Warning in validityMethod(object) :
Runs: |======                                            |  12%Warning in validityMethod(object) :
Runs: |=======                                           |  14%Warning in validityMethod(object) :
Runs: |========                                          |  16%Warning in validityMethod(object) :
Runs: |=========                                         |  18%Warning in validityMethod(object) :
Runs: |==========                                        |  20%Warning in validityMethod(object) :
Runs: |===========                                       |  22%Warning in validityMethod(object) :
Runs: |============                                      |  24%Warning in validityMethod(object) :
Runs: |=============                                     |  25%Warning in validityMethod(object) :
Runs: |==============                                    |  27%Warning in validityMethod(object) :
Runs: |===============                                   |  29%Warning in validityMethod(object) :
Runs: |================                                  |  31%Warning in validityMethod(object) :
Runs: |=================                                 |  33%Warning in validityMethod(object) :
Runs: |==================                                |  35%Warning in validityMethod(object) :
Runs: |===================                               |  37%Warning in validityMethod(object) :
Runs: |====================                              |  39%Warning in validityMethod(object) :
Runs: |=====================                             |  41%Warning in validityMethod(object) :
Runs: |======================                            |  43%Warning in validityMethod(object) :
Runs: |=======================                           |  45%Warning in validityMethod(object) :
Runs: |========================                          |  47%Warning in validityMethod(object) :
Runs: |=========================                         |  49%Warning in validityMethod(object) :
Runs: |=========================                         |  51%Warning in validityMethod(object) :
Runs: |==========================                        |  53%Warning in validityMethod(object) :
Runs: |===========================                       |  55%Warning in validityMethod(object) :
Runs: |============================                      |  57%Warning in validityMethod(object) :
Runs: |=============================                     |  59%Warning in validityMethod(object) :
Runs: |==============================                    |  61%Warning in validityMethod(object) :
Runs: |===============================                   |  63%Warning in validityMethod(object) :
Runs: |================================                  |  65%Warning in validityMethod(object) :
Runs: |=================================                 |  67%Warning in validityMethod(object) :
Runs: |==================================                |  69%Warning in validityMethod(object) :
Runs: |===================================               |  71%Warning in validityMethod(object) :
Runs: |====================================              |  73%Warning in validityMethod(object) :
Runs: |=====================================             |  75%Warning in validityMethod(object) :
Runs: |======================================            |  76%Warning in validityMethod(object) :
Runs: |=======================================           |  78%Warning in validityMethod(object) :
Runs: |========================================          |  80%Warning in validityMethod(object) :
Runs: |=========================================         |  82%Warning in validityMethod(object) :
Runs: |==========================================        |  84%Warning in validityMethod(object) :
System time:
   user  system elapsed 
  2.041   0.095   2.198 
ℹ [2026-10-08 23:44:15.397131]: Keeping at most 10 NMF solutions with KLD within (1+RTOL) range of the best.
ℹ [2026-10-08 23:44:15.469772]: Running signature number 2 for bootstrapped catalog 5.
NMF algorithm: 'brunet'
Multiple runs: 50
Mode: parallel (2/10 core(s))
Runs: |==                                                |   4%Warning in validityMethod(object) :
Runs: |====                                              |   8%Warning in validityMethod(object) :Warning in validityMethod(object) :
 
 Dimensions of W and H look strange [ncol(W)= 2 > ncol(H)= 1 ]
Warning in validityMethod(object) :Warning in validityMethod(object) :
 
 Dimensions of W and H look strange [ncol(W)= 2 > ncol(H)= 1 ]
Warning in validityMethod(object) :Warning in validityMethod(object) :
Runs: |======                                            |  12%Warning in validityMethod(object) :
Runs: |========                                          |  16%Warning in validityMethod(object) :
Runs: |==========                                        |  20%Warning in validityMethod(object) :Warning in validityMethod(object) :

Runs: |============                                      |  24%Warning in validityMethod(object) :
Runs: |==============                                    |  27%Warning in validityMethod(object) :
Runs: |===============                                   |  29%Warning in validityMethod(object) :
Runs: |================                                  |  31%Warning in validityMethod(object) :
Runs: |=================                                 |  33%Warning in validityMethod(object) :
Runs: |==================                                |  35%Warning in validityMethod(object) :
Runs: |===================                               |  37%Warning in validityMethod(object) :
Runs: |====================                              |  39%Warning in validityMethod(object) :
Runs: |=====================                             |  41%Warning in validityMethod(object) :
Runs: |======================                            |  43%Warning in validityMethod(object) :
Runs: |=======================                           |  45%Warning in validityMethod(object) :
Runs: |========================                          |  47%Warning in validityMethod(object) :
Runs: |=========================                         |  49%Warning in validityMethod(object) :
Runs: |=========================                         |  51%Warning in validityMethod(object) :
Runs: |==========================                        |  53%Warning in validityMethod(object) :
Runs: |===========================                       |  55%Warning in validityMethod(object) :
Runs: |============================                      |  57%Warning in validityMethod(object) :
Runs: |=============================                     |  59%Warning in validityMethod(object) :
Runs: |==============================                    |  61%Warning in validityMethod(object) :
Runs: |===============================                   |  63%Warning in validityMethod(object) :
Runs: |================================                  |  65%Warning in validityMethod(object) :
Runs: |=================================                 |  67%Warning in validityMethod(object) :
Runs: |==================================                |  69%Warning in validityMethod(object) :
Runs: |===================================               |  71%Warning in validityMethod(object) :
Runs: |====================================              |  73%Warning in validityMethod(object) :
Runs: |=====================================             |  75%Warning in validityMethod(object) :
Runs: |======================================            |  76%Warning in validityMethod(object) :
Runs: |=======================================           |  78%Warning in validityMethod(object) :
Runs: |========================================          |  80%Warning in validityMethod(object) :
System time:
   user  system elapsed 
  2.049   0.086   2.200 
ℹ [2026-10-08 23:44:17.74907]: Keeping at most 10 NMF solutions with KLD within (1+RTOL) range of the best.
ℹ [2026-10-08 23:44:17.819623]: Running signature number 2 for bootstrapped catalog 6.
NMF algorithm: 'brunet'
Multiple runs: 50
Mode: parallel (2/10 core(s))
Runs: |==                                                |   4%Warning in validityMethod(object) :
Runs: |====                                              |   8%Warning in validityMethod(object) :
Runs: |======                                            |  12%Warning in validityMethod(object) :
Runs: |========                                          |  16%Warning in validityMethod(object) :
Runs: |==========                                        |  20%Warning in validityMethod(object) :
Runs: |============                                      |  24%Warning in validityMethod(object) :
Runs: |==============                                    |  27%Warning in validityMethod(object) :
Runs: |================                                  |  31%Warning in validityMethod(object) :
Runs: |==================                                |  35%Warning in validityMethod(object) :
Runs: |====================                              |  39%Warning in validityMethod(object) :
Runs: |======================                            |  43%Warning in validityMethod(object) :
Runs: |========================                          |  47%Warning in validityMethod(object) :
Runs: |=========================                         |  51%Warning in validityMethod(object) :
Runs: |==========================                        |  53%Warning in validityMethod(object) :
Runs: |=============================                     |  59%Warning in validityMethod(object) :
Runs: |===============================                   |  63%Warning in validityMethod(object) :
Runs: |=================================                 |  67%Warning in validityMethod(object) :
Runs: |===================================               |  71%Warning in validityMethod(object) :
Runs: |=====================================             |  75%Warning in validityMethod(object) :
Runs: |=======================================           |  78%Warning in validityMethod(object) :
System time:
   user  system elapsed 
  2.064   0.090   2.191 
ℹ [2026-10-08 23:44:20.088489]: Keeping at most 10 NMF solutions with KLD within (1+RTOL) range of the best.
ℹ [2026-10-08 23:44:20.164446]: Running signature number 2 for bootstrapped catalog 7.
NMF algorithm: 'brunet'
Multiple runs: 50
Mode: parallel (2/10 core(s))
Runs: |==                                                |   4%Warning in validityMethod(object) :
Runs: |====                                              |   8%Warning in validityMethod(object) :Warning in validityMethod(object) :
Runs: |======                                            |  12%Warning in validityMethod(object) :
Runs: |========                                          |  16%Warning in validityMethod(object) :
Runs: |==========                                        |  20%Warning in validityMethod(object) :
Runs: |============                                      |  24%Warning in validityMethod(object) :
Runs: |==============                                    |  27%Warning in validityMethod(object) :
Runs: |================                                  |  31%Warning in validityMethod(object) :
Runs: |==================                                |  35%Warning in validityMethod(object) :
Runs: |====================                              |  39%Warning in validityMethod(object) :
Runs: |======================                            |  43%Warning in validityMethod(object) :
Runs: |========================                          |  47%Warning in validityMethod(object) :
Runs: |=========================                         |  51%Warning in validityMethod(object) :
Runs: |===========================                       |  55%Warning in validityMethod(object) :
Runs: |=============================                     |  59%Warning in validityMethod(object) :
Runs: |===============================                   |  63%Warning in validityMethod(object) :
Runs: |=================================                 |  67%Warning in validityMethod(object) :
Runs: |===================================               |  71%Warning in validityMethod(object) :
Runs: |=====================================             |  75%Warning in validityMethod(object) :
Runs: |=======================================           |  78%Warning in validityMethod(object) :
System time:
   user  system elapsed 
  2.049   0.101   2.185 
ℹ [2026-10-08 23:44:22.432505]: Keeping at most 10 NMF solutions with KLD within (1+RTOL) range of the best.
ℹ [2026-10-08 23:44:22.504593]: Running signature number 2 for bootstrapped catalog 8.
NMF algorithm: 'brunet'
Multiple runs: 50
Mode: parallel (2/10 core(s))
Runs: |==                                                |   4%Warning in validityMethod(object) :Warning in validityMethod(object) :
Runs: |====                                              |   8%Warning in validityMethod(object) :Warning in validityMethod(object) :
Runs: |======                                            |  12%Warning in validityMethod(object) :
Runs: |========                                          |  16%Warning in validityMethod(object) :
Runs: |=========                                         |  18%Warning in validityMethod(object) :
Runs: |==========                                        |  20%Warning in validityMethod(object) :
Runs: |===========                                       |  22%Warning in validityMethod(object) :
Runs: |============                                      |  24%Warning in validityMethod(object) :
Runs: |=============                                     |  25%Warning in validityMethod(object) :
Runs: |==============                                    |  27%Warning in validityMethod(object) :
Runs: |===============                                   |  29%Warning in validityMethod(object) :
Runs: |================                                  |  31%Warning in validityMethod(object) :
Runs: |=================                                 |  33%Warning in validityMethod(object) :
Runs: |==================                                |  35%Warning in validityMethod(object) :
Runs: |===================                               |  37%Warning in validityMethod(object) :
Runs: |====================                              |  39%Warning in validityMethod(object) :
Runs: |=====================                             |  41%Warning in validityMethod(object) :
Runs: |======================                            |  43%Warning in validityMethod(object) :
Runs: |=======================                           |  45%Warning in validityMethod(object) :
Runs: |========================                          |  47%Warning in validityMethod(object) :
Runs: |=========================                         |  49%Warning in validityMethod(object) :
Runs: |=========================                         |  51%Warning in validityMethod(object) :
Runs: |==========================                        |  53%Warning in validityMethod(object) :
Runs: |===========================                       |  55%Warning in validityMethod(object) :
Runs: |============================                      |  57%Warning in validityMethod(object) :
Runs: |=============================                     |  59%Warning in validityMethod(object) :
Runs: |==============================                    |  61%Warning in validityMethod(object) :
Runs: |===============================                   |  63%Warning in validityMethod(object) :
Runs: |================================                  |  65%Warning in validityMethod(object) :
Runs: |=================================                 |  67%Warning in validityMethod(object) :
Runs: |==================================                |  69%Warning in validityMethod(object) :
Runs: |===================================               |  71%Warning in validityMethod(object) :
Runs: |====================================              |  73%Warning in validityMethod(object) :
Runs: |=====================================             |  75%Warning in validityMethod(object) :
Runs: |======================================            |  76%Warning in validityMethod(object) :
Runs: |=======================================           |  78%Warning in validityMethod(object) :
Runs: |========================================          |  80%Warning in validityMethod(object) :
System time:
   user  system elapsed 
  2.074   0.085   2.186 
ℹ [2026-10-08 23:44:24.77283]: Keeping at most 10 NMF solutions with KLD within (1+RTOL) range of the best.
ℹ [2026-10-08 23:44:24.848527]: Running signature number 2 for bootstrapped catalog 9.
NMF algorithm: 'brunet'
Multiple runs: 50
Mode: parallel (2/10 core(s))
Runs: |==                                                |   4%Warning in validityMethod(object) :Warning in validityMethod(object) :
Runs: |====                                              |   8%Warning in validityMethod(object) :Warning in validityMethod(object) :
Runs: |======                                            |  12%Warning in validityMethod(object) :
Runs: |========                                          |  16%Warning in validityMethod(object) :
Runs: |==========                                        |  20%Warning in validityMethod(object) :
Runs: |============                                      |  24%Warning in validityMethod(object) :
Runs: |==============                                    |  27%Warning in validityMethod(object) :
Runs: |================                                  |  31%Warning in validityMethod(object) :
Runs: |==================                                |  35%Warning in validityMethod(object) :
Runs: |====================                              |  39%Warning in validityMethod(object) :
Runs: |======================                            |  43%Warning in validityMethod(object) :
Runs: |========================                          |  47%Warning in validityMethod(object) :
Runs: |=========================                         |  51%Warning in validityMethod(object) :
Runs: |===========================                       |  55%Warning in validityMethod(object) :
Runs: |=============================                     |  59%Warning in validityMethod(object) :
Runs: |===============================                   |  63%Warning in validityMethod(object) :
Runs: |=================================                 |  67%Warning in validityMethod(object) :
Runs: |===================================               |  71%Warning in validityMethod(object) :
Runs: |=====================================             |  75%Warning in validityMethod(object) :
Runs: |=======================================           |  78%Warning in validityMethod(object) :Warning in validityMethod(object) :
System time:
   user  system elapsed 
  2.112   0.109   2.262 
ℹ [2026-10-08 23:44:27.194923]: Keeping at most 10 NMF solutions with KLD within (1+RTOL) range of the best.
ℹ [2026-10-08 23:44:27.264872]: Running signature number 2 for bootstrapped catalog 10.
NMF algorithm: 'brunet'
Multiple runs: 50
Mode: parallel (2/10 core(s))
Runs: |==                                                |   4%Warning in validityMethod(object) :
Runs: |====                                              |   8%Warning in validityMethod(object) :Warning in validityMethod(object) :
Runs: |======                                            |  12%Warning in validityMethod(object) :
Runs: |========                                          |  16%Warning in validityMethod(object) :
Runs: |==========                                        |  20%Warning in validityMethod(object) :
Runs: |============                                      |  24%Warning in validityMethod(object) :
Runs: |==============                                    |  27%Warning in validityMethod(object) :
Runs: |================                                  |  31%Warning in validityMethod(object) :
Runs: |==================                                |  35%Warning in validityMethod(object) :
Runs: |====================                              |  39%Warning in validityMethod(object) :
Runs: |======================                            |  43%Warning in validityMethod(object) :
Runs: |========================                          |  47%Warning in validityMethod(object) :
Runs: |=========================                         |  51%Warning in validityMethod(object) :
Runs: |===========================                       |  55%Warning in validityMethod(object) :
Runs: |=============================                     |  59%Warning in validityMethod(object) :
Runs: |===============================                   |  63%Warning in validityMethod(object) :
Runs: |=================================                 |  67%Warning in validityMethod(object) :
Runs: |===================================               |  71%Warning in validityMethod(object) :
Runs: |=====================================             |  75%Warning in validityMethod(object) :
Runs: |=======================================           |  78%Warning in validityMethod(object) :
 Warning in validityMethod(object) : Dimensions of W and H look strange [ncol(W)= 2 > ncol(H)= 1 ]

System time:
   user  system elapsed 
  2.089   0.082   2.206 
ℹ [2026-10-08 23:44:29.551166]: Keeping at most 10 NMF solutions with KLD within (1+RTOL) range of the best.
ℹ [2026-10-08 23:44:29.627116]: Running signature number 2 for bootstrapped catalog 11.
NMF algorithm: 'brunet'
Multiple runs: 50
Mode: parallel (2/10 core(s))
Runs: |==                                                |   4%Warning in validityMethod(object) :
Runs: |====                                              |   8%Warning in validityMethod(object) :
Runs: |======                                            |  12%Warning in validityMethod(object) :
Runs: |========                                          |  16%Warning in validityMethod(object) :
Runs: |==========                                        |  20%Warning in validityMethod(object) :
Runs: |============                                      |  24%Warning in validityMethod(object) :
Runs: |==============                                    |  27%Warning in validityMethod(object) :
Runs: |================                                  |  31%Warning in validityMethod(object) :
Runs: |==================                                |  35%Warning in validityMethod(object) :
Runs: |====================                              |  39%Warning in validityMethod(object) :
Runs: |======================                            |  43%Warning in validityMethod(object) :
Runs: |========================                          |  47%Warning in validityMethod(object) :
Runs: |=========================                         |  51%Warning in validityMethod(object) :

Runs: |===========================                       |  55%Warning in validityMethod(object) :
Runs: |=============================                     |  59%Warning in validityMethod(object) :
Runs: |===============================                   |  63%Warning in validityMethod(object) :
Runs: |=================================                 |  67%Warning in validityMethod(object) :
Runs: |===================================               |  71%Warning in validityMethod(object) :
Runs: |=====================================             |  75%Warning in validityMethod(object) :
Runs: |=======================================           |  78%Warning in validityMethod(object) :
System time:
   user  system elapsed 
  2.088   0.093   2.217 
ℹ [2026-10-08 23:44:31.923988]: Keeping at most 10 NMF solutions with KLD within (1+RTOL) range of the best.
ℹ [2026-10-08 23:44:31.997074]: Running signature number 2 for bootstrapped catalog 12.
NMF algorithm: 'brunet'
Multiple runs: 50
Mode: parallel (2/10 core(s))
Runs: |==                                                |   4%Warning in validityMethod(object) :Warning in validityMethod(object) :
Runs: |====                                              |   8%Warning in validityMethod(object) :
Runs: |======                                            |  12%Warning in validityMethod(object) :

Runs: |========                                          |  16%Warning in validityMethod(object) :
Runs: |==========                                        |  20%Warning in validityMethod(object) :
Runs: |===========                                       |  22%Warning in validityMethod(object) :
Runs: |==============                                    |  27%Warning in validityMethod(object) :Warning in validityMethod(object) :
Runs: |================                                  |  31%Warning in validityMethod(object) :
Runs: |==================                                |  35%Warning in validityMethod(object) :
Runs: |====================                              |  39%Warning in validityMethod(object) :
Runs: |======================                            |  43%Warning in validityMethod(object) :
Runs: |========================                          |  47%Warning in validityMethod(object) :
Runs: |=========================                         |  51%Warning in validityMethod(object) :
Runs: |===========================                       |  55%Warning in validityMethod(object) :
Runs: |=============================                     |  59%Warning in validityMethod(object) :
Runs: |===============================                   |  63%Warning in validityMethod(object) :
Runs: |=================================                 |  67%Warning in validityMethod(object) :
Runs: |==================================                |  69%Warning in validityMethod(object) :
Runs: |===================================               |  71%Warning in validityMethod(object) :
Runs: |=====================================             |  75%Warning in validityMethod(object) :
Runs: |======================================            |  76%Warning in validityMethod(object) :
Runs: |=======================================           |  78%Warning in validityMethod(object) :
System time:
   user  system elapsed 
  2.091   0.083   2.210 
ℹ [2026-10-08 23:44:34.286432]: Keeping at most 10 NMF solutions with KLD within (1+RTOL) range of the best.
ℹ [2026-10-08 23:44:34.360977]: Running signature number 2 for bootstrapped catalog 13.
NMF algorithm: 'brunet'
Multiple runs: 50
Mode: parallel (2/10 core(s))
Runs: |==                                                |   4%Warning in validityMethod(object) :
Runs: |====                                              |   8%Warning in validityMethod(object) :
Runs: |======                                            |  12%Warning in validityMethod(object) :
Runs: |========                                          |  16%Warning in validityMethod(object) :
Runs: |==========                                        |  20%Warning in validityMethod(object) :
Runs: |===========                                       |  22%Warning in validityMethod(object) :Warning in validityMethod(object) :

Runs: |==============                                    |  27%Warning in validityMethod(object) :
Runs: |================                                  |  31%Warning in validityMethod(object) :
Runs: |==================                                |  35%Warning in validityMethod(object) :
Runs: |====================                              |  39%Warning in validityMethod(object) :
Runs: |======================                            |  43%Warning in validityMethod(object) :
Runs: |========================                          |  47%Warning in validityMethod(object) :
Runs: |=========================                         |  51%Warning in validityMethod(object) :
Runs: |===========================                       |  55%Warning in validityMethod(object) :
Runs: |=============================                     |  59%Warning in validityMethod(object) :
Runs: |===============================                   |  63%Warning in validityMethod(object) :
Runs: |=================================                 |  67%Warning in validityMethod(object) :
Runs: |===================================               |  71%Warning in validityMethod(object) :
Runs: |=====================================             |  75%Warning in validityMethod(object) :
Runs: |=======================================           |  78%Warning in validityMethod(object) :Warning in validityMethod(object) :
System time:
   user  system elapsed 
  2.107   0.079   2.224 
ℹ [2026-10-08 23:44:36.66881]: Keeping at most 10 NMF solutions with KLD within (1+RTOL) range of the best.
ℹ [2026-10-08 23:44:36.742454]: Running signature number 2 for bootstrapped catalog 14.
NMF algorithm: 'brunet'
Multiple runs: 50
Mode: parallel (2/10 core(s))
Runs: |==                                                |   4%Warning in validityMethod(object) :Warning in validityMethod(object) :

Runs: |====                                              |   8%Warning in validityMethod(object) :
Runs: |======                                            |  12%Warning in validityMethod(object) :
Runs: |========                                          |  16%Warning in validityMethod(object) :
Runs: |==========                                        |  20%Warning in validityMethod(object) :
Runs: |============                                      |  24%Warning in validityMethod(object) :
Runs: |==============                                    |  27%Warning in validityMethod(object) :
Runs: |================                                  |  31%Warning in validityMethod(object) :
Runs: |==================                                |  35%Warning in validityMethod(object) :
Runs: |====================                              |  39%Warning in validityMethod(object) :
 Warning in validityMethod(object) : Dimensions of W and H look strange [ncol(W)= 2 > ncol(H)= 1 ]

Runs: |======================                            |  43%Warning in validityMethod(object) :
Runs: |========================                          |  47%Warning in validityMethod(object) :
Runs: |=========================                         |  51%Warning in validityMethod(object) :
Runs: |===========================                       |  55%Warning in validityMethod(object) :
Runs: |=============================                     |  59%Warning in validityMethod(object) :
Runs: |===============================                   |  63%Warning in validityMethod(object) :
Runs: |=================================                 |  67%Warning in validityMethod(object) :
Runs: |===================================               |  71%Warning in validityMethod(object) :
Runs: |=====================================             |  75%Warning in validityMethod(object) :
Runs: |=======================================           |  78%Warning in validityMethod(object) :
System time:
   user  system elapsed 
  2.087   0.081   2.208 
ℹ [2026-10-08 23:44:39.034518]: Keeping at most 10 NMF solutions with KLD within (1+RTOL) range of the best.
ℹ [2026-10-08 23:44:39.104287]: Running signature number 2 for bootstrapped catalog 15.
NMF algorithm: 'brunet'
Multiple runs: 50
Mode: parallel (2/10 core(s))
Runs: |==                                                |   4%Warning in validityMethod(object) :
Runs: |====                                              |   8%Warning in validityMethod(object) :
Runs: |======                                            |  12%Warning in validityMethod(object) :
Runs: |========                                          |  16%Warning in validityMethod(object) :
Runs: |==========                                        |  20%Warning in validityMethod(object) :
Runs: |============                                      |  24%Warning in validityMethod(object) :
Runs: |==============                                    |  27%Warning in validityMethod(object) :
Runs: |================                                  |  31%Warning in validityMethod(object) :
Runs: |==================                                |  35%Warning in validityMethod(object) :Warning in validityMethod(object) :
Runs: |====================                              |  39%Warning in validityMethod(object) :
Runs: |======================                            |  43%Warning in validityMethod(object) :
Runs: |========================                          |  47%Warning in validityMethod(object) :
Runs: |=========================                         |  51%Warning in validityMethod(object) :
Runs: |===========================                       |  55%Warning in validityMethod(object) :
Runs: |============================                      |  57%Warning in validityMethod(object) :
Runs: |=============================                     |  59%Warning in validityMethod(object) :
Runs: |==============================                    |  61%Warning in validityMethod(object) :
Runs: |===============================                   |  63%Warning in validityMethod(object) :
Runs: |=================================                 |  67%Warning in validityMethod(object) :
Runs: |===================================               |  71%Warning in validityMethod(object) :
Runs: |=====================================             |  75%Warning in validityMethod(object) :
Runs: |=======================================           |  78%Warning in validityMethod(object) :
System time:
   user  system elapsed 
  2.082   0.094   2.212 
ℹ [2026-10-08 23:44:41.401775]: Keeping at most 10 NMF solutions with KLD within (1+RTOL) range of the best.
ℹ [2026-10-08 23:44:41.473096]: Running signature number 2 for bootstrapped catalog 16.
NMF algorithm: 'brunet'
Multiple runs: 50
Mode: parallel (2/10 core(s))
Runs: |==                                                |   4%Warning in validityMethod(object) :Warning in validityMethod(object) :
Runs: |====                                              |   8%Warning in validityMethod(object) :
Runs: |======                                            |  12%Warning in validityMethod(object) :
Runs: |========                                          |  16%Warning in validityMethod(object) :
Runs: |==========                                        |  20%Warning in validityMethod(object) :
Runs: |============                                      |  24%Warning in validityMethod(object) :
Runs: |==============                                    |  27%Warning in validityMethod(object) :
Runs: |================                                  |  31%Warning in validityMethod(object) :
Runs: |==================                                |  35%Warning in validityMethod(object) :
Runs: |====================                              |  39%Warning in validityMethod(object) :
Runs: |======================                            |  43%Warning in validityMethod(object) :Warning in validityMethod(object) :

Runs: |========================                          |  47%Warning in validityMethod(object) :
Runs: |=========================                         |  51%Warning in validityMethod(object) :
Runs: |===========================                       |  55%Warning in validityMethod(object) :
Runs: |=============================                     |  59%Warning in validityMethod(object) :
Runs: |===============================                   |  63%Warning in validityMethod(object) :
Runs: |=================================                 |  67%Warning in validityMethod(object) :
Runs: |===================================               |  71%Warning in validityMethod(object) :
Runs: |=====================================             |  75%Warning in validityMethod(object) :
Runs: |=======================================           |  78%Warning in validityMethod(object) :
 Warning in validityMethod(object) : Dimensions of W and H look strange [ncol(W)= 2 > ncol(H)= 1 ]

System time:
   user  system elapsed 
  2.072   0.081   2.195 
ℹ [2026-10-08 23:44:43.746276]: Keeping at most 10 NMF solutions with KLD within (1+RTOL) range of the best.
ℹ [2026-10-08 23:44:43.820442]: Running signature number 2 for bootstrapped catalog 17.
NMF algorithm: 'brunet'
Multiple runs: 50
Mode: parallel (2/10 core(s))
Runs: |==                                                |   4%Warning in validityMethod(object) :Warning in validityMethod(object) :
Runs: |====                                              |   8%Warning in validityMethod(object) :
Runs: |======                                            |  12%Warning in validityMethod(object) :
Runs: |========                                          |  16%Warning in validityMethod(object) :
Runs: |==========                                        |  20%Warning in validityMethod(object) :
Runs: |============                                      |  24%Warning in validityMethod(object) :
Runs: |==============                                    |  27%Warning in validityMethod(object) :
Runs: |================                                  |  31%Warning in validityMethod(object) :
Runs: |==================                                |  35%Warning in validityMethod(object) :
Runs: |====================                              |  39%Warning in validityMethod(object) :
Runs: |======================                            |  43%Warning in validityMethod(object) :
Runs: |========================                          |  47%Warning in validityMethod(object) :

Runs: |=========================                         |  51%Warning in validityMethod(object) :
Runs: |===========================                       |  55%Warning in validityMethod(object) :
Runs: |=============================                     |  59%Warning in validityMethod(object) :
Runs: |===============================                   |  63%Warning in validityMethod(object) :
Runs: |=================================                 |  67%Warning in validityMethod(object) :
Runs: |===================================               |  71%Warning in validityMethod(object) :
Runs: |=====================================             |  75%Warning in validityMethod(object) :Warning in validityMethod(object) :
Runs: |=======================================           |  78%Warning in validityMethod(object) :
System time:
   user  system elapsed 
  2.115   0.073   2.229 
ℹ [2026-10-08 23:44:46.12843]: Keeping at most 10 NMF solutions with KLD within (1+RTOL) range of the best.
ℹ [2026-10-08 23:44:46.20052]: Running signature number 2 for bootstrapped catalog 18.
NMF algorithm: 'brunet'
Multiple runs: 50
Mode: parallel (2/10 core(s))
Runs: |==                                                |   4%Warning in validityMethod(object) :Warning in validityMethod(object) :

Runs: |====                                              |   8%Warning in validityMethod(object) :Warning in validityMethod(object) :
Runs: |======                                            |  12%Warning in validityMethod(object) :
Runs: |========                                          |  16%Warning in validityMethod(object) :
Runs: |==========                                        |  20%Warning in validityMethod(object) :
Runs: |============                                      |  24%Warning in validityMethod(object) :
Runs: |==============                                    |  27%Warning in validityMethod(object) :
Runs: |================                                  |  31%Warning in validityMethod(object) :
Runs: |==================                                |  35%Warning in validityMethod(object) :
Runs: |====================                              |  39%Warning in validityMethod(object) :
Runs: |======================                            |  43%Warning in validityMethod(object) :
Runs: |========================                          |  47%Warning in validityMethod(object) :
Runs: |=========================                         |  51%Warning in validityMethod(object) :
Runs: |===========================                       |  55%Warning in validityMethod(object) :

Runs: |=============================                     |  59%Warning in validityMethod(object) :
Runs: |===============================                   |  63%Warning in validityMethod(object) :
Runs: |=================================                 |  67%Warning in validityMethod(object) :
Runs: |===================================               |  71%Warning in validityMethod(object) :
Runs: |=====================================             |  75%Warning in validityMethod(object) :
Runs: |=======================================           |  78%Warning in validityMethod(object) :
System time:
   user  system elapsed 
  2.098   0.089   2.226 
ℹ [2026-10-08 23:44:48.505908]: Keeping at most 10 NMF solutions with KLD within (1+RTOL) range of the best.
ℹ [2026-10-08 23:44:48.578046]: Running signature number 2 for bootstrapped catalog 19.
NMF algorithm: 'brunet'
Multiple runs: 50
Mode: parallel (2/10 core(s))
Runs: |==                                                |   4%Warning in validityMethod(object) :Warning in validityMethod(object) :
Runs: |====                                              |   8%Warning in validityMethod(object) :Warning in validityMethod(object) :
Runs: |======                                            |  12%Warning in validityMethod(object) :
Runs: |========                                          |  16%Warning in validityMethod(object) :
Runs: |==========                                        |  20%Warning in validityMethod(object) :Warning in validityMethod(object) :
Runs: |============                                      |  24%Warning in validityMethod(object) :
Runs: |==============                                    |  27%Warning in validityMethod(object) :
Runs: |================                                  |  31%Warning in validityMethod(object) :
Runs: |==================                                |  35%Warning in validityMethod(object) :
Runs: |====================                              |  39%Warning in validityMethod(object) :
Runs: |======================                            |  43%Warning in validityMethod(object) :
Runs: |========================                          |  47%Warning in validityMethod(object) :
Runs: |=========================                         |  51%Warning in validityMethod(object) :
Runs: |===========================                       |  55%Warning in validityMethod(object) :
Runs: |============================                      |  57%Warning in validityMethod(object) :
Runs: |=============================                     |  59%Warning in validityMethod(object) :
Runs: |==============================                    |  61%Warning in validityMethod(object) :
Runs: |===============================                   |  63%Warning in validityMethod(object) :
Runs: |================================                  |  65%Warning in validityMethod(object) :
Runs: |=================================                 |  67%Warning in validityMethod(object) :
Runs: |==================================                |  69%Warning in validityMethod(object) :
Runs: |===================================               |  71%Warning in validityMethod(object) :
Runs: |====================================              |  73%Warning in validityMethod(object) :
Runs: |=====================================             |  75%Warning in validityMethod(object) :
Runs: |======================================            |  76%Warning in validityMethod(object) :
Runs: |=======================================           |  78%Warning in validityMethod(object) :
Runs: |========================================          |  80%Warning in validityMethod(object) :
System time:
   user  system elapsed 
  2.084   0.100   2.233 
ℹ [2026-10-08 23:44:50.895738]: Keeping at most 10 NMF solutions with KLD within (1+RTOL) range of the best.
ℹ [2026-10-08 23:44:50.969829]: Running signature number 2 for bootstrapped catalog 20.
NMF algorithm: 'brunet'
Multiple runs: 50
Mode: parallel (2/10 core(s))
Runs: |==                                                |   4%Warning in validityMethod(object) :
Runs: |====                                              |   8%Warning in validityMethod(object) :
Runs: |======                                            |  12%Warning in validityMethod(object) :
Runs: |========                                          |  16%Warning in validityMethod(object) :
Runs: |==========                                        |  20%Warning in validityMethod(object) :
Runs: |============                                      |  24%Warning in validityMethod(object) :
Runs: |==============                                    |  27%Warning in validityMethod(object) :
Runs: |================                                  |  31%Warning in validityMethod(object) :
Runs: |==================                                |  35%Warning in validityMethod(object) :
Runs: |====================                              |  39%Warning in validityMethod(object) :
Runs: |======================                            |  43%Warning in validityMethod(object) :
Runs: |========================                          |  47%Warning in validityMethod(object) :
Runs: |=========================                         |  51%Warning in validityMethod(object) :
Runs: |===========================                       |  55%Warning in validityMethod(object) :Warning in validityMethod(object) :
Runs: |=============================                     |  59%Warning in validityMethod(object) :
Runs: |===============================                   |  63%Warning in validityMethod(object) :
Runs: |=================================                 |  67%Warning in validityMethod(object) :
Runs: |===================================               |  71%Warning in validityMethod(object) :Warning in validityMethod(object) :
Runs: |=====================================             |  75%Warning in validityMethod(object) :
 Warning in validityMethod(object) : Dimensions of W and H look strange [ncol(W)= 2 > ncol(H)= 1 ]

Runs: |=======================================           |  78%Warning in validityMethod(object) :

System time:
   user  system elapsed 
  2.099   0.098   2.234 
ℹ [2026-10-08 23:44:53.285624]: Keeping at most 10 NMF solutions with KLD within (1+RTOL) range of the best.
ℹ [2026-10-08 23:44:53.357804]: Reading NMF run files...
✔ [2026-10-08 23:44:53.362006]: Read successfully.
✔ [2026-10-08 23:44:53.362786]: NMF run files deleted.
✔ [2026-10-08 23:44:53.363294]: Done for this signature number. Current memory size used: 114MB
ℹ [2026-10-08 23:44:53.469074]: Extracting 3 signatures on 20 bootstrapped catalogs with 50 NMF runs for each.
ℹ [2026-10-08 23:44:53.470097]: Running signature number 3 for bootstrapped catalog 1.
NMF algorithm: 'brunet'
Multiple runs: 50
Mode: parallel (2/10 core(s))
Runs: |==                                                |   4%Warning in validityMethod(object) :
Runs: |====                                              |   8%Warning in validityMethod(object) :
Runs: |======                                            |  12%Warning in validityMethod(object) :
Runs: |========                                          |  16%Warning in validityMethod(object) :
Runs: |==========                                        |  20%Warning in validityMethod(object) :
Runs: |===========                                       |  22%Warning in validityMethod(object) :
Runs: |==============                                    |  27%Warning in validityMethod(object) :
Runs: |================                                  |  31%Warning in validityMethod(object) :
Runs: |==================                                |  35%Warning in validityMethod(object) :
Runs: |====================                              |  39%Warning in validityMethod(object) :

Runs: |======================                            |  43%Warning in validityMethod(object) :
Runs: |========================                          |  47%Warning in validityMethod(object) :
Runs: |=========================                         |  51%Warning in validityMethod(object) :
Runs: |===========================                       |  55%Warning in validityMethod(object) :
Runs: |=============================                     |  59%Warning in validityMethod(object) :
Runs: |===============================                   |  63%Warning in validityMethod(object) :
Runs: |=================================                 |  67%Warning in validityMethod(object) :
Runs: |===================================               |  71%Warning in validityMethod(object) :
Runs: |=====================================             |  75%Warning in validityMethod(object) :

Runs: |=======================================           |  78%Warning in validityMethod(object) :
System time:
   user  system elapsed 
  2.090   0.102   2.230 
ℹ [2026-10-08 23:44:55.781648]: Keeping at most 10 NMF solutions with KLD within (1+RTOL) range of the best.
ℹ [2026-10-08 23:44:55.861289]: Running signature number 3 for bootstrapped catalog 2.
NMF algorithm: 'brunet'
Multiple runs: 50
Mode: parallel (2/10 core(s))
Runs: |==                                                |   4%Warning in validityMethod(object) :
Runs: |====                                              |   8%Warning in validityMethod(object) :
Runs: |======                                            |  12%Warning in validityMethod(object) :
Runs: |========                                          |  16%Warning in validityMethod(object) :
Runs: |==========                                        |  20%Warning in validityMethod(object) :
Runs: |============                                      |  24%Warning in validityMethod(object) :
Runs: |==============                                    |  27%Warning in validityMethod(object) :
Runs: |================                                  |  31%Warning in validityMethod(object) :
Runs: |==================                                |  35%Warning in validityMethod(object) :
Runs: |====================                              |  39%Warning in validityMethod(object) :
Runs: |======================                            |  43%Warning in validityMethod(object) :
Runs: |========================                          |  47%Warning in validityMethod(object) :
Runs: |=========================                         |  51%Warning in validityMethod(object) :
Runs: |===========================                       |  55%Warning in validityMethod(object) :
Runs: |=============================                     |  59%Warning in validityMethod(object) :
Runs: |==============================                    |  61%Warning in validityMethod(object) :
Runs: |===============================                   |  63%Warning in validityMethod(object) :
Runs: |=================================                 |  67%Warning in validityMethod(object) :
Runs: |===================================               |  71%Warning in validityMethod(object) :
Runs: |=====================================             |  75%Warning in validityMethod(object) :
Runs: |=======================================           |  78%Warning in validityMethod(object) :
System time:
   user  system elapsed 
  2.124   0.084   2.247 
ℹ [2026-10-08 23:44:58.195346]: Keeping at most 10 NMF solutions with KLD within (1+RTOL) range of the best.
ℹ [2026-10-08 23:44:58.268534]: Running signature number 3 for bootstrapped catalog 3.
NMF algorithm: 'brunet'
Multiple runs: 50
Mode: parallel (2/10 core(s))
Runs: |==                                                |   4%Warning in validityMethod(object) :
Runs: |====                                              |   8%Warning in validityMethod(object) :
Runs: |======                                            |  12%Warning in validityMethod(object) :
Runs: |========                                          |  16%Warning in validityMethod(object) :
Runs: |==========                                        |  20%Warning in validityMethod(object) :
Runs: |===========                                       |  22%Warning in validityMethod(object) :
Runs: |==============                                    |  27%Warning in validityMethod(object) :
Runs: |================                                  |  31%Warning in validityMethod(object) :
Runs: |==================                                |  35%Warning in validityMethod(object) :
Runs: |====================                              |  39%Warning in validityMethod(object) :
Runs: |======================                            |  43%Warning in validityMethod(object) :
Runs: |=======================                           |  45%Warning in validityMethod(object) :
Runs: |========================                          |  47%Warning in validityMethod(object) :
Runs: |=========================                         |  49%Warning in validityMethod(object) :
Runs: |=========================                         |  51%Warning in validityMethod(object) :
Runs: |==========================                        |  53%Warning in validityMethod(object) :
Runs: |===========================                       |  55%Warning in validityMethod(object) :
Runs: |============================                      |  57%Warning in validityMethod(object) :
Runs: |=============================                     |  59%Warning in validityMethod(object) :
Runs: |==============================                    |  61%Warning in validityMethod(object) :
Runs: |===============================                   |  63%Warning in validityMethod(object) :
Runs: |================================                  |  65%Warning in validityMethod(object) :
Runs: |=================================                 |  67%Warning in validityMethod(object) :
Runs: |==================================                |  69%Warning in validityMethod(object) :
Runs: |===================================               |  71%Warning in validityMethod(object) :
Runs: |====================================              |  73%Warning in validityMethod(object) :
Runs: |=====================================             |  75%Warning in validityMethod(object) :
Runs: |======================================            |  76%Warning in validityMethod(object) :
Runs: |=======================================           |  78%Warning in validityMethod(object) :
Runs: |========================================          |  80%Warning in validityMethod(object) :
System time:
   user  system elapsed 
  2.124   0.083   2.232 
ℹ [2026-10-08 23:45:00.580169]: Keeping at most 10 NMF solutions with KLD within (1+RTOL) range of the best.
ℹ [2026-10-08 23:45:00.652069]: Running signature number 3 for bootstrapped catalog 4.
NMF algorithm: 'brunet'
Multiple runs: 50
Mode: parallel (2/10 core(s))
Runs: |==                                                |   4%Warning in validityMethod(object) :Warning in validityMethod(object) :
Runs: |====                                              |   8%Warning in validityMethod(object) :
Runs: |======                                            |  12%Warning in validityMethod(object) :
Runs: |========                                          |  16%Warning in validityMethod(object) :
Runs: |==========                                        |  20%Warning in validityMethod(object) :
Runs: |============                                      |  24%Warning in validityMethod(object) :
Runs: |==============                                    |  27%Warning in validityMethod(object) :
Runs: |================                                  |  31%Warning in validityMethod(object) :
Runs: |==================                                |  35%Warning in validityMethod(object) :
Runs: |====================                              |  39%Warning in validityMethod(object) :
Runs: |======================                            |  43%Warning in validityMethod(object) :
 Warning in validityMethod(object) : Dimensions of W and H look strange [ncol(W)= 3 > ncol(H)= 1 ]

Runs: |========================                          |  47%Warning in validityMethod(object) :
 Warning in validityMethod(object) :
Runs: |=========================                         |  51%Warning in validityMethod(object) :
Runs: |===========================                       |  55%Warning in validityMethod(object) :

Runs: |=============================                     |  59%Warning in validityMethod(object) :Warning in validityMethod(object) :
Runs: |===============================                   |  63%Warning in validityMethod(object) :
Runs: |=================================                 |  67%Warning in validityMethod(object) :
Runs: |===================================               |  71%Warning in validityMethod(object) :
Runs: |=====================================             |  75%Warning in validityMethod(object) :
Runs: |=======================================           |  78%Warning in validityMethod(object) :
System time:
   user  system elapsed 
  2.120   0.111   2.270 
ℹ [2026-10-08 23:45:03.020215]: Keeping at most 10 NMF solutions with KLD within (1+RTOL) range of the best.
ℹ [2026-10-08 23:45:03.089864]: Running signature number 3 for bootstrapped catalog 5.
NMF algorithm: 'brunet'
Multiple runs: 50
Mode: parallel (2/10 core(s))
Runs: |==                                                |   4%Warning in validityMethod(object) :
Runs: |====                                              |   8%Warning in validityMethod(object) :Warning in validityMethod(object) :
Runs: |======                                            |  12%Warning in validityMethod(object) :
Runs: |========                                          |  16%Warning in validityMethod(object) :
Runs: |==========                                        |  20%Warning in validityMethod(object) :
Runs: |============                                      |  24%Warning in validityMethod(object) :
Runs: |==============                                    |  27%Warning in validityMethod(object) :
Runs: |================                                  |  31%Warning in validityMethod(object) :
Runs: |==================                                |  35%Warning in validityMethod(object) :
Runs: |====================                              |  39%Warning in validityMethod(object) :
Runs: |======================                            |  43%Warning in validityMethod(object) :
Runs: |========================                          |  47%Warning in validityMethod(object) :
Runs: |=========================                         |  51%Warning in validityMethod(object) :
Runs: |===========================                       |  55%Warning in validityMethod(object) :
Runs: |=============================                     |  59%Warning in validityMethod(object) :
Runs: |===============================                   |  63%Warning in validityMethod(object) :
Runs: |=================================                 |  67%Warning in validityMethod(object) :
Runs: |===================================               |  71%Warning in validityMethod(object) :
Runs: |=====================================             |  75%Warning in validityMethod(object) :
Runs: |=======================================           |  78%Warning in validityMethod(object) :


System time:
   user  system elapsed 
  2.105   0.091   2.237 
ℹ [2026-10-08 23:45:05.417793]: Keeping at most 10 NMF solutions with KLD within (1+RTOL) range of the best.
ℹ [2026-10-08 23:45:05.495315]: Running signature number 3 for bootstrapped catalog 6.
NMF algorithm: 'brunet'
Multiple runs: 50
Mode: parallel (2/10 core(s))
Runs: |==                                                |   4%Warning in validityMethod(object) :Warning in validityMethod(object) :

Runs: |====                                              |   8%Warning in validityMethod(object) :
Runs: |======                                            |  12%Warning in validityMethod(object) :

Runs: |========                                          |  16%Warning in validityMethod(object) :
Runs: |==========                                        |  20%Warning in validityMethod(object) :
Runs: |============                                      |  24%Warning in validityMethod(object) :
Runs: |==============                                    |  27%Warning in validityMethod(object) :
Runs: |================                                  |  31%Warning in validityMethod(object) :
Runs: |=================                                 |  33%Warning in validityMethod(object) :
Runs: |====================                              |  39%Warning in validityMethod(object) :
Runs: |======================                            |  43%Warning in validityMethod(object) :
Runs: |========================                          |  47%Warning in validityMethod(object) :
Runs: |=========================                         |  51%Warning in validityMethod(object) :
Runs: |===========================                       |  55%Warning in validityMethod(object) :
Runs: |=============================                     |  59%Warning in validityMethod(object) :
Runs: |===============================                   |  63%Warning in validityMethod(object) :
Runs: |=================================                 |  67%Warning in validityMethod(object) :
Runs: |==================================                |  69%Warning in validityMethod(object) :
Runs: |===================================               |  71%Warning in validityMethod(object) :
Runs: |====================================              |  73%Warning in validityMethod(object) :
Runs: |=====================================             |  75%Warning in validityMethod(object) :
Runs: |======================================            |  76%Warning in validityMethod(object) :
Runs: |=======================================           |  78%Warning in validityMethod(object) :
Runs: |========================================          |  80%Warning in validityMethod(object) :
System time:
   user  system elapsed 
  2.099   0.089   2.233 
ℹ [2026-10-08 23:45:07.811726]: Keeping at most 10 NMF solutions with KLD within (1+RTOL) range of the best.
ℹ [2026-10-08 23:45:07.88714]: Running signature number 3 for bootstrapped catalog 7.
NMF algorithm: 'brunet'
Multiple runs: 50
Mode: parallel (2/10 core(s))
Runs: |==                                                |   4%Warning in validityMethod(object) :
Runs: |====                                              |   8%Warning in validityMethod(object) :
Runs: |======                                            |  12%Warning in validityMethod(object) :Warning in validityMethod(object) :

Runs: |========                                          |  16%Warning in validityMethod(object) :Warning in validityMethod(object) :
Runs: |==========                                        |  20%Warning in validityMethod(object) :
Runs: |============                                      |  24%Warning in validityMethod(object) :
Runs: |==============                                    |  27%Warning in validityMethod(object) :
Runs: |================                                  |  31%Warning in validityMethod(object) :
Runs: |==================                                |  35%Warning in validityMethod(object) :
Runs: |====================                              |  39%Warning in validityMethod(object) :
Runs: |======================                            |  43%Warning in validityMethod(object) :
Runs: |========================                          |  47%Warning in validityMethod(object) :
Runs: |=========================                         |  51%Warning in validityMethod(object) :Warning in validityMethod(object) :
Runs: |===========================                       |  55%Warning in validityMethod(object) :Warning in validityMethod(object) :

Runs: |=============================                     |  59%Warning in validityMethod(object) :
Runs: |===============================                   |  63%Warning in validityMethod(object) :
Runs: |=================================                 |  67%Warning in validityMethod(object) :
Runs: |===================================               |  71%Warning in validityMethod(object) :
Runs: |=====================================             |  75%Warning in validityMethod(object) :
Runs: |=======================================           |  78%Warning in validityMethod(object) :
System time:
   user  system elapsed 
  2.137   0.115   2.292 
ℹ [2026-10-08 23:45:10.267858]: Keeping at most 10 NMF solutions with KLD within (1+RTOL) range of the best.
ℹ [2026-10-08 23:45:10.338833]: Running signature number 3 for bootstrapped catalog 8.
NMF algorithm: 'brunet'
Multiple runs: 50
Mode: parallel (2/10 core(s))
Runs: |==                                                |   4%Warning in validityMethod(object) :
Runs: |====                                              |   8%Warning in validityMethod(object) :
Runs: |======                                            |  12%Warning in validityMethod(object) :
Runs: |========                                          |  16%Warning in validityMethod(object) :Warning in validityMethod(object) :
Runs: |==========                                        |  20%Warning in validityMethod(object) :
Runs: |============                                      |  24%Warning in validityMethod(object) :

Runs: |==============                                    |  27%Warning in validityMethod(object) :
Runs: |================                                  |  31%Warning in validityMethod(object) :
Runs: |==================                                |  35%Warning in validityMethod(object) :
Runs: |====================                              |  39%Warning in validityMethod(object) :Warning in validityMethod(object) :


Runs: |======================                            |  43%Warning in validityMethod(object) :
Runs: |========================                          |  47%Warning in validityMethod(object) :
Runs: |=========================                         |  51%Warning in validityMethod(object) :
Runs: |===========================                       |  55%Warning in validityMethod(object) :
Runs: |=============================                     |  59%Warning in validityMethod(object) :
Runs: |===============================                   |  63%Warning in validityMethod(object) :
Runs: |=================================                 |  67%Warning in validityMethod(object) :
Runs: |===================================               |  71%Warning in validityMethod(object) :
Runs: |=====================================             |  75%Warning in validityMethod(object) :
Runs: |======================================            |  76%Warning in validityMethod(object) :
Runs: |=======================================           |  78%Warning in validityMethod(object) :
System time:
   user  system elapsed 
  2.117   0.092   2.239 
ℹ [2026-10-08 23:45:12.657573]: Keeping at most 10 NMF solutions with KLD within (1+RTOL) range of the best.
ℹ [2026-10-08 23:45:12.730865]: Running signature number 3 for bootstrapped catalog 9.
NMF algorithm: 'brunet'
Multiple runs: 50
Mode: parallel (2/10 core(s))
Runs: |==                                                |   4%Warning in validityMethod(object) :Warning in validityMethod(object) :
 Warning in validityMethod(object) : Dimensions of W and H look strange [ncol(W)= 3 > ncol(H)= 1 ]

Runs: |====                                              |   8%Warning in validityMethod(object) :Warning in validityMethod(object) :
Runs: |======                                            |  12%Warning in validityMethod(object) :Warning in validityMethod(object) :

Runs: |========                                          |  16%Warning in validityMethod(object) :
Runs: |==========                                        |  20%Warning in validityMethod(object) :
Runs: |============                                      |  24%Warning in validityMethod(object) :
Runs: |==============                                    |  27%Warning in validityMethod(object) :
Runs: |================                                  |  31%Warning in validityMethod(object) :

Runs: |==================                                |  35%Warning in validityMethod(object) :
Runs: |====================                              |  39%Warning in validityMethod(object) :
Runs: |======================                            |  43%Warning in validityMethod(object) :
Runs: |========================                          |  47%Warning in validityMethod(object) :
Runs: |=========================                         |  51%Warning in validityMethod(object) :Warning in validityMethod(object) :
Runs: |===========================                       |  55%Warning in validityMethod(object) :
Runs: |=============================                     |  59%Warning in validityMethod(object) :
Runs: |===============================                   |  63%Warning in validityMethod(object) :
Runs: |=================================                 |  67%Warning in validityMethod(object) :
Runs: |===================================               |  71%Warning in validityMethod(object) :
Runs: |=====================================             |  75%Warning in validityMethod(object) :
Runs: |=======================================           |  78%Warning in validityMethod(object) :
System time:
   user  system elapsed 
  2.115   0.088   2.240 
ℹ [2026-10-08 23:45:15.053201]: Keeping at most 10 NMF solutions with KLD within (1+RTOL) range of the best.
ℹ [2026-10-08 23:45:15.124535]: Running signature number 3 for bootstrapped catalog 10.
NMF algorithm: 'brunet'
Multiple runs: 50
Mode: parallel (2/10 core(s))
Runs: |==                                                |   4%Warning in validityMethod(object) :
Runs: |====                                              |   8%Warning in validityMethod(object) :
Runs: |======                                            |  12%Warning in validityMethod(object) :
Runs: |========                                          |  16%Warning in validityMethod(object) :
Runs: |==========                                        |  20%Warning in validityMethod(object) :
 Warning in validityMethod(object) : Dimensions of W and H look strange [ncol(W)= 3 > ncol(H)= 1 ]

Runs: |============                                      |  24%Warning in validityMethod(object) :
Runs: |==============                                    |  27%Warning in validityMethod(object) :
Runs: |===============                                   |  29%Warning in validityMethod(object) :
Runs: |==================                                |  35%Warning in validityMethod(object) :
Runs: |====================                              |  39%Warning in validityMethod(object) :
Runs: |======================                            |  43%Warning in validityMethod(object) :
Runs: |========================                          |  47%Warning in validityMethod(object) :
Runs: |=========================                         |  51%Warning in validityMethod(object) :Warning in validityMethod(object) :
Runs: |===========================                       |  55%Warning in validityMethod(object) :

Runs: |=============================                     |  59%Warning in validityMethod(object) :
Runs: |===============================                   |  63%Warning in validityMethod(object) :
Runs: |=================================                 |  67%Warning in validityMethod(object) :
Runs: |===================================               |  71%Warning in validityMethod(object) :
Runs: |=====================================             |  75%Warning in validityMethod(object) :
Runs: |=======================================           |  78%Warning in validityMethod(object) :
System time:
   user  system elapsed 
  2.127   0.091   2.254 
ℹ [2026-10-08 23:45:17.46611]: Keeping at most 10 NMF solutions with KLD within (1+RTOL) range of the best.
ℹ [2026-10-08 23:45:17.540035]: Running signature number 3 for bootstrapped catalog 11.
NMF algorithm: 'brunet'
Multiple runs: 50
Mode: parallel (2/10 core(s))
Runs: |==                                                |   4%Warning in validityMethod(object) :
Runs: |====                                              |   8%Warning in validityMethod(object) :
Runs: |======                                            |  12%Warning in validityMethod(object) :
Runs: |=======                                           |  14%Warning in validityMethod(object) :
 Warning in validityMethod(object) : Dimensions of W and H look strange [ncol(W)= 3 > ncol(H)= 1 ]

Runs: |==========                                        |  20%Warning in validityMethod(object) :
Runs: |============                                      |  24%Warning in validityMethod(object) :
Runs: |==============                                    |  27%Warning in validityMethod(object) :
Runs: |================                                  |  31%Warning in validityMethod(object) :
Runs: |==================                                |  35%Warning in validityMethod(object) :

Runs: |====================                              |  39%Warning in validityMethod(object) :
Runs: |======================                            |  43%Warning in validityMethod(object) :
Runs: |========================                          |  47%Warning in validityMethod(object) :Warning in validityMethod(object) :
Runs: |=========================                         |  51%Warning in validityMethod(object) :
Runs: |===========================                       |  55%Warning in validityMethod(object) :
Runs: |=============================                     |  59%Warning in validityMethod(object) :
Runs: |===============================                   |  63%Warning in validityMethod(object) :
Runs: |=================================                 |  67%Warning in validityMethod(object) :
Runs: |===================================               |  71%Warning in validityMethod(object) :
Runs: |=====================================             |  75%Warning in validityMethod(object) :
Runs: |=======================================           |  78%Warning in validityMethod(object) :
System time:
   user  system elapsed 
  2.128   0.083   2.247 
ℹ [2026-10-08 23:45:19.873]: Keeping at most 10 NMF solutions with KLD within (1+RTOL) range of the best.
ℹ [2026-10-08 23:45:19.951305]: Running signature number 3 for bootstrapped catalog 12.
NMF algorithm: 'brunet'
Multiple runs: 50
Mode: parallel (2/10 core(s))
Runs: |==                                                |   4%Warning in validityMethod(object) :
Runs: |====                                              |   8%Warning in validityMethod(object) :
Runs: |======                                            |  12%Warning in validityMethod(object) :
Runs: |========                                          |  16%Warning in validityMethod(object) :
Runs: |==========                                        |  20%Warning in validityMethod(object) :
Runs: |============                                      |  24%Warning in validityMethod(object) :
Runs: |==============                                    |  27%Warning in validityMethod(object) :
Runs: |================                                  |  31%Warning in validityMethod(object) :
Runs: |==================                                |  35%Warning in validityMethod(object) :
Runs: |====================                              |  39%Warning in validityMethod(object) :
Runs: |======================                            |  43%Warning in validityMethod(object) :
Runs: |========================                          |  47%Warning in validityMethod(object) :
Runs: |=========================                         |  51%Warning in validityMethod(object) :
Runs: |===========================                       |  55%Warning in validityMethod(object) :
Runs: |=============================                     |  59%Warning in validityMethod(object) :
Runs: |===============================                   |  63%Warning in validityMethod(object) :
Runs: |=================================                 |  67%Warning in validityMethod(object) :
Runs: |===================================               |  71%Warning in validityMethod(object) :
Runs: |=====================================             |  75%Warning in validityMethod(object) :
Runs: |=======================================           |  78%Warning in validityMethod(object) :
Runs: |========================================          |  80%Warning in validityMethod(object) :
System time:
   user  system elapsed 
  2.117   0.093   2.245 
ℹ [2026-10-08 23:45:22.283776]: Keeping at most 10 NMF solutions with KLD within (1+RTOL) range of the best.
ℹ [2026-10-08 23:45:22.358433]: Running signature number 3 for bootstrapped catalog 13.
NMF algorithm: 'brunet'
Multiple runs: 50
Mode: parallel (2/10 core(s))
Runs: |==                                                |   4%Warning in validityMethod(object) :Warning in validityMethod(object) :
Runs: |====                                              |   8%Warning in validityMethod(object) :
Runs: |======                                            |  12%Warning in validityMethod(object) :
Runs: |========                                          |  16%Warning in validityMethod(object) :
Runs: |==========                                        |  20%Warning in validityMethod(object) :
Runs: |============                                      |  24%Warning in validityMethod(object) :
Runs: |==============                                    |  27%Warning in validityMethod(object) :
Runs: |================                                  |  31%Warning in validityMethod(object) :Warning in validityMethod(object) :
Runs: |==================                                |  35%Warning in validityMethod(object) :


Runs: |====================                              |  39%Warning in validityMethod(object) :
Runs: |======================                            |  43%Warning in validityMethod(object) :
Runs: |========================                          |  47%Warning in validityMethod(object) :
Runs: |=========================                         |  51%Warning in validityMethod(object) :
Runs: |===========================                       |  55%Warning in validityMethod(object) :
Runs: |=============================                     |  59%Warning in validityMethod(object) :Warning in validityMethod(object) :
Runs: |===============================                   |  63%Warning in validityMethod(object) :
Runs: |=================================                 |  67%Warning in validityMethod(object) :
Runs: |===================================               |  71%Warning in validityMethod(object) :
Runs: |=====================================             |  75%Warning in validityMethod(object) :

Runs: |=======================================           |  78%Warning in validityMethod(object) :Warning in validityMethod(object) :
System time:
   user  system elapsed 
  2.115   0.090   2.246 
ℹ [2026-10-08 23:45:24.688256]: Keeping at most 10 NMF solutions with KLD within (1+RTOL) range of the best.
ℹ [2026-10-08 23:45:24.76307]: Running signature number 3 for bootstrapped catalog 14.
NMF algorithm: 'brunet'
Multiple runs: 50
Mode: parallel (2/10 core(s))
Runs: |==                                                |   4%Warning in validityMethod(object) :Warning in validityMethod(object) :

Runs: |====                                              |   8%Warning in validityMethod(object) :
Runs: |======                                            |  12%Warning in validityMethod(object) :
Runs: |========                                          |  16%Warning in validityMethod(object) :
Runs: |==========                                        |  20%Warning in validityMethod(object) :
Runs: |============                                      |  24%Warning in validityMethod(object) :
Runs: |==============                                    |  27%Warning in validityMethod(object) :
Runs: |================                                  |  31%Warning in validityMethod(object) :
Runs: |==================                                |  35%Warning in validityMethod(object) :Warning in validityMethod(object) :
Runs: |====================                              |  39%Warning in validityMethod(object) :
Runs: |======================                            |  43%Warning in validityMethod(object) :
Runs: |========================                          |  47%Warning in validityMethod(object) :
Runs: |=========================                         |  51%Warning in validityMethod(object) :
Runs: |===========================                       |  55%Warning in validityMethod(object) :
Runs: |=============================                     |  59%Warning in validityMethod(object) :
Runs: |===============================                   |  63%Warning in validityMethod(object) :
Runs: |=================================                 |  67%Warning in validityMethod(object) :
Runs: |===================================               |  71%Warning in validityMethod(object) :

Runs: |=====================================             |  75%Warning in validityMethod(object) :
Runs: |=======================================           |  78%Warning in validityMethod(object) :
System time:
   user  system elapsed 
  2.113   0.096   2.247 
ℹ [2026-10-08 23:45:27.092975]: Keeping at most 10 NMF solutions with KLD within (1+RTOL) range of the best.
ℹ [2026-10-08 23:45:27.165878]: Running signature number 3 for bootstrapped catalog 15.
NMF algorithm: 'brunet'
Multiple runs: 50
Mode: parallel (2/10 core(s))
Runs: |==                                                |   4%Warning in validityMethod(object) :
Runs: |====                                              |   8%Warning in validityMethod(object) :Warning in validityMethod(object) :
Runs: |======                                            |  12%Warning in validityMethod(object) :
Runs: |========                                          |  16%Warning in validityMethod(object) :
Runs: |==========                                        |  20%Warning in validityMethod(object) :
Runs: |============                                      |  24%Warning in validityMethod(object) :

Runs: |==============                                    |  27%Warning in validityMethod(object) :
Runs: |================                                  |  31%Warning in validityMethod(object) :
Runs: |==================                                |  35%Warning in validityMethod(object) :
Runs: |====================                              |  39%Warning in validityMethod(object) :
Runs: |======================                            |  43%Warning in validityMethod(object) :
Runs: |========================                          |  47%Warning in validityMethod(object) :
Runs: |=========================                         |  51%Warning in validityMethod(object) :
Runs: |===========================                       |  55%Warning in validityMethod(object) :
Runs: |=============================                     |  59%Warning in validityMethod(object) :
Runs: |==============================                    |  61%Warning in validityMethod(object) :
Runs: |===============================                   |  63%Warning in validityMethod(object) :
Runs: |================================                  |  65%Warning in validityMethod(object) :
Runs: |=================================                 |  67%Warning in validityMethod(object) :
Runs: |===================================               |  71%Warning in validityMethod(object) :
Runs: |====================================              |  73%Warning in validityMethod(object) :
Runs: |=====================================             |  75%Warning in validityMethod(object) :
Runs: |=======================================           |  78%Warning in validityMethod(object) :


System time:
   user  system elapsed 
  2.114   0.087   2.237 
ℹ [2026-10-08 23:45:29.481637]: Keeping at most 10 NMF solutions with KLD within (1+RTOL) range of the best.
ℹ [2026-10-08 23:45:29.55503]: Running signature number 3 for bootstrapped catalog 16.
NMF algorithm: 'brunet'
Multiple runs: 50
Mode: parallel (2/10 core(s))
Runs: |==                                                |   4%Warning in validityMethod(object) :Warning in validityMethod(object) :
Runs: |====                                              |   8%Warning in validityMethod(object) :
Runs: |======                                            |  12%Warning in validityMethod(object) :
Runs: |========                                          |  16%Warning in validityMethod(object) :

Runs: |==========                                        |  20%Warning in validityMethod(object) :
Runs: |============                                      |  24%Warning in validityMethod(object) :
Runs: |==============                                    |  27%Warning in validityMethod(object) :
Runs: |===============                                   |  29%Warning in validityMethod(object) :
Runs: |================                                  |  31%Warning in validityMethod(object) :
Runs: |=================                                 |  33%Warning in validityMethod(object) :
Runs: |==================                                |  35%Warning in validityMethod(object) :
Runs: |===================                               |  37%Warning in validityMethod(object) :
Runs: |====================                              |  39%Warning in validityMethod(object) :
Runs: |=====================                             |  41%Warning in validityMethod(object) :
Runs: |======================                            |  43%Warning in validityMethod(object) :
Runs: |=======================                           |  45%Warning in validityMethod(object) :
Runs: |========================                          |  47%Warning in validityMethod(object) :
Runs: |=========================                         |  49%Warning in validityMethod(object) :
Runs: |=========================                         |  51%Warning in validityMethod(object) :
Runs: |==========================                        |  53%Warning in validityMethod(object) :
Runs: |===========================                       |  55%Warning in validityMethod(object) :
Runs: |============================                      |  57%Warning in validityMethod(object) :
Runs: |=============================                     |  59%Warning in validityMethod(object) :
Runs: |==============================                    |  61%Warning in validityMethod(object) :
Runs: |===============================                   |  63%Warning in validityMethod(object) :
Runs: |================================                  |  65%Warning in validityMethod(object) :
Runs: |=================================                 |  67%Warning in validityMethod(object) :
Runs: |==================================                |  69%Warning in validityMethod(object) :
Runs: |===================================               |  71%Warning in validityMethod(object) :
Runs: |====================================              |  73%Warning in validityMethod(object) :
Runs: |=====================================             |  75%Warning in validityMethod(object) :
Runs: |======================================            |  76%Warning in validityMethod(object) :
Runs: |=======================================           |  78%Warning in validityMethod(object) :
Runs: |========================================          |  80%Warning in validityMethod(object) :
System time:
   user  system elapsed 
  2.071   0.101   2.230 
ℹ [2026-10-08 23:45:31.866561]: Keeping at most 10 NMF solutions with KLD within (1+RTOL) range of the best.
ℹ [2026-10-08 23:45:31.936692]: Running signature number 3 for bootstrapped catalog 17.
NMF algorithm: 'brunet'
Multiple runs: 50
Mode: parallel (2/10 core(s))
Runs: |==                                                |   4%Warning in validityMethod(object) :Warning in validityMethod(object) :
Runs: |====                                              |   8%Warning in validityMethod(object) :
Runs: |======                                            |  12%Warning in validityMethod(object) :
Runs: |========                                          |  16%Warning in validityMethod(object) :
Runs: |==========                                        |  20%Warning in validityMethod(object) :
Runs: |============                                      |  24%Warning in validityMethod(object) :Warning in validityMethod(object) :
Runs: |==============                                    |  27%Warning in validityMethod(object) :
Runs: |================                                  |  31%Warning in validityMethod(object) :
Runs: |==================                                |  35%Warning in validityMethod(object) :
Runs: |====================                              |  39%Warning in validityMethod(object) :
Runs: |======================                            |  43%Warning in validityMethod(object) :
Runs: |========================                          |  47%Warning in validityMethod(object) :
Runs: |=========================                         |  51%Warning in validityMethod(object) :

Runs: |===========================                       |  55%Warning in validityMethod(object) :
Runs: |=============================                     |  59%Warning in validityMethod(object) :
Runs: |===============================                   |  63%Warning in validityMethod(object) :
Runs: |=================================                 |  67%Warning in validityMethod(object) :
Runs: |===================================               |  71%Warning in validityMethod(object) :
Runs: |=====================================             |  75%Warning in validityMethod(object) :
Runs: |=======================================           |  78%Warning in validityMethod(object) :
System time:
   user  system elapsed 
  2.140   0.092   2.273 
ℹ [2026-10-08 23:45:34.301786]: Keeping at most 10 NMF solutions with KLD within (1+RTOL) range of the best.
ℹ [2026-10-08 23:45:34.376874]: Running signature number 3 for bootstrapped catalog 18.
NMF algorithm: 'brunet'
Multiple runs: 50
Mode: parallel (2/10 core(s))
Runs: |==                                                |   4%Warning in validityMethod(object) :
Runs: |====                                              |   8%Warning in validityMethod(object) :Warning in validityMethod(object) :
Runs: |======                                            |  12%Warning in validityMethod(object) :
Runs: |========                                          |  16%Warning in validityMethod(object) :
Runs: |==========                                        |  20%Warning in validityMethod(object) :
Runs: |============                                      |  24%Warning in validityMethod(object) :
Runs: |==============                                    |  27%Warning in validityMethod(object) :
Runs: |================                                  |  31%Warning in validityMethod(object) :
Runs: |==================                                |  35%Warning in validityMethod(object) :
Runs: |====================                              |  39%Warning in validityMethod(object) :Warning in validityMethod(object) :

Runs: |======================                            |  43%Warning in validityMethod(object) :

Runs: |========================                          |  47%Warning in validityMethod(object) :Warning in validityMethod(object) :
Runs: |=========================                         |  51%Warning in validityMethod(object) :
Runs: |===========================                       |  55%Warning in validityMethod(object) :
Runs: |=============================                     |  59%Warning in validityMethod(object) :
Runs: |===============================                   |  63%Warning in validityMethod(object) :
Runs: |=================================                 |  67%Warning in validityMethod(object) :
Runs: |===================================               |  71%Warning in validityMethod(object) :
Runs: |=====================================             |  75%Warning in validityMethod(object) :
Runs: |=======================================           |  78%Warning in validityMethod(object) :

[... +490 suppressed of storm shape 'Runs: |========================================= ...]
System time:
   user  system elapsed 
  2.137   0.097   2.274 
ℹ [2026-10-08 23:45:36.74047]: Keeping at most 10 NMF solutions with KLD within (1+RTOL) range of the best.
ℹ [2026-10-08 23:45:36.816006]: Running signature number 3 for bootstrapped catalog 19.
NMF algorithm: 'brunet'
Multiple runs: 50
Mode: parallel (2/10 core(s))
Runs: |==                                                |   4%Warning in validityMethod(object) :Warning in validityMethod(object) :
Runs: |====                                              |   8%Warning in validityMethod(object) :Warning in validityMethod(object) :
Runs: |======                                            |  12%Warning in validityMethod(object) :
Runs: |========                                          |  16%Warning in validityMethod(object) :
Runs: |==========                                        |  20%Warning in validityMethod(object) :
Runs: |============                                      |  24%Warning in validityMethod(object) :
Runs: |==============                                    |  27%Warning in validityMethod(object) :
Runs: |================                                  |  31%Warning in validityMethod(object) :

Runs: |==================                                |  35%Warning in validityMethod(object) :

Runs: |====================                              |  39%Warning in validityMethod(object) :
Runs: |======================                            |  43%Warning in validityMethod(object) :Warning in validityMethod(object) :
Runs: |========================                          |  47%Warning in validityMethod(object) :
Runs: |=========================                         |  51%Warning in validityMethod(object) :
Runs: |===========================                       |  55%Warning in validityMethod(object) :
Runs: |=============================                     |  59%Warning in validityMethod(object) :
Runs: |===============================                   |  63%Warning in validityMethod(object) :
Runs: |=================================                 |  67%Warning in validityMethod(object) :

Runs: |===================================               |  71%Warning in validityMethod(object) :
Runs: |=====================================             |  75%Warning in validityMethod(object) :
Runs: |=======================================           |  78%Warning in validityMethod(object) :
Runs: |========================================          |  80%Warning in validityMethod(object) :
System time:
   user  system elapsed 
  2.144   0.087   2.264 
ℹ [2026-10-08 23:45:39.168801]: Keeping at most 10 NMF solutions with KLD within (1+RTOL) range of the best.
ℹ [2026-10-08 23:45:39.241899]: Running signature number 3 for bootstrapped catalog 20.
NMF algorithm: 'brunet'
Multiple runs: 50
Mode: parallel (2/10 core(s))
Runs: |==                                                |   4%Warning in validityMethod(object) :
Runs: |====                                              |   8%Warning in validityMethod(object) :
Runs: |======                                            |  12%Warning in validityMethod(object) :
Runs: |========                                          |  16%Warning in validityMethod(object) :
Runs: |==========                                        |  20%Warning in validityMethod(object) :Warning in validityMethod(object) :
Runs: |============                                      |  24%Warning in validityMethod(object) :
 Warning in validityMethod(object) :
Runs: |==============                                    |  27%Warning in validityMethod(object) :
Runs: |================                                  |  31%Warning in validityMethod(object) :
 Warning in validityMethod(object) : Dimensions of W and H look strange [ncol(W)= 3 > ncol(H)= 1 ]

Runs: |==================                                |  35%Warning in validityMethod(object) :Warning in validityMethod(object) :
Runs: |===================                               |  37%Warning in validityMethod(object) :Warning in validityMethod(object) :

Runs: |======================                            |  43%Warning in validityMethod(object) :
Runs: |========================                          |  47%Warning in validityMethod(object) :
Runs: |=========================                         |  51%Warning in validityMethod(object) :
Runs: |===========================                       |  55%Warning in validityMethod(object) :
Runs: |=============================                     |  59%Warning in validityMethod(object) :
Runs: |===============================                   |  63%Warning in validityMethod(object) :
Runs: |=================================                 |  67%Warning in validityMethod(object) :
Runs: |===================================               |  71%Warning in validityMethod(object) :
Runs: |=====================================             |  75%Warning in validityMethod(object) :
[... +8553 suppressed of storm shape 'Warning in validityMethod(object) : ...]
Runs: |=======================================           |  78%Warning in validityMethod(object) :
[... +11371 suppressed of storm shape '  Dimensions of W and H look strange [ncol(W)= 9 ...]
System time:
   user  system elapsed 
  2.146   0.082   2.270 
ℹ [2026-10-08 23:45:41.596545]: Keeping at most 10 NMF solutions with KLD within (1+RTOL) range of the best.
ℹ [2026-10-08 23:45:41.672166]: Reading NMF run files...
✔ [2026-10-08 23:45:41.67717]: Read successfully.
✔ [2026-10-08 23:45:41.677985]: NMF run files deleted.
✔ [2026-10-08 23:45:41.678516]: Done for this signature number. Current memory size used: 115MB
ℹ [2026-10-08 23:45:41.784944]: Extracting 4 signatures on 20 bootstrapped catalogs with 50 NMF runs for each.
ℹ [2026-10-08 23:45:41.785931]: Running signature number 4 for bootstrapped catalog 1.
NMF algorithm: 'brunet'
Multiple runs: 50
Mode: parallel (2/10 core(s))
Runs: |==                                                |   4%Warning in validityMethod(object) :
Runs: |====                                              |   8%Warning in validityMethod(object) :
Runs: |======                                            |  12%Warning in validityMethod(object) :
Runs: |========                                          |  16%Warning in validityMethod(object) :
Runs: |==========                                        |  20%Warning in validityMethod(object) :
Runs: |============                                      |  24%Warning in validityMethod(object) :
Runs: |==============                                    |  27%Warning in validityMethod(object) :
Runs: |================                                  |  31%Warning in validityMethod(object) :
Runs: |==================                                |  35%Warning in validityMethod(object) :
Runs: |====================                              |  39%Warning in validityMethod(object) :
Runs: |======================                            |  43%Warning in validityMethod(object) :
Runs: |========================                          |  47%Warning in validityMethod(object) :Warning in validityMethod(object) :
Runs: |=========================                         |  51%Warning in validityMethod(object) :
Runs: |===========================                       |  55%Warning in validityMethod(object) :
Runs: |=============================                     |  59%Warning in validityMethod(object) :
Runs: |==============================                    |  61%Warning in validityMethod(object) :
Runs: |===============================                   |  63%Warning in validityMethod(object) :
Runs: |=================================                 |  67%Warning in validityMethod(object) :
Runs: |===================================               |  71%Warning in validityMethod(object) :
Runs: |=====================================             |  75%Warning in validityMethod(object) :
Runs: |=======================================           |  78%Warning in validityMethod(object) :
Runs: |========================================          |  80%Warning in validityMethod(object) :
System time:
   user  system elapsed 
  2.127   0.092   2.248 
ℹ [2026-10-08 23:45:44.114733]: Keeping at most 10 NMF solutions with KLD within (1+RTOL) range of the best.
ℹ [2026-10-08 23:45:44.186032]: Running signature number 4 for bootstrapped catalog 2.
NMF algorithm: 'brunet'
Multiple runs: 50
Mode: parallel (2/10 core(s))
Runs: |==                                                |   4%Warning in validityMethod(object) :
Runs: |====                                              |   8%Warning in validityMethod(object) :
Runs: |======                                            |  12%Warning in validityMethod(object) :
Runs: |========                                          |  16%Warning in validityMethod(object) :
Runs: |==========                                        |  20%Warning in validityMethod(object) :
Runs: |============                                      |  24%Warning in validityMethod(object) :
Runs: |==============                                    |  27%Warning in validityMethod(object) :
Runs: |================                                  |  31%Warning in validityMethod(object) :
Runs: |==================                                |  35%Warning in validityMethod(object) :
Runs: |====================                              |  39%Warning in validityMethod(object) :
Runs: |======================                            |  43%Warning in validityMethod(object) :
Runs: |=======================                           |  45%Warning in validityMethod(object) :
Runs: |========================                          |  47%Warning in validityMethod(object) :
Runs: |=========================                         |  49%Warning in validityMethod(object) :
Runs: |=========================                         |  51%Warning in validityMethod(object) :
Runs: |===========================                       |  55%Warning in validityMethod(object) :
Runs: |============================                      |  57%Warning in validityMethod(object) :
Runs: |=============================                     |  59%Warning in validityMethod(object) :
Runs: |==============================                    |  61%Warning in validityMethod(object) :
Runs: |===============================                   |  63%Warning in validityMethod(object) :
Runs: |================================                  |  65%Warning in validityMethod(object) :
Runs: |=================================                 |  67%Warning in validityMethod(object) :
Runs: |==================================                |  69%Warning in validityMethod(object) :
Runs: |===================================               |  71%Warning in validityMethod(object) :
Runs: |====================================              |  73%Warning in validityMethod(object) :
Runs: |=====================================             |  75%Warning in validityMethod(object) :
Runs: |======================================            |  76%Warning in validityMethod(object) :
Runs: |=======================================           |  78%Warning in validityMethod(object) :
Runs: |========================================          |  80%Warning in validityMethod(object) :
System time:
   user  system elapsed 
  2.136   0.084   2.247 
ℹ [2026-10-08 23:45:46.515844]: Keeping at most 10 NMF solutions with KLD within (1+RTOL) range of the best.
ℹ [2026-10-08 23:45:46.585355]: Running signature number 4 for bootstrapped catalog 3.
NMF algorithm: 'brunet'
Multiple runs: 50
Mode: parallel (2/10 core(s))
Runs: |==                                                |   4%Warning in validityMethod(object) :Warning in validityMethod(object) :
Runs: |====                                              |   8%Warning in validityMethod(object) :

[... +489 suppressed of storm shape '  ...]
[... +492 suppressed of storm shape ' Dimensions of W and H look strange [ncol(W)= 9  ...]
Runs: |======                                            |  12%Warning in validityMethod(object) :
Runs: |========                                          |  16%Warning in validityMethod(object) :Warning in validityMethod(object) :
Runs: |==========                                        |  20%Warning in validityMethod(object) :
Runs: |============                                      |  24%Warning in validityMethod(object) :
Runs: |==============                                    |  27%Warning in validityMethod(object) :
Runs: |================                                  |  31%Warning in validityMethod(object) :
Runs: |==================                                |  35%Warning in validityMethod(object) :Warning in validityMethod(object) :
[... +440 suppressed of storm shape 'Warning in validityMethod(object) :Warning in va ...]
Runs: |====================                              |  39%Warning in validityMethod(object) :

Runs: |======================                            |  43%Warning in validityMethod(object) :
Runs: |========================                          |  47%Warning in validityMethod(object) :
Runs: |=========================                         |  51%Warning in validityMethod(object) :
Runs: |===========================                       |  55%Warning in validityMethod(object) :
Runs: |=============================                     |  59%Warning in validityMethod(object) :
Runs: |===============================                   |  63%Warning in validityMethod(object) :
Runs: |=================================                 |  67%Warning in validityMethod(object) :
Runs: |===================================               |  71%Warning in validityMethod(object) :
Runs: |=====================================             |  75%Warning in validityMethod(object) :
Runs: |=======================================           |  78%Warning in validityMethod(object) :

System time:
   user  system elapsed 
  2.148   0.098   2.284 
ℹ [2026-10-08 23:45:48.956907]: Keeping at most 10 NMF solutions with KLD within (1+RTOL) range of the best.
ℹ [2026-10-08 23:45:49.030967]: Running signature number 4 for bootstrapped catalog 4.
NMF algorithm: 'brunet'
Multiple runs: 50
Mode: parallel (2/10 core(s))
Runs: |==                                                |   4%Warning in validityMethod(object) :Warning in validityMethod(object) :

Runs: |====                                              |   8%Warning in validityMethod(object) :
Runs: |======                                            |  12%Warning in validityMethod(object) :
Runs: |=======                                           |  14%Warning in validityMethod(object) :
Runs: |==========                                        |  20%Warning in validityMethod(object) :
Runs: |============                                      |  24%Warning in validityMethod(object) :
Runs: |==============                                    |  27%Warning in validityMethod(object) :
Runs: |================                                  |  31%Warning in validityMethod(object) :
Runs: |==================                                |  35%Warning in validityMethod(object) :
Runs: |====================                              |  39%Warning in validityMethod(object) :
Runs: |======================                            |  43%Warning in validityMethod(object) :
Runs: |========================                          |  47%Warning in validityMethod(object) :
Runs: |=========================                         |  51%Warning in validityMethod(object) :Warning in validityMethod(object) :
Runs: |===========================                       |  55%Warning in validityMethod(object) :
Runs: |=============================                     |  59%Warning in validityMethod(object) :
Runs: |===============================                   |  63%Warning in validityMethod(object) :
Runs: |=================================                 |  67%Warning in validityMethod(object) :
Runs: |===================================               |  71%Warning in validityMethod(object) :
Runs: |=====================================             |  75%Warning in validityMethod(object) :
Runs: |=======================================           |  78%Warning in validityMethod(object) :
System time:
   user  system elapsed 
  2.137   0.087   2.269 
ℹ [2026-10-08 23:45:51.387372]: Keeping at most 10 NMF solutions with KLD within (1+RTOL) range of the best.
ℹ [2026-10-08 23:45:51.463124]: Running signature number 4 for bootstrapped catalog 5.
NMF algorithm: 'brunet'
Multiple runs: 50
Mode: parallel (2/10 core(s))
Runs: |==                                                |   4%Warning in validityMethod(object) :Warning in validityMethod(object) :
Runs: |====                                              |   8%Warning in validityMethod(object) :
Runs: |======                                            |  12%Warning in validityMethod(object) :
Runs: |========                                          |  16%Warning in validityMethod(object) :
Runs: |==========                                        |  20%Warning in validityMethod(object) :
Runs: |============                                      |  24%Warning in validityMethod(object) :
Runs: |==============                                    |  27%Warning in validityMethod(object) :
Runs: |================                                  |  31%Warning in validityMethod(object) :
Runs: |==================                                |  35%Warning in validityMethod(object) :
Runs: |====================                              |  39%Warning in validityMethod(object) :
Runs: |======================                            |  43%Warning in validityMethod(object) :
Runs: |========================                          |  47%Warning in validityMethod(object) :
Runs: |=========================                         |  51%Warning in validityMethod(object) :
Runs: |===========================                       |  55%Warning in validityMethod(object) :
Runs: |=============================                     |  59%Warning in validityMethod(object) :
Runs: |===============================                   |  63%Warning in validityMethod(object) :Warning in validityMethod(object) :

Runs: |=================================                 |  67%Warning in validityMethod(object) :
Runs: |===================================               |  71%Warning in validityMethod(object) :
Runs: |=====================================             |  75%Warning in validityMethod(object) :Warning in validityMethod(object) :
Runs: |=======================================           |  78%Warning in validityMethod(object) :

System time:
   user  system elapsed 
  2.185   0.101   2.325 
ℹ [2026-10-08 23:45:53.875871]: Keeping at most 10 NMF solutions with KLD within (1+RTOL) range of the best.
ℹ [2026-10-08 23:45:53.945983]: Running signature number 4 for bootstrapped catalog 6.
NMF algorithm: 'brunet'
Multiple runs: 50
Mode: parallel (2/10 core(s))
Runs: |==                                                |   4%Warning in validityMethod(object) :Warning in validityMethod(object) :
Runs: |====                                              |   8%Warning in validityMethod(object) :Warning in validityMethod(object) :
Runs: |=====                                             |  10%Warning in validityMethod(object) :
Runs: |========                                          |  16%Warning in validityMethod(object) :
Runs: |==========                                        |  20%Warning in validityMethod(object) :
Runs: |============                                      |  24%Warning in validityMethod(object) :
Runs: |==============                                    |  27%Warning in validityMethod(object) :Warning in validityMethod(object) :

Runs: |================                                  |  31%Warning in validityMethod(object) :

Runs: |==================                                |  35%Warning in validityMethod(object) :
Runs: |====================                              |  39%Warning in validityMethod(object) :

Runs: |======================                            |  43%Warning in validityMethod(object) :
Runs: |========================                          |  47%Warning in validityMethod(object) :
Runs: |=========================                         |  51%Warning in validityMethod(object) :
Runs: |===========================                       |  55%Warning in validityMethod(object) :
Runs: |=============================                     |  59%Warning in validityMethod(object) :
Runs: |===============================                   |  63%Warning in validityMethod(object) :
Runs: |=================================                 |  67%Warning in validityMethod(object) :

Runs: |===================================               |  71%Warning in validityMethod(object) :
 Warning in validityMethod(object) : Dimensions of W and H look strange [ncol(W)= 4 > ncol(H)= 1 ]

Runs: |=====================================             |  75%Warning in validityMethod(object) :
Runs: |=======================================           |  78%Warning in validityMethod(object) :
System time:
   user  system elapsed 
  2.136   0.091   2.269 
ℹ [2026-10-08 23:45:56.300697]: Keeping at most 10 NMF solutions with KLD within (1+RTOL) range of the best.
ℹ [2026-10-08 23:45:56.378144]: Running signature number 4 for bootstrapped catalog 7.
NMF algorithm: 'brunet'
Multiple runs: 50
Mode: parallel (2/10 core(s))
Runs: |==                                                |   4%Warning in validityMethod(object) :Warning in validityMethod(object) :
Runs: |====                                              |   8%Warning in validityMethod(object) :
Runs: |======                                            |  12%Warning in validityMethod(object) :
Runs: |========                                          |  16%Warning in validityMethod(object) :Warning in validityMethod(object) :
Runs: |==========                                        |  20%Warning in validityMethod(object) :
Runs: |============                                      |  24%Warning in validityMethod(object) :
Runs: |==============                                    |  27%Warning in validityMethod(object) :
Runs: |================                                  |  31%Warning in validityMethod(object) :
Runs: |==================                                |  35%Warning in validityMethod(object) :
Runs: |====================                              |  39%Warning in validityMethod(object) :
Runs: |======================                            |  43%Warning in validityMethod(object) :
Runs: |========================                          |  47%Warning in validityMethod(object) :
Runs: |=========================                         |  51%Warning in validityMethod(object) :
Runs: |===========================                       |  55%Warning in validityMethod(object) :
Runs: |=============================                     |  59%Warning in validityMethod(object) :
Runs: |===============================                   |  63%Warning in validityMethod(object) :
Runs: |=================================                 |  67%Warning in validityMethod(object) :
Runs: |===================================               |  71%Warning in validityMethod(object) :
Runs: |=====================================             |  75%Warning in validityMethod(object) :

Runs: |=======================================           |  78%Warning in validityMethod(object) :

System time:
   user  system elapsed 
  2.128   0.098   2.268 
ℹ [2026-10-08 23:45:58.732906]: Keeping at most 10 NMF solutions with KLD within (1+RTOL) range of the best.
ℹ [2026-10-08 23:45:58.809393]: Running signature number 4 for bootstrapped catalog 8.
NMF algorithm: 'brunet'
Multiple runs: 50
Mode: parallel (2/10 core(s))
Runs: |==                                                |   4%Warning in validityMethod(object) :
Runs: |====                                              |   8%Warning in validityMethod(object) :
Runs: |======                                            |  12%Warning in validityMethod(object) :
Runs: |========                                          |  16%Warning in validityMethod(object) :
Runs: |==========                                        |  20%Warning in validityMethod(object) :
Runs: |============                                      |  24%Warning in validityMethod(object) :Warning in validityMethod(object) :
Runs: |==============                                    |  27%Warning in validityMethod(object) :
Runs: |================                                  |  31%Warning in validityMethod(object) :
Runs: |==================                                |  35%Warning in validityMethod(object) :
Runs: |====================                              |  39%Warning in validityMethod(object) :
Runs: |======================                            |  43%Warning in validityMethod(object) :
Runs: |========================                          |  47%Warning in validityMethod(object) :

Runs: |=========================                         |  51%Warning in validityMethod(object) :
Runs: |===========================                       |  55%Warning in validityMethod(object) :
Runs: |=============================                     |  59%Warning in validityMethod(object) :
Runs: |===============================                   |  63%Warning in validityMethod(object) :
Runs: |=================================                 |  67%Warning in validityMethod(object) :
Runs: |===================================               |  71%Warning in validityMethod(object) :
Runs: |=====================================             |  75%Warning in validityMethod(object) :
Runs: |=======================================           |  78%Warning in validityMethod(object) :

System time:
   user  system elapsed 
  2.141   0.094   2.275 
ℹ [2026-10-08 23:46:01.167747]: Keeping at most 10 NMF solutions with KLD within (1+RTOL) range of the best.
ℹ [2026-10-08 23:46:01.242492]: Running signature number 4 for bootstrapped catalog 9.
NMF algorithm: 'brunet'
Multiple runs: 50
Mode: parallel (2/10 core(s))
Runs: |==                                                |   4%Warning in validityMethod(object) :
Runs: |====                                              |   8%Warning in validityMethod(object) :
Runs: |======                                            |  12%Warning in validityMethod(object) :
Runs: |========                                          |  16%Warning in validityMethod(object) :
Runs: |==========                                        |  20%Warning in validityMethod(object) :
Runs: |============                                      |  24%Warning in validityMethod(object) :
Runs: |==============                                    |  27%Warning in validityMethod(object) :
Runs: |================                                  |  31%Warning in validityMethod(object) :
Runs: |==================                                |  35%Warning in validityMethod(object) :
Runs: |====================                              |  39%Warning in validityMethod(object) :
Runs: |======================                            |  43%Warning in validityMethod(object) :Warning in validityMethod(object) :
Runs: |========================                          |  47%Warning in validityMethod(object) :
Runs: |=========================                         |  51%Warning in validityMethod(object) :
Runs: |===========================                       |  55%Warning in validityMethod(object) :
Runs: |=============================                     |  59%Warning in validityMethod(object) :
Runs: |===============================                   |  63%Warning in validityMethod(object) :
Runs: |=================================                 |  67%Warning in validityMethod(object) :
Runs: |===================================               |  71%Warning in validityMethod(object) :
Runs: |=====================================             |  75%Warning in validityMethod(object) :
Runs: |=======================================           |  78%Warning in validityMethod(object) :
System time:
   user  system elapsed 
  2.135   0.102   2.276 
ℹ [2026-10-08 23:46:03.60311]: Keeping at most 10 NMF solutions with KLD within (1+RTOL) range of the best.
ℹ [2026-10-08 23:46:03.679625]: Running signature number 4 for bootstrapped catalog 10.
NMF algorithm: 'brunet'
Multiple runs: 50
Mode: parallel (2/10 core(s))
Runs: |==                                                |   4%Warning in validityMethod(object) :
Runs: |====                                              |   8%Warning in validityMethod(object) :
Runs: |======                                            |  12%Warning in validityMethod(object) :
Runs: |========                                          |  16%Warning in validityMethod(object) :
Runs: |==========                                        |  20%Warning in validityMethod(object) :
Runs: |============                                      |  24%Warning in validityMethod(object) :
Runs: |==============                                    |  27%Warning in validityMethod(object) :
Runs: |================                                  |  31%Warning in validityMethod(object) :
Runs: |==================                                |  35%Warning in validityMethod(object) :
Runs: |====================                              |  39%Warning in validityMethod(object) :
Runs: |======================                            |  43%Warning in validityMethod(object) :
Runs: |=======================                           |  45%Warning in validityMethod(object) :
Runs: |========================                          |  47%Warning in validityMethod(object) :
Runs: |=========================                         |  49%Warning in validityMethod(object) :
Runs: |=========================                         |  51%Warning in validityMethod(object) :
Runs: |==========================                        |  53%Warning in validityMethod(object) :
Runs: |===========================                       |  55%Warning in validityMethod(object) :
Runs: |============================                      |  57%Warning in validityMethod(object) :
Runs: |=============================                     |  59%Warning in validityMethod(object) :
Runs: |==============================                    |  61%Warning in validityMethod(object) :
Runs: |===============================                   |  63%Warning in validityMethod(object) :
Runs: |================================                  |  65%Warning in validityMethod(object) :
Runs: |=================================                 |  67%Warning in validityMethod(object) :
Runs: |==================================                |  69%Warning in validityMethod(object) :
Runs: |===================================               |  71%Warning in validityMethod(object) :
Runs: |====================================              |  73%Warning in validityMethod(object) :
Runs: |=====================================             |  75%Warning in validityMethod(object) :
Runs: |======================================            |  76%Warning in validityMethod(object) :
Runs: |=======================================           |  78%Warning in validityMethod(object) :
Runs: |========================================          |  80%Warning in validityMethod(object) :
System time:
   user  system elapsed 
  2.122   0.099   2.270 
ℹ [2026-10-08 23:46:06.037346]: Keeping at most 10 NMF solutions with KLD within (1+RTOL) range of the best.
ℹ [2026-10-08 23:46:06.115288]: Running signature number 4 for bootstrapped catalog 11.
NMF algorithm: 'brunet'
Multiple runs: 50
Mode: parallel (2/10 core(s))
Runs: |==                                                |   4%Warning in validityMethod(object) :Warning in validityMethod(object) :

Runs: |====                                              |   8%Warning in validityMethod(object) :Warning in validityMethod(object) :


Runs: |======                                            |  12%Warning in validityMethod(object) :
Runs: |========                                          |  16%Warning in validityMethod(object) :
Runs: |==========                                        |  20%Warning in validityMethod(object) :
Runs: |============                                      |  24%Warning in validityMethod(object) :
Runs: |==============                                    |  27%Warning in validityMethod(object) :
Runs: |================                                  |  31%Warning in validityMethod(object) :
Runs: |==================                                |  35%Warning in validityMethod(object) :
Runs: |====================                              |  39%Warning in validityMethod(object) :
Runs: |======================                            |  43%Warning in validityMethod(object) :
Runs: |========================                          |  47%Warning in validityMethod(object) :
Runs: |=========================                         |  51%Warning in validityMethod(object) :
Runs: |===========================                       |  55%Warning in validityMethod(object) :
Runs: |=============================                     |  59%Warning in validityMethod(object) :
Runs: |===============================                   |  63%Warning in validityMethod(object) :
Runs: |=================================                 |  67%Warning in validityMethod(object) :
Runs: |===================================               |  71%Warning in validityMethod(object) :
Runs: |=====================================             |  75%Warning in validityMethod(object) :
Runs: |=======================================           |  78%Warning in validityMethod(object) :
System time:
   user  system elapsed 
  2.139   0.096   2.278 
ℹ [2026-10-08 23:46:08.483865]: Keeping at most 10 NMF solutions with KLD within (1+RTOL) range of the best.
ℹ [2026-10-08 23:46:08.559438]: Running signature number 4 for bootstrapped catalog 12.
NMF algorithm: 'brunet'
Multiple runs: 50
Mode: parallel (2/10 core(s))
Runs: |==                                                |   4%Warning in validityMethod(object) :
Runs: |====                                              |   8%Warning in validityMethod(object) :
Runs: |======                                            |  12%Warning in validityMethod(object) :
Runs: |========                                          |  16%Warning in validityMethod(object) :
Runs: |==========                                        |  20%Warning in validityMethod(object) :
Runs: |============                                      |  24%Warning in validityMethod(object) :
Runs: |==============                                    |  27%Warning in validityMethod(object) :
Runs: |===============                                   |  29%Warning in validityMethod(object) :
Runs: |==================                                |  35%Warning in validityMethod(object) :

Runs: |====================                              |  39%Warning in validityMethod(object) :
Runs: |======================                            |  43%Warning in validityMethod(object) :
Runs: |========================                          |  47%Warning in validityMethod(object) :
Runs: |=========================                         |  51%Warning in validityMethod(object) :
Runs: |===========================                       |  55%Warning in validityMethod(object) :
Runs: |=============================                     |  59%Warning in validityMethod(object) :
Runs: |===============================                   |  63%Warning in validityMethod(object) :
Runs: |=================================                 |  67%Warning in validityMethod(object) :
Runs: |===================================               |  71%Warning in validityMethod(object) :
Runs: |=====================================             |  75%Warning in validityMethod(object) :
Runs: |=======================================           |  78%Warning in validityMethod(object) :
System time:
   user  system elapsed 
  2.127   0.089   2.251 
ℹ [2026-10-08 23:46:10.889632]: Keeping at most 10 NMF solutions with KLD within (1+RTOL) range of the best.
ℹ [2026-10-08 23:46:10.961638]: Running signature number 4 for bootstrapped catalog 13.
NMF algorithm: 'brunet'
Multiple runs: 50
Mode: parallel (2/10 core(s))
Runs: |==                                                |   4%Warning in validityMethod(object) :
Runs: |====                                              |   8%Warning in validityMethod(object) :Warning in validityMethod(object) :
Runs: |======                                            |  12%Warning in validityMethod(object) :
Runs: |========                                          |  16%Warning in validityMethod(object) :
Runs: |==========                                        |  20%Warning in validityMethod(object) :
Runs: |============                                      |  24%Warning in validityMethod(object) :Warning in validityMethod(object) :
Runs: |==============                                    |  27%Warning in validityMethod(object) :
Runs: |================                                  |  31%Warning in validityMethod(object) :
Runs: |==================                                |  35%Warning in validityMethod(object) :
Runs: |====================                              |  39%Warning in validityMethod(object) :Warning in validityMethod(object) :

Runs: |======================                            |  43%Warning in validityMethod(object) :
Runs: |========================                          |  47%Warning in validityMethod(object) :
Runs: |=========================                         |  51%Warning in validityMethod(object) :
Runs: |===========================                       |  55%Warning in validityMethod(object) :
Runs: |=============================                     |  59%Warning in validityMethod(object) :
 Warning in validityMethod(object) : Dimensions of W and H look strange [ncol(W)= 4 > ncol(H)= 1 ]

Runs: |===============================                   |  63%Warning in validityMethod(object) :
Runs: |=================================                 |  67%Warning in validityMethod(object) :Warning in validityMethod(object) :
Runs: |===================================               |  71%Warning in validityMethod(object) :
Runs: |=====================================             |  75%Warning in validityMethod(object) :
Runs: |=======================================           |  78%Warning in validityMethod(object) :


System time:
   user  system elapsed 
  2.109   0.099   2.251 
ℹ [2026-10-08 23:46:13.293618]: Keeping at most 10 NMF solutions with KLD within (1+RTOL) range of the best.
ℹ [2026-10-08 23:46:13.36721]: Running signature number 4 for bootstrapped catalog 14.
NMF algorithm: 'brunet'
Multiple runs: 50
Mode: parallel (2/10 core(s))
Runs: |==                                                |   4%Warning in validityMethod(object) :
Runs: |====                                              |   8%Warning in validityMethod(object) :Warning in validityMethod(object) :

Runs: |======                                            |  12%Warning in validityMethod(object) :
Runs: |========                                          |  16%Warning in validityMethod(object) :
Runs: |==========                                        |  20%Warning in validityMethod(object) :Warning in validityMethod(object) :
Runs: |============                                      |  24%Warning in validityMethod(object) :
Runs: |==============                                    |  27%Warning in validityMethod(object) :
Runs: |================                                  |  31%Warning in validityMethod(object) :
Runs: |==================                                |  35%Warning in validityMethod(object) :
Runs: |====================                              |  39%Warning in validityMethod(object) :
Runs: |======================                            |  43%Warning in validityMethod(object) :
Runs: |========================                          |  47%Warning in validityMethod(object) :
Runs: |=========================                         |  51%Warning in validityMethod(object) :

Runs: |===========================                       |  55%Warning in validityMethod(object) :
Runs: |=============================                     |  59%Warning in validityMethod(object) :
Runs: |===============================                   |  63%Warning in validityMethod(object) :
Runs: |=================================                 |  67%Warning in validityMethod(object) :
Runs: |===================================               |  71%Warning in validityMethod(object) :
Runs: |=====================================             |  75%Warning in validityMethod(object) :
Runs: |=======================================           |  78%Warning in validityMethod(object) :
System time:
   user  system elapsed 
  2.148   0.095   2.281 
ℹ [2026-10-08 23:46:15.738248]: Keeping at most 10 NMF solutions with KLD within (1+RTOL) range of the best.
ℹ [2026-10-08 23:46:15.814295]: Running signature number 4 for bootstrapped catalog 15.
NMF algorithm: 'brunet'
Multiple runs: 50
Mode: parallel (2/10 core(s))
Runs: |==                                                |   4%Warning in validityMethod(object) :Warning in validityMethod(object) :

Runs: |====                                              |   8%Warning in validityMethod(object) :
Runs: |======                                            |  12%Warning in validityMethod(object) :
Runs: |========                                          |  16%Warning in validityMethod(object) :
Runs: |==========                                        |  20%Warning in validityMethod(object) :
Runs: |============                                      |  24%Warning in validityMethod(object) :
Runs: |==============                                    |  27%Warning in validityMethod(object) :

Runs: |================                                  |  31%Warning in validityMethod(object) :
Runs: |==================                                |  35%Warning in validityMethod(object) :
Runs: |====================                              |  39%Warning in validityMethod(object) :Warning in validityMethod(object) :
Runs: |======================                            |  43%Warning in validityMethod(object) :
Runs: |========================                          |  47%Warning in validityMethod(object) :
Runs: |=========================                         |  51%Warning in validityMethod(object) :
Runs: |===========================                       |  55%Warning in validityMethod(object) :
Runs: |=============================                     |  59%Warning in validityMethod(object) :
Runs: |===============================                   |  63%Warning in validityMethod(object) :
Runs: |=================================                 |  67%Warning in validityMethod(object) :
Runs: |===================================               |  71%Warning in validityMethod(object) :
Runs: |=====================================             |  75%Warning in validityMethod(object) :
Runs: |=======================================           |  78%Warning in validityMethod(object) :
System time:
   user  system elapsed 
  2.153   0.093   2.284 
ℹ [2026-10-08 23:46:18.186902]: Keeping at most 10 NMF solutions with KLD within (1+RTOL) range of the best.
ℹ [2026-10-08 23:46:18.261593]: Running signature number 4 for bootstrapped catalog 16.
NMF algorithm: 'brunet'
Multiple runs: 50
Mode: parallel (2/10 core(s))
Runs: |==                                                |   4%Warning in validityMethod(object) :
Runs: |====                                              |   8%Warning in validityMethod(object) :
Runs: |======                                            |  12%Warning in validityMethod(object) :
Runs: |========                                          |  16%Warning in validityMethod(object) :
Runs: |==========                                        |  20%Warning in validityMethod(object) :
Runs: |============                                      |  24%Warning in validityMethod(object) :
Runs: |==============                                    |  27%Warning in validityMethod(object) :
Runs: |================                                  |  31%Warning in validityMethod(object) :
Runs: |==================                                |  35%Warning in validityMethod(object) :
 Warning in validityMethod(object) : Dimensions of W and H look strange [ncol(W)= 4 > ncol(H)= 1 ]

Runs: |====================                              |  39%Warning in validityMethod(object) :
Runs: |======================                            |  43%Warning in validityMethod(object) :Warning in validityMethod(object) :

Runs: |========================                          |  47%Warning in validityMethod(object) :
Runs: |=========================                         |  51%Warning in validityMethod(object) :
Runs: |===========================                       |  55%Warning in validityMethod(object) :
Runs: |=============================                     |  59%Warning in validityMethod(object) :Warning in validityMethod(object) :
Runs: |===============================                   |  63%Warning in validityMethod(object) :
Runs: |=================================                 |  67%Warning in validityMethod(object) :
Runs: |===================================               |  71%Warning in validityMethod(object) :
Runs: |=====================================             |  75%Warning in validityMethod(object) :
Runs: |=======================================           |  78%Warning in validityMethod(object) :Warning in validityMethod(object) :

System time:
   user  system elapsed 
  2.149   0.099   2.284 
ℹ [2026-10-08 23:46:20.631657]: Keeping at most 10 NMF solutions with KLD within (1+RTOL) range of the best.
ℹ [2026-10-08 23:46:20.702842]: Running signature number 4 for bootstrapped catalog 17.
NMF algorithm: 'brunet'
Multiple runs: 50
Mode: parallel (2/10 core(s))
Runs: |==                                                |   4%Warning in validityMethod(object) :Warning in validityMethod(object) :
Runs: |====                                              |   8%Warning in validityMethod(object) :
Runs: |======                                            |  12%Warning in validityMethod(object) :
Runs: |========                                          |  16%Warning in validityMethod(object) :
Runs: |==========                                        |  20%Warning in validityMethod(object) :
Runs: |============                                      |  24%Warning in validityMethod(object) :
Runs: |==============                                    |  27%Warning in validityMethod(object) :
Runs: |================                                  |  31%Warning in validityMethod(object) :Warning in validityMethod(object) :
Runs: |==================                                |  35%Warning in validityMethod(object) :
Runs: |====================                              |  39%Warning in validityMethod(object) :
Runs: |======================                            |  43%Warning in validityMethod(object) :
Runs: |========================                          |  47%Warning in validityMethod(object) :
Runs: |=========================                         |  51%Warning in validityMethod(object) :
Runs: |===========================                       |  55%Warning in validityMethod(object) :
Runs: |=============================                     |  59%Warning in validityMethod(object) :
Runs: |===============================                   |  63%Warning in validityMethod(object) :
Runs: |=================================                 |  67%Warning in validityMethod(object) :
Runs: |===================================               |  71%Warning in validityMethod(object) :
Runs: |=====================================             |  75%Warning in validityMethod(object) :
Runs: |=======================================           |  78%Warning in validityMethod(object) :
System time:
   user  system elapsed 
  2.161   0.082   2.281 
ℹ [2026-10-08 23:46:23.077365]: Keeping at most 10 NMF solutions with KLD within (1+RTOL) range of the best.
ℹ [2026-10-08 23:46:23.15376]: Running signature number 4 for bootstrapped catalog 18.
NMF algorithm: 'brunet'
Multiple runs: 50
Mode: parallel (2/10 core(s))
Runs: |==                                                |   4%Warning in validityMethod(object) :Warning in validityMethod(object) :
Runs: |====                                              |   8%Warning in validityMethod(object) :
Runs: |======                                            |  12%Warning in validityMethod(object) :
Runs: |========                                          |  16%Warning in validityMethod(object) :Warning in validityMethod(object) :

Runs: |=========                                         |  18%Warning in validityMethod(object) :
Runs: |============                                      |  24%Warning in validityMethod(object) :
Runs: |==============                                    |  27%Warning in validityMethod(object) :
Runs: |================                                  |  31%Warning in validityMethod(object) :
Runs: |==================                                |  35%Warning in validityMethod(object) :
Runs: |====================                              |  39%Warning in validityMethod(object) :
Runs: |======================                            |  43%Warning in validityMethod(object) :
Runs: |========================                          |  47%Warning in validityMethod(object) :
Runs: |=========================                         |  51%Warning in validityMethod(object) :
Runs: |===========================                       |  55%Warning in validityMethod(object) :
Runs: |=============================                     |  59%Warning in validityMethod(object) :
Runs: |===============================                   |  63%Warning in validityMethod(object) :Warning in validityMethod(object) :

Runs: |=================================                 |  67%Warning in validityMethod(object) :
Runs: |===================================               |  71%Warning in validityMethod(object) :
Runs: |=====================================             |  75%Warning in validityMethod(object) :
Runs: |=======================================           |  78%Warning in validityMethod(object) :

 Warning in validityMethod(object) : Dimensions of W and H look strange [ncol(W)= 4 > ncol(H)= 1 ]

System time:
   user  system elapsed 
  2.142   0.100   2.282 
ℹ [2026-10-08 23:46:25.52068]: Keeping at most 10 NMF solutions with KLD within (1+RTOL) range of the best.
ℹ [2026-10-08 23:46:25.59924]: Running signature number 4 for bootstrapped catalog 19.
NMF algorithm: 'brunet'
Multiple runs: 50
Mode: parallel (2/10 core(s))
Runs: |==                                                |   4%Warning in validityMethod(object) :
Runs: |====                                              |   8%Warning in validityMethod(object) :Warning in validityMethod(object) :
Runs: |======                                            |  12%Warning in validityMethod(object) :

Runs: |========                                          |  16%Warning in validityMethod(object) :
Runs: |==========                                        |  20%Warning in validityMethod(object) :
Runs: |============                                      |  24%Warning in validityMethod(object) :
Runs: |==============                                    |  27%Warning in validityMethod(object) :
Runs: |================                                  |  31%Warning in validityMethod(object) :
Runs: |==================                                |  35%Warning in validityMethod(object) :
Runs: |====================                              |  39%Warning in validityMethod(object) :
Runs: |======================                            |  43%Warning in validityMethod(object) :
Runs: |========================                          |  47%Warning in validityMethod(object) :Warning in validityMethod(object) :
Runs: |=========================                         |  51%Warning in validityMethod(object) :
Runs: |===========================                       |  55%Warning in validityMethod(object) :

Runs: |=============================                     |  59%Warning in validityMethod(object) :
Runs: |===============================                   |  63%Warning in validityMethod(object) :
Runs: |=================================                 |  67%Warning in validityMethod(object) :
Runs: |===================================               |  71%Warning in validityMethod(object) :
Runs: |=====================================             |  75%Warning in validityMethod(object) :
Runs: |=======================================           |  78%Warning in validityMethod(object) :

System time:
   user  system elapsed 
  2.145   0.099   2.284 
ℹ [2026-10-08 23:46:27.969068]: Keeping at most 10 NMF solutions with KLD within (1+RTOL) range of the best.
ℹ [2026-10-08 23:46:28.040518]: Running signature number 4 for bootstrapped catalog 20.
NMF algorithm: 'brunet'
Multiple runs: 50
Mode: parallel (2/10 core(s))
Runs: |==                                                |   4%Warning in validityMethod(object) :
Runs: |====                                              |   8%Warning in validityMethod(object) :
Runs: |======                                            |  12%Warning in validityMethod(object) :
Runs: |========                                          |  16%Warning in validityMethod(object) :
Runs: |==========                                        |  20%Warning in validityMethod(object) :
Runs: |============                                      |  24%Warning in validityMethod(object) :
Runs: |==============                                    |  27%Warning in validityMethod(object) :
Runs: |================                                  |  31%Warning in validityMethod(object) :
Runs: |==================                                |  35%Warning in validityMethod(object) :
Runs: |====================                              |  39%Warning in validityMethod(object) :
Runs: |======================                            |  43%Warning in validityMethod(object) :
Runs: |========================                          |  47%Warning in validityMethod(object) :
Runs: |=========================                         |  51%Warning in validityMethod(object) :
Runs: |===========================                       |  55%Warning in validityMethod(object) :
Runs: |=============================                     |  59%Warning in validityMethod(object) :
Runs: |===============================                   |  63%Warning in validityMethod(object) :
Runs: |=================================                 |  67%Warning in validityMethod(object) :
Runs: |===================================               |  71%Warning in validityMethod(object) :
Runs: |=====================================             |  75%Warning in validityMethod(object) :
Runs: |=======================================           |  78%Warning in validityMethod(object) :


System time:
   user  system elapsed 
  2.175   0.095   2.312 
ℹ [2026-10-08 23:46:30.440575]: Keeping at most 10 NMF solutions with KLD within (1+RTOL) range of the best.
ℹ [2026-10-08 23:46:30.514069]: Reading NMF run files...
✔ [2026-10-08 23:46:30.519587]: Read successfully.
✔ [2026-10-08 23:46:30.520402]: NMF run files deleted.
✔ [2026-10-08 23:46:30.520907]: Done for this signature number. Current memory size used: 116MB
ℹ [2026-10-08 23:46:30.626561]: Extracting 5 signatures on 20 bootstrapped catalogs with 50 NMF runs for each.
ℹ [2026-10-08 23:46:30.627507]: Running signature number 5 for bootstrapped catalog 1.
NMF algorithm: 'brunet'
Multiple runs: 50
Mode: parallel (2/10 core(s))
Runs: |==                                                |   4%Warning in validityMethod(object) :
Runs: |====                                              |   8%Warning in validityMethod(object) :
Runs: |======                                            |  12%Warning in validityMethod(object) :
Runs: |========                                          |  16%Warning in validityMethod(object) :
Runs: |==========                                        |  20%Warning in validityMethod(object) :
Runs: |============                                      |  24%Warning in validityMethod(object) :
Runs: |==============                                    |  27%Warning in validityMethod(object) :
Runs: |===============                                   |  29%Warning in validityMethod(object) :
Runs: |================                                  |  31%Warning in validityMethod(object) :
Runs: |=================                                 |  33%Warning in validityMethod(object) :
Runs: |==================                                |  35%Warning in validityMethod(object) :
Runs: |===================                               |  37%Warning in validityMethod(object) :
Runs: |====================                              |  39%Warning in validityMethod(object) :
Runs: |=====================                             |  41%Warning in validityMethod(object) :
Runs: |======================                            |  43%Warning in validityMethod(object) :
Runs: |=======================                           |  45%Warning in validityMethod(object) :
Runs: |========================                          |  47%Warning in validityMethod(object) :
Runs: |=========================                         |  49%Warning in validityMethod(object) :
Runs: |=========================                         |  51%Warning in validityMethod(object) :
Runs: |==========================                        |  53%Warning in validityMethod(object) :
Runs: |===========================                       |  55%Warning in validityMethod(object) :
Runs: |============================                      |  57%Warning in validityMethod(object) :
Runs: |=============================                     |  59%Warning in validityMethod(object) :
Runs: |==============================                    |  61%Warning in validityMethod(object) :
Runs: |===============================                   |  63%Warning in validityMethod(object) :
Runs: |================================                  |  65%Warning in validityMethod(object) :
Runs: |=================================                 |  67%Warning in validityMethod(object) :
Runs: |==================================                |  69%Warning in validityMethod(object) :
Runs: |===================================               |  71%Warning in validityMethod(object) :
Runs: |====================================              |  73%Warning in validityMethod(object) :
Runs: |=====================================             |  75%Warning in validityMethod(object) :
Runs: |======================================            |  76%Warning in validityMethod(object) :
Runs: |=======================================           |  78%Warning in validityMethod(object) :
Runs: |========================================          |  80%Warning in validityMethod(object) :
System time:
   user  system elapsed 
  2.161   0.102   2.293 
ℹ [2026-10-08 23:46:33.003467]: Keeping at most 10 NMF solutions with KLD within (1+RTOL) range of the best.
ℹ [2026-10-08 23:46:33.07912]: Running signature number 5 for bootstrapped catalog 2.
NMF algorithm: 'brunet'
Multiple runs: 50
Mode: parallel (2/10 core(s))
Runs: |==                                                |   4%Warning in validityMethod(object) :Warning in validityMethod(object) :
Runs: |====                                              |   8%Warning in validityMethod(object) :
Runs: |======                                            |  12%Warning in validityMethod(object) :
Runs: |========                                          |  16%Warning in validityMethod(object) :
Runs: |==========                                        |  20%Warning in validityMethod(object) :
Runs: |============                                      |  24%Warning in validityMethod(object) :
Runs: |==============                                    |  27%Warning in validityMethod(object) :
Runs: |================                                  |  31%Warning in validityMethod(object) :
Runs: |==================                                |  35%Warning in validityMethod(object) :
Runs: |====================                              |  39%Warning in validityMethod(object) :
Runs: |======================                            |  43%Warning in validityMethod(object) :Warning in validityMethod(object) :
Runs: |========================                          |  47%Warning in validityMethod(object) :
Runs: |=========================                         |  51%Warning in validityMethod(object) :Warning in validityMethod(object) :
Runs: |===========================                       |  55%Warning in validityMethod(object) :
Runs: |=============================                     |  59%Warning in validityMethod(object) :
Runs: |===============================                   |  63%Warning in validityMethod(object) :

Runs: |=================================                 |  67%Warning in validityMethod(object) :
Runs: |===================================               |  71%Warning in validityMethod(object) :
Runs: |=====================================             |  75%Warning in validityMethod(object) :
Runs: |=======================================           |  78%Warning in validityMethod(object) :
System time:
   user  system elapsed 
  2.149   0.094   2.288 
ℹ [2026-10-08 23:46:35.457544]: Keeping at most 10 NMF solutions with KLD within (1+RTOL) range of the best.
ℹ [2026-10-08 23:46:35.534307]: Running signature number 5 for bootstrapped catalog 3.
NMF algorithm: 'brunet'
Multiple runs: 50
Mode: parallel (2/10 core(s))
Runs: |==                                                |   4%Warning in validityMethod(object) :Warning in validityMethod(object) :
 Warning in validityMethod(object) : Dimensions of W and H look strange [ncol(W)= 5 > ncol(H)= 1 ]


Runs: |====                                              |   8%Warning in validityMethod(object) :
Runs: |======                                            |  12%Warning in validityMethod(object) :
Runs: |========                                          |  16%Warning in validityMethod(object) :
Runs: |==========                                        |  20%Warning in validityMethod(object) :
Runs: |============                                      |  24%Warning in validityMethod(object) :
Runs: |==============                                    |  27%Warning in validityMethod(object) :
Runs: |================                                  |  31%Warning in validityMethod(object) :
Runs: |==================                                |  35%Warning in validityMethod(object) :
Runs: |====================                              |  39%Warning in validityMethod(object) :
Runs: |======================                            |  43%Warning in validityMethod(object) :
Runs: |========================                          |  47%Warning in validityMethod(object) :
Runs: |=========================                         |  51%Warning in validityMethod(object) :
Runs: |===========================                       |  55%Warning in validityMethod(object) :
Runs: |=============================                     |  59%Warning in validityMethod(object) :
Runs: |===============================                   |  63%Warning in validityMethod(object) :
Runs: |=================================                 |  67%Warning in validityMethod(object) :
Runs: |===================================               |  71%Warning in validityMethod(object) :
Runs: |=====================================             |  75%Warning in validityMethod(object) :
Runs: |=======================================           |  78%Warning in validityMethod(object) :
System time:
   user  system elapsed 
  2.171   0.106   2.315 
ℹ [2026-10-08 23:46:37.936064]: Keeping at most 10 NMF solutions with KLD within (1+RTOL) range of the best.
ℹ [2026-10-08 23:46:38.007334]: Running signature number 5 for bootstrapped catalog 4.
NMF algorithm: 'brunet'
Multiple runs: 50
Mode: parallel (2/10 core(s))
Runs: |==                                                |   4%Warning in validityMethod(object) :
Runs: |====                                              |   8%Warning in validityMethod(object) :
Runs: |======                                            |  12%Warning in validityMethod(object) :
Runs: |========                                          |  16%Warning in validityMethod(object) :
Runs: |==========                                        |  20%Warning in validityMethod(object) :
Runs: |============                                      |  24%Warning in validityMethod(object) :

Runs: |==============                                    |  27%Warning in validityMethod(object) :Warning in validityMethod(object) :
Runs: |================                                  |  31%Warning in validityMethod(object) :
Runs: |==================                                |  35%Warning in validityMethod(object) :
Runs: |====================                              |  39%Warning in validityMethod(object) :Warning in validityMethod(object) :
Runs: |======================                            |  43%Warning in validityMethod(object) :
Runs: |========================                          |  47%Warning in validityMethod(object) :
Runs: |=========================                         |  51%Warning in validityMethod(object) :
Runs: |===========================                       |  55%Warning in validityMethod(object) :
Runs: |=============================                     |  59%Warning in validityMethod(object) :
Runs: |===============================                   |  63%Warning in validityMethod(object) :
Runs: |=================================                 |  67%Warning in validityMethod(object) :Warning in validityMethod(object) :
Runs: |===================================               |  71%Warning in validityMethod(object) :
Runs: |=====================================             |  75%Warning in validityMethod(object) :
Runs: |=======================================           |  78%Warning in validityMethod(object) :Warning in validityMethod(object) :
System time:
   user  system elapsed 
  2.141   0.097   2.279 
ℹ [2026-10-08 23:46:40.373743]: Keeping at most 10 NMF solutions with KLD within (1+RTOL) range of the best.
ℹ [2026-10-08 23:46:40.450512]: Running signature number 5 for bootstrapped catalog 5.
NMF algorithm: 'brunet'
Multiple runs: 50
Mode: parallel (2/10 core(s))
Runs: |==                                                |   4%Warning in validityMethod(object) :
Runs: |====                                              |   8%Warning in validityMethod(object) :
Runs: |======                                            |  12%Warning in validityMethod(object) :
Runs: |========                                          |  16%Warning in validityMethod(object) :
Runs: |==========                                        |  20%Warning in validityMethod(object) :
Runs: |============                                      |  24%Warning in validityMethod(object) :
Runs: |==============                                    |  27%Warning in validityMethod(object) :
Runs: |================                                  |  31%Warning in validityMethod(object) :
Runs: |==================                                |  35%Warning in validityMethod(object) :
Runs: |====================                              |  39%Warning in validityMethod(object) :
Runs: |======================                            |  43%Warning in validityMethod(object) :
Runs: |========================                          |  47%Warning in validityMethod(object) :
Runs: |=========================                         |  51%Warning in validityMethod(object) :Warning in validityMethod(object) :
Runs: |===========================                       |  55%Warning in validityMethod(object) :
Runs: |=============================                     |  59%Warning in validityMethod(object) :
Runs: |===============================                   |  63%Warning in validityMethod(object) :
Runs: |=================================                 |  67%Warning in validityMethod(object) :
Runs: |===================================               |  71%Warning in validityMethod(object) :
Runs: |=====================================             |  75%Warning in validityMethod(object) :
Runs: |=======================================           |  78%Warning in validityMethod(object) :
System time:
   user  system elapsed 
  2.155   0.093   2.288 
ℹ [2026-10-08 23:46:42.825176]: Keeping at most 10 NMF solutions with KLD within (1+RTOL) range of the best.
ℹ [2026-10-08 23:46:42.900235]: Running signature number 5 for bootstrapped catalog 6.
NMF algorithm: 'brunet'
Multiple runs: 50
Mode: parallel (2/10 core(s))
Runs: |==                                                |   4%Warning in validityMethod(object) :
Runs: |====                                              |   8%Warning in validityMethod(object) :Warning in validityMethod(object) :
Runs: |======                                            |  12%Warning in validityMethod(object) :
Runs: |========                                          |  16%Warning in validityMethod(object) :

Runs: |==========                                        |  20%Warning in validityMethod(object) :
Runs: |============                                      |  24%Warning in validityMethod(object) :
Runs: |==============                                    |  27%Warning in validityMethod(object) :
Runs: |================                                  |  31%Warning in validityMethod(object) :
Runs: |==================                                |  35%Warning in validityMethod(object) :
Runs: |====================                              |  39%Warning in validityMethod(object) :
Runs: |======================                            |  43%Warning in validityMethod(object) :
Runs: |========================                          |  47%Warning in validityMethod(object) :
Runs: |=========================                         |  51%Warning in validityMethod(object) :
Runs: |===========================                       |  55%Warning in validityMethod(object) :
Runs: |=============================                     |  59%Warning in validityMethod(object) :
Runs: |===============================                   |  63%Warning in validityMethod(object) :Warning in validityMethod(object) :

Runs: |=================================                 |  67%Warning in validityMethod(object) :
Runs: |===================================               |  71%Warning in validityMethod(object) :
Runs: |=====================================             |  75%Warning in validityMethod(object) :
Runs: |=======================================           |  78%Warning in validityMethod(object) :

System time:
   user  system elapsed 
  2.148   0.098   2.285 
ℹ [2026-10-08 23:46:45.270972]: Keeping at most 10 NMF solutions with KLD within (1+RTOL) range of the best.
ℹ [2026-10-08 23:46:45.343624]: Running signature number 5 for bootstrapped catalog 7.
NMF algorithm: 'brunet'
Multiple runs: 50
Mode: parallel (2/10 core(s))
Runs: |==                                                |   4%Warning in validityMethod(object) :
Runs: |====                                              |   8%Warning in validityMethod(object) :Warning in validityMethod(object) :
Runs: |======                                            |  12%Warning in validityMethod(object) :
Runs: |========                                          |  16%Warning in validityMethod(object) :
Runs: |==========                                        |  20%Warning in validityMethod(object) :
Runs: |============                                      |  24%Warning in validityMethod(object) :
Runs: |==============                                    |  27%Warning in validityMethod(object) :Warning in validityMethod(object) :

Runs: |================                                  |  31%Warning in validityMethod(object) :
Runs: |==================                                |  35%Warning in validityMethod(object) :
Runs: |====================                              |  39%Warning in validityMethod(object) :
Runs: |======================                            |  43%Warning in validityMethod(object) :
Runs: |========================                          |  47%Warning in validityMethod(object) :
 Warning in validityMethod(object) : Dimensions of W and H look strange [ncol(W)= 5 > ncol(H)= 1 ]

Runs: |=========================                         |  51%Warning in validityMethod(object) :Warning in validityMethod(object) :
Runs: |===========================                       |  55%Warning in validityMethod(object) :Warning in validityMethod(object) :
Runs: |=============================                     |  59%Warning in validityMethod(object) :
Runs: |===============================                   |  63%Warning in validityMethod(object) :
Runs: |=================================                 |  67%Warning in validityMethod(object) :
Runs: |===================================               |  71%Warning in validityMethod(object) :
Runs: |=====================================             |  75%Warning in validityMethod(object) :
Runs: |=======================================           |  78%Warning in validityMethod(object) :
System time:
   user  system elapsed 
  2.155   0.090   2.286 
ℹ [2026-10-08 23:46:47.723521]: Keeping at most 10 NMF solutions with KLD within (1+RTOL) range of the best.
ℹ [2026-10-08 23:46:47.800221]: Running signature number 5 for bootstrapped catalog 8.
NMF algorithm: 'brunet'
Multiple runs: 50
Mode: parallel (2/10 core(s))
Runs: |==                                                |   4%Warning in validityMethod(object) :Warning in validityMethod(object) :
Runs: |====                                              |   8%Warning in validityMethod(object) :
Runs: |======                                            |  12%Warning in validityMethod(object) :
Runs: |========                                          |  16%Warning in validityMethod(object) :
Runs: |==========                                        |  20%Warning in validityMethod(object) :
Runs: |============                                      |  24%Warning in validityMethod(object) :
Runs: |==============                                    |  27%Warning in validityMethod(object) :
Runs: |================                                  |  31%Warning in validityMethod(object) :
Runs: |==================                                |  35%Warning in validityMethod(object) :
Runs: |====================                              |  39%Warning in validityMethod(object) :
Runs: |======================                            |  43%Warning in validityMethod(object) :
Runs: |========================                          |  47%Warning in validityMethod(object) :
Runs: |=========================                         |  51%Warning in validityMethod(object) :
Runs: |===========================                       |  55%Warning in validityMethod(object) :
Runs: |=============================                     |  59%Warning in validityMethod(object) :
Runs: |===============================                   |  63%Warning in validityMethod(object) :
Runs: |=================================                 |  67%Warning in validityMethod(object) :
Runs: |===================================               |  71%Warning in validityMethod(object) :
Runs: |=====================================             |  75%Warning in validityMethod(object) :
Runs: |=======================================           |  78%Warning in validityMethod(object) :

System time:
   user  system elapsed 
  2.145   0.096   2.281 
ℹ [2026-10-08 23:46:50.169605]: Keeping at most 10 NMF solutions with KLD within (1+RTOL) range of the best.
ℹ [2026-10-08 23:46:50.247604]: Running signature number 5 for bootstrapped catalog 9.
NMF algorithm: 'brunet'
Multiple runs: 50
Mode: parallel (2/10 core(s))
Runs: |==                                                |   4%Warning in validityMethod(object) :Warning in validityMethod(object) :

Runs: |====                                              |   8%Warning in validityMethod(object) :
Runs: |======                                            |  12%Warning in validityMethod(object) :
Runs: |========                                          |  16%Warning in validityMethod(object) :
Runs: |==========                                        |  20%Warning in validityMethod(object) :
Runs: |============                                      |  24%Warning in validityMethod(object) :
 Warning in validityMethod(object) :
Runs: |==============                                    |  27%Warning in validityMethod(object) :
Runs: |================                                  |  31%Warning in validityMethod(object) :
Runs: |==================                                |  35%Warning in validityMethod(object) :
Runs: |====================                              |  39%Warning in validityMethod(object) :
Runs: |======================                            |  43%Warning in validityMethod(object) :
Runs: |========================                          |  47%Warning in validityMethod(object) :
Runs: |=========================                         |  51%Warning in validityMethod(object) :
Runs: |===========================                       |  55%Warning in validityMethod(object) :Warning in validityMethod(object) :


Runs: |=============================                     |  59%Warning in validityMethod(object) :
Runs: |===============================                   |  63%Warning in validityMethod(object) :
Runs: |=================================                 |  67%Warning in validityMethod(object) :
Runs: |===================================               |  71%Warning in validityMethod(object) :
Runs: |=====================================             |  75%Warning in validityMethod(object) :
Runs: |=======================================           |  78%Warning in validityMethod(object) :Warning in validityMethod(object) :



System time:
   user  system elapsed 
  2.153   0.093   2.287 
ℹ [2026-10-08 23:46:52.623523]: Keeping at most 10 NMF solutions with KLD within (1+RTOL) range of the best.
ℹ [2026-10-08 23:46:52.694527]: Running signature number 5 for bootstrapped catalog 10.
NMF algorithm: 'brunet'
Multiple runs: 50
Mode: parallel (2/10 core(s))
Runs: |==                                                |   4%Warning in validityMethod(object) :
Runs: |====                                              |   8%Warning in validityMethod(object) :
Runs: |======                                            |  12%Warning in validityMethod(object) :
Runs: |========                                          |  16%Warning in validityMethod(object) :
Runs: |==========                                        |  20%Warning in validityMethod(object) :
Runs: |============                                      |  24%Warning in validityMethod(object) :
Runs: |==============                                    |  27%Warning in validityMethod(object) :
Runs: |================                                  |  31%Warning in validityMethod(object) :

Runs: |==================                                |  35%Warning in validityMethod(object) :
Runs: |====================                              |  39%Warning in validityMethod(object) :
Runs: |======================                            |  43%Warning in validityMethod(object) :
Runs: |========================                          |  47%Warning in validityMethod(object) :
Runs: |=========================                         |  51%Warning in validityMethod(object) :
Runs: |===========================                       |  55%Warning in validityMethod(object) :
Runs: |=============================                     |  59%Warning in validityMethod(object) :
Runs: |===============================                   |  63%Warning in validityMethod(object) :
Runs: |=================================                 |  67%Warning in validityMethod(object) :
Runs: |===================================               |  71%Warning in validityMethod(object) :
Runs: |====================================              |  73%Warning in validityMethod(object) :
Runs: |=====================================             |  75%Warning in validityMethod(object) :
Runs: |======================================            |  76%Warning in validityMethod(object) :
Runs: |=======================================           |  78%Warning in validityMethod(object) :
Runs: |========================================          |  80%Warning in validityMethod(object) :
System time:
   user  system elapsed 
  2.159   0.089   2.293 
ℹ [2026-10-08 23:46:55.076852]: Keeping at most 10 NMF solutions with KLD within (1+RTOL) range of the best.
ℹ [2026-10-08 23:46:55.151961]: Running signature number 5 for bootstrapped catalog 11.
NMF algorithm: 'brunet'
Multiple runs: 50
Mode: parallel (2/10 core(s))
Runs: |==                                                |   4%Warning in validityMethod(object) :Warning in validityMethod(object) :

Runs: |====                                              |   8%Warning in validityMethod(object) :

Runs: |======                                            |  12%Warning in validityMethod(object) :
Runs: |========                                          |  16%Warning in validityMethod(object) :
Runs: |==========                                        |  20%Warning in validityMethod(object) :
Runs: |============                                      |  24%Warning in validityMethod(object) :
Runs: |==============                                    |  27%Warning in validityMethod(object) :
Runs: |================                                  |  31%Warning in validityMethod(object) :
Runs: |==================                                |  35%Warning in validityMethod(object) :
Runs: |====================                              |  39%Warning in validityMethod(object) :
Runs: |======================                            |  43%Warning in validityMethod(object) :
Runs: |========================                          |  47%Warning in validityMethod(object) :
Runs: |=========================                         |  51%Warning in validityMethod(object) :
Runs: |===========================                       |  55%Warning in validityMethod(object) :
Runs: |=============================                     |  59%Warning in validityMethod(object) :
Runs: |===============================                   |  63%Warning in validityMethod(object) :
Runs: |=================================                 |  67%Warning in validityMethod(object) :
Runs: |===================================               |  71%Warning in validityMethod(object) :
Runs: |=====================================             |  75%Warning in validityMethod(object) :
Runs: |=======================================           |  78%Warning in validityMethod(object) :

System time:
   user  system elapsed 
  2.148   0.097   2.284 
ℹ [2026-10-08 23:46:57.520343]: Keeping at most 10 NMF solutions with KLD within (1+RTOL) range of the best.
ℹ [2026-10-08 23:46:57.594588]: Running signature number 5 for bootstrapped catalog 12.
NMF algorithm: 'brunet'
Multiple runs: 50
Mode: parallel (2/10 core(s))
Runs: |==                                                |   4%Warning in validityMethod(object) :
Runs: |====                                              |   8%Warning in validityMethod(object) :
Runs: |======                                            |  12%Warning in validityMethod(object) :
Runs: |========                                          |  16%Warning in validityMethod(object) :
Runs: |==========                                        |  20%Warning in validityMethod(object) :
Runs: |============                                      |  24%Warning in validityMethod(object) :Warning in validityMethod(object) :
Runs: |==============                                    |  27%Warning in validityMethod(object) :
Runs: |================                                  |  31%Warning in validityMethod(object) :
Runs: |==================                                |  35%Warning in validityMethod(object) :
Runs: |====================                              |  39%Warning in validityMethod(object) :
Runs: |======================                            |  43%Warning in validityMethod(object) :
Runs: |========================                          |  47%Warning in validityMethod(object) :
Runs: |=========================                         |  51%Warning in validityMethod(object) :
Runs: |===========================                       |  55%Warning in validityMethod(object) :
Runs: |=============================                     |  59%Warning in validityMethod(object) :
Runs: |===============================                   |  63%Warning in validityMethod(object) :
Runs: |=================================                 |  67%Warning in validityMethod(object) :
Runs: |===================================               |  71%Warning in validityMethod(object) :

Runs: |=====================================             |  75%Warning in validityMethod(object) :
Runs: |=======================================           |  78%Warning in validityMethod(object) :
System time:
   user  system elapsed 
  2.153   0.099   2.291 
ℹ [2026-10-08 23:46:59.970122]: Keeping at most 10 NMF solutions with KLD within (1+RTOL) range of the best.
ℹ [2026-10-08 23:47:00.043931]: Running signature number 5 for bootstrapped catalog 13.
NMF algorithm: 'brunet'
Multiple runs: 50
Mode: parallel (2/10 core(s))
Runs: |==                                                |   4%Warning in validityMethod(object) :Warning in validityMethod(object) :
Runs: |====                                              |   8%Warning in validityMethod(object) :Warning in validityMethod(object) :
Runs: |======                                            |  12%Warning in validityMethod(object) :
Runs: |========                                          |  16%Warning in validityMethod(object) :
Runs: |==========                                        |  20%Warning in validityMethod(object) :
Runs: |============                                      |  24%Warning in validityMethod(object) :
Runs: |==============                                    |  27%Warning in validityMethod(object) :
Runs: |================                                  |  31%Warning in validityMethod(object) :
Runs: |==================                                |  35%Warning in validityMethod(object) :
Runs: |====================                              |  39%Warning in validityMethod(object) :
Runs: |======================                            |  43%Warning in validityMethod(object) :
Runs: |========================                          |  47%Warning in validityMethod(object) :
Runs: |=========================                         |  51%Warning in validityMethod(object) :
Runs: |===========================                       |  55%Warning in validityMethod(object) :
Runs: |=============================                     |  59%Warning in validityMethod(object) :
Runs: |===============================                   |  63%Warning in validityMethod(object) :

Runs: |=================================                 |  67%Warning in validityMethod(object) :
Runs: |===================================               |  71%Warning in validityMethod(object) :
Runs: |=====================================             |  75%Warning in validityMethod(object) :
Runs: |=======================================           |  78%Warning in validityMethod(object) :
Warning in validityMethod(object) :Warning in validityMethod(object) :

System time:
   user  system elapsed 
  2.159   0.085   2.284 
ℹ [2026-10-08 23:47:02.418596]: Keeping at most 10 NMF solutions with KLD within (1+RTOL) range of the best.
ℹ [2026-10-08 23:47:02.494718]: Running signature number 5 for bootstrapped catalog 14.
NMF algorithm: 'brunet'
Multiple runs: 50
Mode: parallel (2/10 core(s))
Runs: |==                                                |   4%Warning in validityMethod(object) :Warning in validityMethod(object) :
Warning in validityMethod(object) :Warning in validityMethod(object) :
Warning in validityMethod(object) :Warning in validityMethod(object) :
Runs: |====                                              |   8%Warning in validityMethod(object) :
Runs: |======                                            |  12%Warning in validityMethod(object) :Warning in validityMethod(object) :
Warning in validityMethod(object) :Warning in validityMethod(object) :
Runs: |========                                          |  16%Warning in validityMethod(object) :
Runs: |==========                                        |  20%Warning in validityMethod(object) :
Warning in validityMethod(object) :Warning in validityMethod(object) :
Runs: |============                                      |  24%Warning in validityMethod(object) :
Runs: |==============                                    |  27%Warning in validityMethod(object) :
Runs: |================                                  |  31%Warning in validityMethod(object) :
Runs: |==================                                |  35%Warning in validityMethod(object) :
 Warning in validityMethod(object) : Dimensions of W and H look strange [ncol(W)= 5 > ncol(H)= 1 ]

Runs: |====================                              |  39%Warning in validityMethod(object) :
Runs: |======================                            |  43%Warning in validityMethod(object) :
Runs: |========================                          |  47%Warning in validityMethod(object) :
Runs: |=========================                         |  51%Warning in validityMethod(object) :
Runs: |===========================                       |  55%Warning in validityMethod(object) :
Runs: |=============================                     |  59%Warning in validityMethod(object) :
Runs: |===============================                   |  63%Warning in validityMethod(object) :
Runs: |=================================                 |  67%Warning in validityMethod(object) :
Runs: |===================================               |  71%Warning in validityMethod(object) :
Runs: |=====================================             |  75%Warning in validityMethod(object) :
Runs: |=======================================           |  78%Warning in validityMethod(object) :
Warning in validityMethod(object) :Warning in validityMethod(object) :

Warning in validityMethod(object) :Warning in validityMethod(object) :
 
 Dimensions of W and H look strange [ncol(W)= 5 > ncol(H)= 1 ]
Warning in validityMethod(object) :Warning in validityMethod(object) :
 
 Dimensions of W and H look strange [ncol(W)= 5 > ncol(H)= 1 ]
System time:
   user  system elapsed 
  2.115   0.087   2.244 
ℹ [2026-10-08 23:47:04.821922]: Keeping at most 10 NMF solutions with KLD within (1+RTOL) range of the best.
ℹ [2026-10-08 23:47:04.896829]: Running signature number 5 for bootstrapped catalog 15.
NMF algorithm: 'brunet'
Multiple runs: 50
Mode: parallel (2/10 core(s))
Runs: |==                                                |   4%Warning in validityMethod(object) :Warning in validityMethod(object) :
 
 Dimensions of W and H look strange [ncol(W)= 5 > ncol(H)= 1 ]
Runs: |====                                              |   8%Warning in validityMethod(object) :
Runs: |======                                            |  12%Warning in validityMethod(object) :
Runs: |========                                          |  16%Warning in validityMethod(object) :
Runs: |==========                                        |  20%Warning in validityMethod(object) :
Runs: |============                                      |  24%Warning in validityMethod(object) :
Runs: |==============                                    |  27%Warning in validityMethod(object) :
Runs: |================                                  |  31%Warning in validityMethod(object) :
Runs: |==================                                |  35%Warning in validityMethod(object) :
Runs: |====================                              |  39%Warning in validityMethod(object) :
Runs: |======================                            |  43%Warning in validityMethod(object) :
Runs: |========================                          |  47%Warning in validityMethod(object) :
Runs: |=========================                         |  51%Warning in validityMethod(object) :
Runs: |===========================                       |  55%Warning in validityMethod(object) :
Runs: |=============================                     |  59%Warning in validityMethod(object) :
Runs: |===============================                   |  63%Warning in validityMethod(object) :
Runs: |=================================                 |  67%Warning in validityMethod(object) :
Runs: |===================================               |  71%Warning in validityMethod(object) :
Runs: |=====================================             |  75%Warning in validityMethod(object) :
Runs: |=======================================           |  78%Warning in validityMethod(object) :
Warning in validityMethod(object) :Warning in validityMethod(object) :
 
 Dimensions of W and H look strange [ncol(W)= 5 > ncol(H)= 1 ]
Warning in validityMethod(object) :Warning in validityMethod(object) :
 
 Dimensions of W and H look strange [ncol(W)= 5 > ncol(H)= 1 ]
Runs: |============================================      |  88%Warning in validityMethod(object) :
Runs: |=============================================     |  90%Warning in validityMethod(object) :
Runs: |==============================================    |  92%Warning in validityMethod(object) :
Runs: |===============================================   |  94%Warning in validityMethod(object) :
Runs: |================================================  |  96%Warning in validityMethod(object) :
Runs: |================================================= |  98%Warning in validityMethod(object) :
Runs: |==================================================| 100%
System time:
   user  system elapsed 
  2.150   0.089   2.278 
ℹ [2026-10-08 23:47:07.259165]: Keeping at most 10 NMF solutions with KLD within (1+RTOL) range of the best.
ℹ [2026-10-08 23:47:07.330781]: Running signature number 5 for bootstrapped catalog 16.
NMF algorithm: 'brunet'
Multiple runs: 50
Mode: parallel (2/10 core(s))
Runs: |==                                                |   4%Warning in validityMethod(object) :
Runs: |====                                              |   8%Warning in validityMethod(object) :Warning in validityMethod(object) :
 
 Dimensions of W and H look strange [ncol(W)= 5 > ncol(H)= 1 ]
Warning in validityMethod(object) :Warning in validityMethod(object) :

Runs: |======                                            |  12%Warning in validityMethod(object) :
Runs: |========                                          |  16%Warning in validityMethod(object) :
Runs: |==========                                        |  20%Warning in validityMethod(object) :
Runs: |============                                      |  24%Warning in validityMethod(object) :
Runs: |==============                                    |  27%Warning in validityMethod(object) :
Runs: |================                                  |  31%Warning in validityMethod(object) :
Runs: |==================                                |  35%Warning in validityMethod(object) :
Runs: |====================                              |  39%Warning in validityMethod(object) :
Runs: |======================                            |  43%Warning in validityMethod(object) :
Runs: |========================                          |  47%Warning in validityMethod(object) :
Runs: |=========================                         |  51%Warning in validityMethod(object) :
Runs: |===========================                       |  55%Warning in validityMethod(object) :
Runs: |=============================                     |  59%Warning in validityMethod(object) :
Runs: |===============================                   |  63%Warning in validityMethod(object) :
Runs: |=================================                 |  67%Warning in validityMethod(object) :
Runs: |===================================               |  71%Warning in validityMethod(object) :
Runs: |=====================================             |  75%Warning in validityMethod(object) :
Runs: |=======================================           |  78%Warning in validityMethod(object) :
Runs: |=========================================         |  82%Warning in validityMethod(object) :
Runs: |===========================================       |  86%Warning in validityMethod(object) :
Runs: |=============================================     |  90%Warning in validityMethod(object) :
Runs: |===============================================   |  94%Warning in validityMethod(object) :
Runs: |================================================= |  98%Warning in validityMethod(object) :
Runs: |==================================================| 100%
System time:
   user  system elapsed 
  2.145   0.082   2.266 
ℹ [2026-10-08 23:47:09.683855]: Keeping at most 10 NMF solutions with KLD within (1+RTOL) range of the best.
ℹ [2026-10-08 23:47:09.757563]: Running signature number 5 for bootstrapped catalog 17.
NMF algorithm: 'brunet'
Multiple runs: 50
Mode: parallel (2/10 core(s))
Runs: |==                                                |   4%Warning in validityMethod(object) :
Runs: |====                                              |   8%Warning in validityMethod(object) :
Warning in validityMethod(object) :Warning in validityMethod(object) :
 
 Dimensions of W and H look strange [ncol(W)= 5 > ncol(H)= 1 ]
Warning in validityMethod(object) :Warning in validityMethod(object) :
 
 Dimensions of W and H look strange [ncol(W)= 5 > ncol(H)= 1 ]
Runs: |======                                            |  12%Warning in validityMethod(object) :
Runs: |========                                          |  16%Warning in validityMethod(object) :
Runs: |==========                                        |  20%Warning in validityMethod(object) :
Runs: |============                                      |  24%Warning in validityMethod(object) :
Runs: |==============                                    |  27%Warning in validityMethod(object) :
Runs: |================                                  |  31%Warning in validityMethod(object) :Warning in validityMethod(object) :
 
 Dimensions of W and H look strange [ncol(W)= 5 > ncol(H)= 1 ]
Warning in validityMethod(object) :Warning in validityMethod(object) :
 
 Dimensions of W and H look strange [ncol(W)= 5 > ncol(H)= 1 ]
Runs: |==================                                |  35%Warning in validityMethod(object) :
Runs: |====================                              |  39%Warning in validityMethod(object) :
Runs: |======================                            |  43%Warning in validityMethod(object) :
Runs: |========================                          |  47%Warning in validityMethod(object) :
Runs: |=========================                         |  51%Warning in validityMethod(object) :
Runs: |===========================                       |  55%Warning in validityMethod(object) :
Runs: |=============================                     |  59%Warning in validityMethod(object) :
Runs: |===============================                   |  63%Warning in validityMethod(object) :Warning in validityMethod(object) :
 
 Dimensions of W and H look strange [ncol(W)= 5 > ncol(H)= 1 ]
Warning in validityMethod(object) :Warning in validityMethod(object) :
 
 Dimensions of W and H look strange [ncol(W)= 5 > ncol(H)= 1 ]
Warning in validityMethod(object) :Warning in validityMethod(object) :
 
 Dimensions of W and H look strange [ncol(W)= 5 > ncol(H)= 1 ]
Runs: |=================================                 |  67%Warning in validityMethod(object) :
Runs: |===================================               |  71%Warning in validityMethod(object) :
Runs: |=====================================             |  75%Warning in validityMethod(object) :
Runs: |=======================================           |  78%Warning in validityMethod(object) :
Runs: |=========================================         |  82%Warning in validityMethod(object) :
Runs: |===========================================       |  86%Warning in validityMethod(object) :
Runs: |=============================================     |  90%Warning in validityMethod(object) :
Runs: |===============================================   |  94%Warning in validityMethod(object) :
Runs: |================================================= |  98%Warning in validityMethod(object) :
Runs: |==================================================| 100%
System time:
   user  system elapsed 
  2.138   0.088   2.262 
ℹ [2026-10-08 23:47:12.103193]: Keeping at most 10 NMF solutions with KLD within (1+RTOL) range of the best.
ℹ [2026-10-08 23:47:12.181914]: Running signature number 5 for bootstrapped catalog 18.
NMF algorithm: 'brunet'
Multiple runs: 50
Mode: parallel (2/10 core(s))
Runs: |==                                                |   4%Warning in validityMethod(object) :Warning in validityMethod(object) :
 
 Dimensions of W and H look strange [ncol(W)= 5 > ncol(H)= 1 ]
Warning in validityMethod(object) :Warning in validityMethod(object) :
 
 Dimensions of W and H look strange [ncol(W)= 5 > ncol(H)= 1 ]
Warning in validityMethod(object) :Warning in validityMethod(object) :

Runs: |====                                              |   8%Warning in validityMethod(object) :
Runs: |======                                            |  12%Warning in validityMethod(object) :
Runs: |========                                          |  16%Warning in validityMethod(object) :
Runs: |==========                                        |  20%Warning in validityMethod(object) :
Warning in validityMethod(object) :Warning in validityMethod(object) :
 
 Dimensions of W and H look strange [ncol(W)= 5 > ncol(H)= 1 ]
Warning in validityMethod(object) :Warning in validityMethod(object) :
 
 Dimensions of W and H look strange [ncol(W)= 5 > ncol(H)= 1 ]
Runs: |============                                      |  24%Warning in validityMethod(object) :
Runs: |==============                                    |  27%Warning in validityMethod(object) :
Runs: |================                                  |  31%Warning in validityMethod(object) :
Runs: |==================                                |  35%Warning in validityMethod(object) :
Runs: |====================                              |  39%Warning in validityMethod(object) :
Runs: |======================                            |  43%Warning in validityMethod(object) :
Runs: |========================                          |  47%Warning in validityMethod(object) :
Runs: |=========================                         |  51%Warning in validityMethod(object) :
Runs: |===========================                       |  55%Warning in validityMethod(object) :
Runs: |=============================                     |  59%Warning in validityMethod(object) :
Runs: |===============================                   |  63%Warning in validityMethod(object) :
Runs: |=================================                 |  67%Warning in validityMethod(object) :
Runs: |===================================               |  71%Warning in validityMethod(object) :
Runs: |=====================================             |  75%Warning in validityMethod(object) :
Runs: |=======================================           |  78%Warning in validityMethod(object) :
Runs: |=========================================         |  82%Warning in validityMethod(object) :
Runs: |===========================================       |  86%Warning in validityMethod(object) :
Runs: |============================================      |  88%Warning in validityMethod(object) :
Runs: |=============================================     |  90%Warning in validityMethod(object) :
Runs: |==============================================    |  92%Warning in validityMethod(object) :
Runs: |===============================================   |  94%Warning in validityMethod(object) :
Runs: |================================================  |  96%Warning in validityMethod(object) :
Runs: |================================================= |  98%Warning in validityMethod(object) :
Runs: |==================================================| 100%
System time:
   user  system elapsed 
  2.133   0.089   2.274 
ℹ [2026-10-08 23:47:14.53878]: Keeping at most 10 NMF solutions with KLD within (1+RTOL) range of the best.
ℹ [2026-10-08 23:47:14.61276]: Running signature number 5 for bootstrapped catalog 19.
NMF algorithm: 'brunet'
Multiple runs: 50
Mode: parallel (2/10 core(s))
Runs: |==                                                |   4%Warning in validityMethod(object) :
Runs: |====                                              |   8%Warning in validityMethod(object) :Warning in validityMethod(object) :
 
 Dimensions of W and H look strange [ncol(W)= 5 > ncol(H)= 1 ]
Warning in validityMethod(object) :Warning in validityMethod(object) :
 
 Dimensions of W and H look strange [ncol(W)= 5 > ncol(H)= 1 ]
Warning in validityMethod(object) :Warning in validityMethod(object) :
 
 Dimensions of W and H look strange [ncol(W)= 5 > ncol(H)= 1 ]
Runs: |======                                            |  12%Warning in validityMethod(object) :
Runs: |========                                          |  16%Warning in validityMethod(object) :
Runs: |==========                                        |  20%Warning in validityMethod(object) :
Runs: |============                                      |  24%Warning in validityMethod(object) :
Runs: |==============                                    |  27%Warning in validityMethod(object) :
Runs: |================                                  |  31%Warning in validityMethod(object) :
Warning in validityMethod(object) :Warning in validityMethod(object) :
 
 Dimensions of W and H look strange [ncol(W)= 5 > ncol(H)= 1 ]
Runs: |==================                                |  35%Warning in validityMethod(object) :
Runs: |====================                              |  39%Warning in validityMethod(object) :
Runs: |======================                            |  43%Warning in validityMethod(object) :
Runs: |========================                          |  47%Warning in validityMethod(object) :
Runs: |=========================                         |  51%Warning in validityMethod(object) :
Runs: |===========================                       |  55%Warning in validityMethod(object) :
Runs: |=============================                     |  59%Warning in validityMethod(object) :
Runs: |===============================                   |  63%Warning in validityMethod(object) :
Runs: |=================================                 |  67%Warning in validityMethod(object) :
Runs: |===================================               |  71%Warning in validityMethod(object) :
Runs: |=====================================             |  75%Warning in validityMethod(object) :
Runs: |=======================================           |  78%Warning in validityMethod(object) :
 Warning in validityMethod(object) : Dimensions of W and H look strange [ncol(W)= 5 > ncol(H)= 1 ]

Warning in validityMethod(object) :Warning in validityMethod(object) :
 
 Dimensions of W and H look strange [ncol(W)= 5 > ncol(H)= 1 ]
Runs: |=========================================         |  82%Warning in validityMethod(object) :
Runs: |===========================================       |  86%Warning in validityMethod(object) :Warning in validityMethod(object) :
 
 Dimensions of W and H look strange [ncol(W)= 5 > ncol(H)= 1 ]
Warning in validityMethod(object) :Warning in validityMethod(object) :
 
 Dimensions of W and H look strange [ncol(W)= 5 > ncol(H)= 1 ]
Warning in validityMethod(object) :Warning in validityMethod(object) :
 
 Dimensions of W and H look strange [ncol(W)= 5 > ncol(H)= 1 ]
Runs: |=============================================     |  90%Warning in validityMethod(object) :
Runs: |===============================================   |  94%Warning in validityMethod(object) :
Runs: |================================================= |  98%Warning in validityMethod(object) :
Runs: |==================================================| 100%
System time:
   user  system elapsed 
  2.145   0.094   2.277 
ℹ [2026-10-08 23:47:16.972712]: Keeping at most 10 NMF solutions with KLD within (1+RTOL) range of the best.
ℹ [2026-10-08 23:47:17.04402]: Running signature number 5 for bootstrapped catalog 20.
NMF algorithm: 'brunet'
Multiple runs: 50
Mode: parallel (2/10 core(s))
Runs: |==                                                |   4%Warning in validityMethod(object) :Warning in validityMethod(object) :
 
 Dimensions of W and H look strange [ncol(W)= 5 > ncol(H)= 1 ]
Warning in validityMethod(object) :Warning in validityMethod(object) :
 
 Dimensions of W and H look strange [ncol(W)= 5 > ncol(H)= 1 ]
Warning in validityMethod(object) :Warning in validityMethod(object) :

Runs: |====                                              |   8%Warning in validityMethod(object) :Warning in validityMethod(object) :

Warning in validityMethod(object) :Warning in validityMethod(object) :
 
 Dimensions of W and H look strange [ncol(W)= 5 > ncol(H)= 1 ]
Warning in validityMethod(object) :Warning in validityMethod(object) :
 
 Dimensions of W and H look strange [ncol(W)= 5 > ncol(H)= 1 ]
Runs: |======                                            |  12%Warning in validityMethod(object) :Warning in validityMethod(object) :
 
 Dimensions of W and H look strange [ncol(W)= 5 > ncol(H)= 1 ]
Warning in validityMethod(object) :Warning in validityMethod(object) :
 
 Dimensions of W and H look strange [ncol(W)= 5 > ncol(H)= 1 ]
Warning in validityMethod(object) :Warning in validityMethod(object) :
 
 Dimensions of W and H look strange [ncol(W)= 5 > ncol(H)= 1 ]
Runs: |========                                          |  16%Warning in validityMethod(object) :
Runs: |==========                                        |  20%Warning in validityMethod(object) :Warning in validityMethod(object) :

Warning in validityMethod(object) :Warning in validityMethod(object) :
 
 Dimensions of W and H look strange [ncol(W)= 5 > ncol(H)= 1 ]
Runs: |============                                      |  24%Warning in validityMethod(object) :
Runs: |==============                                    |  27%Warning in validityMethod(object) :
Runs: |================                                  |  31%Warning in validityMethod(object) :
Runs: |==================                                |  35%Warning in validityMethod(object) :
Runs: |====================                              |  39%Warning in validityMethod(object) :
Runs: |======================                            |  43%Warning in validityMethod(object) :
Warning in validityMethod(object) :Warning in validityMethod(object) :
 
 Dimensions of W and H look strange [ncol(W)= 5 > ncol(H)= 1 ]
Runs: |========================                          |  47%Warning in validityMethod(object) :
Runs: |=========================                         |  51%Warning in validityMethod(object) :
Runs: |===========================                       |  55%Warning in validityMethod(object) :
Runs: |=============================                     |  59%Warning in validityMethod(object) :
Warning in validityMethod(object) :
Warning in validityMethod(object) :
Warning in validityMethod(object) :
Runs: |===============================                   |  63%Warning in validityMethod(object) :
Warning in validityMethod(object) :
Warning in validityMethod(object) :
Warning in validityMethod(object) :
Warning in validityMethod(object) :
Warning in validityMethod(object) :
Runs: |=================================                 |  67%Warning in validityMethod(object) :
Warning in validityMethod(object) :
Warning in validityMethod(object) :
Warning in validityMethod(object) :
Warning in validityMethod(object) :
Warning in validityMethod(object) :
Runs: |===================================               |  71%Warning in validityMethod(object) :
Warning in validityMethod(object) :
Warning in validityMethod(object) :Warning in validityMethod(object) :
 
  Dimensions of W and H look strange [ncol(W)= 5 > ncol(H)= 1 ]
 Dimensions of W and H look strange [ncol(W)= 5 > ncol(H)= 1 ]
Warning in validityMethod(object) :Warning in validityMethod(object) :
 
  Dimensions of W and H look strange [ncol(W)= 5 > ncol(H)= 1 ]
 Dimensions of W and H look strange [ncol(W)= 5 > ncol(H)= 1 ]
Runs: |=====================================             |  75%Warning in validityMethod(object) :Warning in validityMethod(object) :
 
  Dimensions of W and H look strange [ncol(W)= 5 > ncol(H)= 1 ]
 Dimensions of W and H look strange [ncol(W)= 5 > ncol(H)= 1 ]
Warning in validityMethod(object) :Warning in validityMethod(object) :
 
  Dimensions of W and H look strange [ncol(W)= 5 > ncol(H)= 1 ]
 Dimensions of W and H look strange [ncol(W)= 5 > ncol(H)= 1 ]
Warning in validityMethod(object) :Warning in validityMethod(object) :
 
  Dimensions of W and H look strange [ncol(W)= 5 > ncol(H)= 1 ]
 Dimensions of W and H look strange [ncol(W)= 5 > ncol(H)= 1 ]
Runs: |=======================================           |  78%Warning in validityMethod(object) :
  Dimensions of W and H look strange [ncol(W)= 5 > ncol(H)= 1 ]
Warning in validityMethod(object) :
  Dimensions of W and H look strange [ncol(W)= 5 > ncol(H)= 1 ]
Warning in validityMethod(object) :
  Dimensions of W and H look strange [ncol(W)= 5 > ncol(H)= 1 ]
Warning in validityMethod(object) :
  Dimensions of W and H look strange [ncol(W)= 5 > ncol(H)= 1 ]
Warning in validityMethod(object) :Warning in validityMethod(object) :
 
  Dimensions of W and H look strange [ncol(W)= 5 > ncol(H)= 1 ]
 Dimensions of W and H look strange [ncol(W)= 5 > ncol(H)= 1 ]
Runs: |=========================================         |  82%Warning in validityMethod(object) :
  Dimensions of W and H look strange [ncol(W)= 5 > ncol(H)= 1 ]
Warning in validityMethod(object) :
  Dimensions of W and H look strange [ncol(W)= 5 > ncol(H)= 1 ]
Warning in validityMethod(object) :
  Dimensions of W and H look strange [ncol(W)= 5 > ncol(H)= 1 ]
Warning in validityMethod(object) :
  Dimensions of W and H look strange [ncol(W)= 5 > ncol(H)= 1 ]
Warning in validityMethod(object) :Warning in validityMethod(object) :
  Dimensions of W and H look strange [ncol(W)= 5 > ncol(H)= 1 ]

  Dimensions of W and H look strange [ncol(W)= 5 > ncol(H)= 1 ]
Runs: |===========================================       |  86%Warning in validityMethod(object) :
  Dimensions of W and H look strange [ncol(W)= 5 > ncol(H)= 1 ]
Warning in validityMethod(object) :
  Dimensions of W and H look strange [ncol(W)= 5 > ncol(H)= 1 ]
Warning in validityMethod(object) :
  Dimensions of W and H look strange [ncol(W)= 5 > ncol(H)= 1 ]
Warning in validityMethod(object) :
  Dimensions of W and H look strange [ncol(W)= 5 > ncol(H)= 1 ]
Warning in validityMethod(object) :
  Dimensions of W and H look strange [ncol(W)= 5 > ncol(H)= 1 ]
Warning in validityMethod(object) :
  Dimensions of W and H look strange [ncol(W)= 5 > ncol(H)= 1 ]
Runs: |=============================================     |  90%Warning in validityMethod(object) :
  Dimensions of W and H look strange [ncol(W)= 5 > ncol(H)= 1 ]
Warning in validityMethod(object) :
  Dimensions of W and H look strange [ncol(W)= 5 > ncol(H)= 1 ]
Warning in validityMethod(object) :
  Dimensions of W and H look strange [ncol(W)= 5 > ncol(H)= 1 ]
Warning in validityMethod(object) :
  Dimensions of W and H look strange [ncol(W)= 5 > ncol(H)= 1 ]
Warning in validityMethod(object) :
  Dimensions of W and H look strange [ncol(W)= 5 > ncol(H)= 1 ]
Warning in validityMethod(object) :
  Dimensions of W and H look strange [ncol(W)= 5 > ncol(H)= 1 ]
Runs: |===============================================   |  94%Warning in validityMethod(object) :
  Dimensions of W and H look strange [ncol(W)= 5 > ncol(H)= 1 ]
Warning in validityMethod(object) :
  Dimensions of W and H look strange [ncol(W)= 5 > ncol(H)= 1 ]
Warning in validityMethod(object) :
  Dimensions of W and H look strange [ncol(W)= 5 > ncol(H)= 1 ]
Warning in validityMethod(object) :
  Dimensions of W and H look strange [ncol(W)= 5 > ncol(H)= 1 ]
Warning in validityMethod(object) :
  Dimensions of W and H look strange [ncol(W)= 5 > ncol(H)= 1 ]
Warning in validityMethod(object) :
  Dimensions of W and H look strange [ncol(W)= 5 > ncol(H)= 1 ]
Runs: |================================================= |  98%Warning in validityMethod(object) :
  Dimensions of W and H look strange [ncol(W)= 5 > ncol(H)= 1 ]
Warning in validityMethod(object) :
  Dimensions of W and H look strange [ncol(W)= 5 > ncol(H)= 1 ]
Warning in validityMethod(object) :
  Dimensions of W and H look strange [ncol(W)= 5 > ncol(H)= 1 ]
Warning in validityMethod(object) :
  Dimensions of W and H look strange [ncol(W)= 5 > ncol(H)= 1 ]
Warning in validityMethod(object) :
  Dimensions of W and H look strange [ncol(W)= 5 > ncol(H)= 1 ]
Warning in validityMethod(object) :
  Dimensions of W and H look strange [ncol(W)= 5 > ncol(H)= 1 ]
Runs: |==================================================| 100%
System time:
   user  system elapsed 
  2.133   0.091   2.259 
ℹ [2026-10-08 23:47:19.38991]: Keeping at most 10 NMF solutions with KLD within (1+RTOL) range of the best.
ℹ [2026-10-08 23:47:19.468344]: Reading NMF run files...
✔ [2026-10-08 23:47:19.474905]: Read successfully.
✔ [2026-10-08 23:47:19.475823]: NMF run files deleted.
✔ [2026-10-08 23:47:19.476359]: Done for this signature number. Current memory size used: 117MB
ℹ [2026-10-08 23:47:19.581857]: Starting process the solution list.
ℹ [2026-10-08 23:47:19.582595]: 4 cores set for processing solutions.
 Progress: ──────────────────────────────────────────────────────────────── 100%ℹ [2026-10-08 23:47:21.410341]: Normalizing solutions to get Signature and Exposure.
ℹ [2026-10-08 23:47:45.036624]: Start processing 2 signatures.
ℹ [2026-10-08 23:47:45.037997]: Running clustering with match algorithm for signature assignment in different NMF runs.
✔ [2026-10-08 23:47:45.062731]: Run pairs obtained.
✔ [2026-10-08 23:47:45.29246]: Run pairwise similarity distance calculated.
✔ [2026-10-08 23:47:49.255469]: Match list obtained.
✔ [2026-10-08 23:47:49.259948]: Match list ordered by distance.
✔ [2026-10-08 23:47:49.759264]: Clustering done.
ℹ [2026-10-08 23:47:49.760864]: Ordering data based on the clustering result.
✔ [2026-10-08 23:47:49.762092]: Done.
ℹ [2026-10-08 23:47:49.76268]: Calculating stats for signatures and samples.
ℹ [2026-10-08 23:47:49.763245]: Getting signature stats.
ℹ [2026-10-08 23:47:49.763903]: 	 getting exposure array.
ℹ [2026-10-08 23:47:49.949587]: 	 summarizing signatures from different runs.
ℹ [2026-10-08 23:47:50.113503]: 	 summarizing sample profile similarity.
ℹ [2026-10-08 23:47:50.34094]: 	 summarizing signature-wise profile similarity.
ℹ [2026-10-08 23:47:51.067811]: Getting sample stats.
ℹ [2026-10-08 23:47:51.069158]: 	 getting exposure array.
ℹ [2026-10-08 23:47:51.2303]: 	 summarizing exposures from different runs.
ℹ [2026-10-08 23:47:51.384268]: 	 getting catalog array.
ℹ [2026-10-08 23:47:51.561114]: 	 summarizing sample profile similarity.
ℹ [2026-10-08 23:47:51.76557]: 	 summarizing sample-wise profile similarity.
ℹ [2026-10-08 23:47:51.920077]: 	 summarizing sample profile reconstruction stats.
✔ [2026-10-08 23:47:52.275907]: Done.
ℹ [2026-10-08 23:47:52.276868]: Outputing extraction result and corresponding stats.
✔ [2026-10-08 23:47:52.278014]: Data.frame for stats generated.
✔ [2026-10-08 23:47:52.445046]: Signature object generated.
ℹ [2026-10-08 23:47:22.630165]: Normalizing solutions to get Signature and Exposure.
ℹ [2026-10-08 23:47:46.677451]: Start processing 3 signatures.
ℹ [2026-10-08 23:47:46.678408]: Running clustering with match algorithm for signature assignment in different NMF runs.
✔ [2026-10-08 23:47:46.709885]: Run pairs obtained.
✔ [2026-10-08 23:47:47.028271]: Run pairwise similarity distance calculated.
✔ [2026-10-08 23:47:51.346107]: Match list obtained.
✔ [2026-10-08 23:47:51.350245]: Match list ordered by distance.
✔ [2026-10-08 23:47:52.051838]: Clustering done.
ℹ [2026-10-08 23:47:52.054129]: Ordering data based on the clustering result.
✔ [2026-10-08 23:47:52.055527]: Done.
ℹ [2026-10-08 23:47:52.056129]: Calculating stats for signatures and samples.
ℹ [2026-10-08 23:47:52.056659]: Getting signature stats.
ℹ [2026-10-08 23:47:52.057279]: 	 getting exposure array.
ℹ [2026-10-08 23:47:52.24961]: 	 summarizing signatures from different runs.
ℹ [2026-10-08 23:47:52.425855]: 	 summarizing sample profile similarity.
ℹ [2026-10-08 23:47:52.702491]: 	 summarizing signature-wise profile similarity.
ℹ [2026-10-08 23:47:53.599907]: Getting sample stats.
ℹ [2026-10-08 23:47:53.600906]: 	 getting exposure array.
ℹ [2026-10-08 23:47:53.760287]: 	 summarizing exposures from different runs.
ℹ [2026-10-08 23:47:53.911902]: 	 getting catalog array.
ℹ [2026-10-08 23:47:54.080317]: 	 summarizing sample profile similarity.
ℹ [2026-10-08 23:47:54.270325]: 	 summarizing sample-wise profile similarity.
ℹ [2026-10-08 23:47:54.434996]: 	 summarizing sample profile reconstruction stats.
✔ [2026-10-08 23:47:54.747732]: Done.
ℹ [2026-10-08 23:47:54.748631]: Outputing extraction result and corresponding stats.
✔ [2026-10-08 23:47:54.749535]: Data.frame for stats generated.
✔ [2026-10-08 23:47:54.900967]: Signature object generated.
ℹ [2026-10-08 23:47:24.134964]: Normalizing solutions to get Signature and Exposure.
ℹ [2026-10-08 23:47:48.137424]: Start processing 4 signatures.
ℹ [2026-10-08 23:47:48.138391]: Running clustering with match algorithm for signature assignment in different NMF runs.
✔ [2026-10-08 23:47:48.164969]: Run pairs obtained.
✔ [2026-10-08 23:47:48.569438]: Run pairwise similarity distance calculated.
✔ [2026-10-08 23:47:53.261947]: Match list obtained.
✔ [2026-10-08 23:47:53.265734]: Match list ordered by distance.
✔ [2026-10-08 23:47:53.959384]: Clustering done.
ℹ [2026-10-08 23:47:53.961385]: Ordering data based on the clustering result.
✔ [2026-10-08 23:47:53.962529]: Done.
ℹ [2026-10-08 23:47:53.963054]: Calculating stats for signatures and samples.
ℹ [2026-10-08 23:47:53.963536]: Getting signature stats.
ℹ [2026-10-08 23:47:53.964131]: 	 getting exposure array.
ℹ [2026-10-08 23:47:54.141054]: 	 summarizing signatures from different runs.
ℹ [2026-10-08 23:47:54.314377]: 	 summarizing sample profile similarity.
ℹ [2026-10-08 23:47:54.616696]: 	 summarizing signature-wise profile similarity.
ℹ [2026-10-08 23:47:55.542027]: Getting sample stats.
ℹ [2026-10-08 23:47:55.543205]: 	 getting exposure array.
ℹ [2026-10-08 23:47:55.691772]: 	 summarizing exposures from different runs.
ℹ [2026-10-08 23:47:55.855653]: 	 getting catalog array.
ℹ [2026-10-08 23:47:55.993427]: 	 summarizing sample profile similarity.
ℹ [2026-10-08 23:47:56.166207]: 	 summarizing sample-wise profile similarity.
ℹ [2026-10-08 23:47:56.312208]: 	 summarizing sample profile reconstruction stats.
✔ [2026-10-08 23:47:56.615045]: Done.
ℹ [2026-10-08 23:47:56.616507]: Outputing extraction result and corresponding stats.
✔ [2026-10-08 23:47:56.617407]: Data.frame for stats generated.
✔ [2026-10-08 23:47:56.76576]: Signature object generated.
ℹ [2026-10-08 23:47:25.751644]: Normalizing solutions to get Signature and Exposure.
ℹ [2026-10-08 23:47:49.623195]: Start processing 5 signatures.
ℹ [2026-10-08 23:47:49.624203]: Running clustering with match algorithm for signature assignment in different NMF runs.
✔ [2026-10-08 23:47:49.653222]: Run pairs obtained.
✔ [2026-10-08 23:47:50.238423]: Run pairwise similarity distance calculated.
✔ [2026-10-08 23:47:55.538819]: Match list obtained.
✔ [2026-10-08 23:47:55.543479]: Match list ordered by distance.
✔ [2026-10-08 23:47:56.145078]: Clustering done.
ℹ [2026-10-08 23:47:56.148076]: Ordering data based on the clustering result.
✔ [2026-10-08 23:47:56.149978]: Done.
ℹ [2026-10-08 23:47:56.150979]: Calculating stats for signatures and samples.
ℹ [2026-10-08 23:47:56.151575]: Getting signature stats.
ℹ [2026-10-08 23:47:56.152257]: 	 getting exposure array.
ℹ [2026-10-08 23:47:56.316815]: 	 summarizing signatures from different runs.
ℹ [2026-10-08 23:47:56.489017]: 	 summarizing sample profile similarity.
ℹ [2026-10-08 23:47:56.803177]: 	 summarizing signature-wise profile similarity.
ℹ [2026-10-08 23:47:57.854788]: Getting sample stats.
ℹ [2026-10-08 23:47:57.855765]: 	 getting exposure array.
ℹ [2026-10-08 23:47:57.987392]: 	 summarizing exposures from different runs.
ℹ [2026-10-08 23:47:58.11495]: 	 getting catalog array.
ℹ [2026-10-08 23:47:58.252422]: 	 summarizing sample profile similarity.
ℹ [2026-10-08 23:47:58.402599]: 	 summarizing sample-wise profile similarity.
ℹ [2026-10-08 23:47:58.542987]: 	 summarizing sample profile reconstruction stats.
✔ [2026-10-08 23:47:58.799277]: Done.
ℹ [2026-10-08 23:47:58.800218]: Outputing extraction result and corresponding stats.
✔ [2026-10-08 23:47:58.801123]: Data.frame for stats generated.
✔ [2026-10-08 23:47:58.925757]: Signature object generated.
✔ [2026-10-08 23:47:59.776254]: Solution list processed. Current memory size used: 120MB
ℹ [2026-10-08 23:47:59.849104]: Merging and checking the solution data.
✔ [2026-10-08 23:47:59.850662]: Merged. Current memory size used: 120MB
ℹ [2026-10-08 23:47:59.905199]: Ranking signature extraction solutions.
ℹ [2026-10-08 23:47:59.907171]: Calculating integrated rank score based on the measures: silhouette, L2_error
ℹ [2026-10-08 23:47:59.907711]: Corresponding weights for obtaining the aggregated score are: 0.4, 0.6
✔ [2026-10-08 23:47:59.90919]: The solution of 2 signatures (aggregated score = 95.5) is the suggested result.
✔ [2026-10-08 23:47:59.909797]: Extraction procedure run successfully.
ℹ [2026-10-08 23:47:59.986917]: 3.902 mins elapsed.
[run_sigminer] 1 samples x 2 signatures -> /work/mini/out/intervals.csv
[self-witness] mini-cell OK: rc 0, sidecar schema valid, container-side guard satisfied
