## RB-05(4.ii) promoted witness -- documented rules excerpt v3:
## R1 CR-progress collapsed; R2 C++ diagnostic bodies dropped (0
## lines); R3 storm shapes (>=150 repeats, digit-masked 48-byte
## prefix key) kept head 20/tail 40, middle collapsed
## into 6 markers; R4 all else verbatim, order preserved.
## full-file sha256 of the UNtrimmed original:
## ca184bbeb26fb2163e01b45debaa1a315f144433d7bb75db907d64bb759c0f59
## (original retained on the controller host at /tmp/m7probe/stage2.log)
Warning message:
In readLines(params_path) :
  incomplete final line found on '/m7scaffold/in/params.json'
Loading required namespace: synchronicity
Failed with error:  ‘there is no package called ‘synchronicity’’
Installing package into ‘/usr/local/lib/R/site-library’
(as ‘lib’ is unspecified)
also installing the dependencies ‘bigmemory.sri’, ‘uuid’, ‘BH’

trying URL 'https://p3m.dev/cran/2024-04-23/src/contrib/bigmemory.sri_0.1.8.tar.gz'
Content type 'application/x-tar' length 1876 bytes
==================================================
downloaded 1876 bytes

trying URL 'https://p3m.dev/cran/2024-04-23/src/contrib/uuid_1.2-0.tar.gz'
Warning in download.file(url, destfile, method, mode = "wb", ...) :
  URL 'https://p3m.dev/cran/2024-04-23/src/contrib/uuid_1.2-0.tar.gz': status was 'SSL connect error'
Error in download.file(url, destfile, method, mode = "wb", ...) : 
  cannot open URL 'https://p3m.dev/cran/2024-04-23/src/contrib/uuid_1.2-0.tar.gz'
Warning in download.packages(pkgs, destdir = tmpd, available = available,  :
  download of package ‘uuid’ failed
trying URL 'https://p3m.dev/cran/2024-04-23/src/contrib/BH_1.84.0-0.tar.gz'
Warning in download.file(url, destfile, method, mode = "wb", ...) :
  URL 'https://p3m.dev/cran/2024-04-23/src/contrib/BH_1.84.0-0.tar.gz': status was 'SSL connect error'
Error in download.file(url, destfile, method, mode = "wb", ...) : 
  cannot open URL 'https://p3m.dev/cran/2024-04-23/src/contrib/BH_1.84.0-0.tar.gz'
Warning in download.packages(pkgs, destdir = tmpd, available = available,  :
  download of package ‘BH’ failed
trying URL 'https://p3m.dev/cran/2024-04-23/src/contrib/synchronicity_1.3.10.tar.gz'
Warning in download.file(url, destfile, method, mode = "wb", ...) :
  URL 'https://p3m.dev/cran/2024-04-23/src/contrib/synchronicity_1.3.10.tar.gz': status was 'SSL connect error'
Error in download.file(url, destfile, method, mode = "wb", ...) : 
  cannot open URL 'https://p3m.dev/cran/2024-04-23/src/contrib/synchronicity_1.3.10.tar.gz'
Warning in download.packages(pkgs, destdir = tmpd, available = available,  :
  download of package ‘synchronicity’ failed
* installing *source* package ‘bigmemory.sri’ ...
** package ‘bigmemory.sri’ successfully unpacked and MD5 sums checked
** using staged installation
** R
** byte-compile and prepare package for lazy loading
** help
*** installing help indices
** building package indices
** testing if installed package can be loaded from temporary location
** testing if installed package can be loaded from final location
** testing if installed package keeps a record of temporary installation path
* DONE (bigmemory.sri)

The downloaded source packages are in
	‘/tmp/RtmpX4Q9QJ/downloaded_packages’
Loading required namespace: lpSolve
Failed with error:  ‘there is no package called ‘lpSolve’’
Installing package into ‘/usr/local/lib/R/site-library’
(as ‘lib’ is unspecified)
trying URL 'https://p3m.dev/cran/2024-04-23/src/contrib/lpSolve_5.6.20.tar.gz'
Content type 'binary/octet-stream' length 470260 bytes (459 KB)
==================================================
downloaded 459 KB

* installing *source* package ‘lpSolve’ ...
** package ‘lpSolve’ successfully unpacked and MD5 sums checked
** using staged installation
** libs
using C compiler: ‘gcc (Ubuntu 11.4.0-1ubuntu1~22.04) 11.4.0’
gcc -I"/usr/local/lib/R/include" -DNDEBUG -I . -DINTEGERTIME -DPARSER_LP -DBUILDING_FOR_R -DYY_NEVER_INTERACTIVE -DUSRDLL -DCLOCKTIME -DRoleIsExternalInvEngine -DINVERSE_ACTIVE=INVERSE_LUSOL -DINLINE=static -DParanoia  -I/usr/local/include    -fPIC  -g -O2 -fstack-protector-strong -Wformat -Werror=format-security -Wdate-time -D_FORTIFY_SOURCE=2 -g  -c colamd.c -o colamd.o
gcc -I"/usr/local/lib/R/include" -DNDEBUG -I . -DINTEGERTIME -DPARSER_LP -DBUILDING_FOR_R -DYY_NEVER_INTERACTIVE -DUSRDLL -DCLOCKTIME -DRoleIsExternalInvEngine -DINVERSE_ACTIVE=INVERSE_LUSOL -DINLINE=static -DParanoia  -I/usr/local/include    -fPIC  -g -O2 -fstack-protector-strong -Wformat -Werror=format-security -Wdate-time -D_FORTIFY_SOURCE=2 -g  -c commonlib.c -o commonlib.o
gcc -I"/usr/local/lib/R/include" -DNDEBUG -I . -DINTEGERTIME -DPARSER_LP -DBUILDING_FOR_R -DYY_NEVER_INTERACTIVE -DUSRDLL -DCLOCKTIME -DRoleIsExternalInvEngine -DINVERSE_ACTIVE=INVERSE_LUSOL -DINLINE=static -DParanoia  -I/usr/local/include    -fPIC  -g -O2 -fstack-protector-strong -Wformat -Werror=format-security -Wdate-time -D_FORTIFY_SOURCE=2 -g  -c hbio.c -o hbio.o
gcc -I"/usr/local/lib/R/include" -DNDEBUG -I . -DINTEGERTIME -DPARSER_LP -DBUILDING_FOR_R -DYY_NEVER_INTERACTIVE -DUSRDLL -DCLOCKTIME -DRoleIsExternalInvEngine -DINVERSE_ACTIVE=INVERSE_LUSOL -DINLINE=static -DParanoia  -I/usr/local/include    -fPIC  -g -O2 -fstack-protector-strong -Wformat -Werror=format-security -Wdate-time -D_FORTIFY_SOURCE=2 -g  -c ini.c -o ini.o
gcc -I"/usr/local/lib/R/include" -DNDEBUG -I . -DINTEGERTIME -DPARSER_LP -DBUILDING_FOR_R -DYY_NEVER_INTERACTIVE -DUSRDLL -DCLOCKTIME -DRoleIsExternalInvEngine -DINVERSE_ACTIVE=INVERSE_LUSOL -DINLINE=static -DParanoia  -I/usr/local/include    -fPIC  -g -O2 -fstack-protector-strong -Wformat -Werror=format-security -Wdate-time -D_FORTIFY_SOURCE=2 -g  -c init.c -o init.o
gcc -I"/usr/local/lib/R/include" -DNDEBUG -I . -DINTEGERTIME -DPARSER_LP -DBUILDING_FOR_R -DYY_NEVER_INTERACTIVE -DUSRDLL -DCLOCKTIME -DRoleIsExternalInvEngine -DINVERSE_ACTIVE=INVERSE_LUSOL -DINLINE=static -DParanoia  -I/usr/local/include    -fPIC  -g -O2 -fstack-protector-strong -Wformat -Werror=format-security -Wdate-time -D_FORTIFY_SOURCE=2 -g  -c isfixedvar.c -o isfixedvar.o
gcc -I"/usr/local/lib/R/include" -DNDEBUG -I . -DINTEGERTIME -DPARSER_LP -DBUILDING_FOR_R -DYY_NEVER_INTERACTIVE -DUSRDLL -DCLOCKTIME -DRoleIsExternalInvEngine -DINVERSE_ACTIVE=INVERSE_LUSOL -DINLINE=static -DParanoia  -I/usr/local/include    -fPIC  -g -O2 -fstack-protector-strong -Wformat -Werror=format-security -Wdate-time -D_FORTIFY_SOURCE=2 -g  -c lp_Hash.c -o lp_Hash.o
gcc -I"/usr/local/lib/R/include" -DNDEBUG -I . -DINTEGERTIME -DPARSER_LP -DBUILDING_FOR_R -DYY_NEVER_INTERACTIVE -DUSRDLL -DCLOCKTIME -DRoleIsExternalInvEngine -DINVERSE_ACTIVE=INVERSE_LUSOL -DINLINE=static -DParanoia  -I/usr/local/include    -fPIC  -g -O2 -fstack-protector-strong -Wformat -Werror=format-security -Wdate-time -D_FORTIFY_SOURCE=2 -g  -c lp_LUSOL.c -o lp_LUSOL.o
gcc -I"/usr/local/lib/R/include" -DNDEBUG -I . -DINTEGERTIME -DPARSER_LP -DBUILDING_FOR_R -DYY_NEVER_INTERACTIVE -DUSRDLL -DCLOCKTIME -DRoleIsExternalInvEngine -DINVERSE_ACTIVE=INVERSE_LUSOL -DINLINE=static -DParanoia  -I/usr/local/include    -fPIC  -g -O2 -fstack-protector-strong -Wformat -Werror=format-security -Wdate-time -D_FORTIFY_SOURCE=2 -g  -c lp_MDO.c -o lp_MDO.o
gcc -I"/usr/local/lib/R/include" -DNDEBUG -I . -DINTEGERTIME -DPARSER_LP -DBUILDING_FOR_R -DYY_NEVER_INTERACTIVE -DUSRDLL -DCLOCKTIME -DRoleIsExternalInvEngine -DINVERSE_ACTIVE=INVERSE_LUSOL -DINLINE=static -DParanoia  -I/usr/local/include    -fPIC  -g -O2 -fstack-protector-strong -Wformat -Werror=format-security -Wdate-time -D_FORTIFY_SOURCE=2 -g  -c lp_MPS.c -o lp_MPS.o
gcc -I"/usr/local/lib/R/include" -DNDEBUG -I . -DINTEGERTIME -DPARSER_LP -DBUILDING_FOR_R -DYY_NEVER_INTERACTIVE -DUSRDLL -DCLOCKTIME -DRoleIsExternalInvEngine -DINVERSE_ACTIVE=INVERSE_LUSOL -DINLINE=static -DParanoia  -I/usr/local/include    -fPIC  -g -O2 -fstack-protector-strong -Wformat -Werror=format-security -Wdate-time -D_FORTIFY_SOURCE=2 -g  -c lp_SOS.c -o lp_SOS.o
gcc -I"/usr/local/lib/R/include" -DNDEBUG -I . -DINTEGERTIME -DPARSER_LP -DBUILDING_FOR_R -DYY_NEVER_INTERACTIVE -DUSRDLL -DCLOCKTIME -DRoleIsExternalInvEngine -DINVERSE_ACTIVE=INVERSE_LUSOL -DINLINE=static -DParanoia  -I/usr/local/include    -fPIC  -g -O2 -fstack-protector-strong -Wformat -Werror=format-security -Wdate-time -D_FORTIFY_SOURCE=2 -g  -c lp_crash.c -o lp_crash.o
gcc -I"/usr/local/lib/R/include" -DNDEBUG -I . -DINTEGERTIME -DPARSER_LP -DBUILDING_FOR_R -DYY_NEVER_INTERACTIVE -DUSRDLL -DCLOCKTIME -DRoleIsExternalInvEngine -DINVERSE_ACTIVE=INVERSE_LUSOL -DINLINE=static -DParanoia  -I/usr/local/include    -fPIC  -g -O2 -fstack-protector-strong -Wformat -Werror=format-security -Wdate-time -D_FORTIFY_SOURCE=2 -g  -c lp_lib.c -o lp_lib.o
gcc -I"/usr/local/lib/R/include" -DNDEBUG -I . -DINTEGERTIME -DPARSER_LP -DBUILDING_FOR_R -DYY_NEVER_INTERACTIVE -DUSRDLL -DCLOCKTIME -DRoleIsExternalInvEngine -DINVERSE_ACTIVE=INVERSE_LUSOL -DINLINE=static -DParanoia  -I/usr/local/include    -fPIC  -g -O2 -fstack-protector-strong -Wformat -Werror=format-security -Wdate-time -D_FORTIFY_SOURCE=2 -g  -c lp_matrix.c -o lp_matrix.o
gcc -I"/usr/local/lib/R/include" -DNDEBUG -I . -DINTEGERTIME -DPARSER_LP -DBUILDING_FOR_R -DYY_NEVER_INTERACTIVE -DUSRDLL -DCLOCKTIME -DRoleIsExternalInvEngine -DINVERSE_ACTIVE=INVERSE_LUSOL -DINLINE=static -DParanoia  -I/usr/local/include    -fPIC  -g -O2 -fstack-protector-strong -Wformat -Werror=format-security -Wdate-time -D_FORTIFY_SOURCE=2 -g  -c lp_mipbb.c -o lp_mipbb.o
gcc -I"/usr/local/lib/R/include" -DNDEBUG -I . -DINTEGERTIME -DPARSER_LP -DBUILDING_FOR_R -DYY_NEVER_INTERACTIVE -DUSRDLL -DCLOCKTIME -DRoleIsExternalInvEngine -DINVERSE_ACTIVE=INVERSE_LUSOL -DINLINE=static -DParanoia  -I/usr/local/include    -fPIC  -g -O2 -fstack-protector-strong -Wformat -Werror=format-security -Wdate-time -D_FORTIFY_SOURCE=2 -g  -c lp_params.c -o lp_params.o
gcc -I"/usr/local/lib/R/include" -DNDEBUG -I . -DINTEGERTIME -DPARSER_LP -DBUILDING_FOR_R -DYY_NEVER_INTERACTIVE -DUSRDLL -DCLOCKTIME -DRoleIsExternalInvEngine -DINVERSE_ACTIVE=INVERSE_LUSOL -DINLINE=static -DParanoia  -I/usr/local/include    -fPIC  -g -O2 -fstack-protector-strong -Wformat -Werror=format-security -Wdate-time -D_FORTIFY_SOURCE=2 -g  -c lp_presolve.c -o lp_presolve.o
gcc -I"/usr/local/lib/R/include" -DNDEBUG -I . -DINTEGERTIME -DPARSER_LP -DBUILDING_FOR_R -DYY_NEVER_INTERACTIVE -DUSRDLL -DCLOCKTIME -DRoleIsExternalInvEngine -DINVERSE_ACTIVE=INVERSE_LUSOL -DINLINE=static -DParanoia  -I/usr/local/include    -fPIC  -g -O2 -fstack-protector-strong -Wformat -Werror=format-security -Wdate-time -D_FORTIFY_SOURCE=2 -g  -c lp_price.c -o lp_price.o
gcc -I"/usr/local/lib/R/include" -DNDEBUG -I . -DINTEGERTIME -DPARSER_LP -DBUILDING_FOR_R -DYY_NEVER_INTERACTIVE -DUSRDLL -DCLOCKTIME -DRoleIsExternalInvEngine -DINVERSE_ACTIVE=INVERSE_LUSOL -DINLINE=static -DParanoia  -I/usr/local/include    -fPIC  -g -O2 -fstack-protector-strong -Wformat -Werror=format-security -Wdate-time -D_FORTIFY_SOURCE=2 -g  -c lp_pricePSE.c -o lp_pricePSE.o
gcc -I"/usr/local/lib/R/include" -DNDEBUG -I . -DINTEGERTIME -DPARSER_LP -DBUILDING_FOR_R -DYY_NEVER_INTERACTIVE -DUSRDLL -DCLOCKTIME -DRoleIsExternalInvEngine -DINVERSE_ACTIVE=INVERSE_LUSOL -DINLINE=static -DParanoia  -I/usr/local/include    -fPIC  -g -O2 -fstack-protector-strong -Wformat -Werror=format-security -Wdate-time -D_FORTIFY_SOURCE=2 -g  -c lp_report.c -o lp_report.o
gcc -I"/usr/local/lib/R/include" -DNDEBUG -I . -DINTEGERTIME -DPARSER_LP -DBUILDING_FOR_R -DYY_NEVER_INTERACTIVE -DUSRDLL -DCLOCKTIME -DRoleIsExternalInvEngine -DINVERSE_ACTIVE=INVERSE_LUSOL -DINLINE=static -DParanoia  -I/usr/local/include    -fPIC  -g -O2 -fstack-protector-strong -Wformat -Werror=format-security -Wdate-time -D_FORTIFY_SOURCE=2 -g  -c lp_rlp.c -o lp_rlp.o
gcc -I"/usr/local/lib/R/include" -DNDEBUG -I . -DINTEGERTIME -DPARSER_LP -DBUILDING_FOR_R -DYY_NEVER_INTERACTIVE -DUSRDLL -DCLOCKTIME -DRoleIsExternalInvEngine -DINVERSE_ACTIVE=INVERSE_LUSOL -DINLINE=static -DParanoia  -I/usr/local/include    -fPIC  -g -O2 -fstack-protector-strong -Wformat -Werror=format-security -Wdate-time -D_FORTIFY_SOURCE=2 -g  -c lp_scale.c -o lp_scale.o
gcc -I"/usr/local/lib/R/include" -DNDEBUG -I . -DINTEGERTIME -DPARSER_LP -DBUILDING_FOR_R -DYY_NEVER_INTERACTIVE -DUSRDLL -DCLOCKTIME -DRoleIsExternalInvEngine -DINVERSE_ACTIVE=INVERSE_LUSOL -DINLINE=static -DParanoia  -I/usr/local/include    -fPIC  -g -O2 -fstack-protector-strong -Wformat -Werror=format-security -Wdate-time -D_FORTIFY_SOURCE=2 -g  -c lp_simplex.c -o lp_simplex.o
gcc -I"/usr/local/lib/R/include" -DNDEBUG -I . -DINTEGERTIME -DPARSER_LP -DBUILDING_FOR_R -DYY_NEVER_INTERACTIVE -DUSRDLL -DCLOCKTIME -DRoleIsExternalInvEngine -DINVERSE_ACTIVE=INVERSE_LUSOL -DINLINE=static -DParanoia  -I/usr/local/include    -fPIC  -g -O2 -fstack-protector-strong -Wformat -Werror=format-security -Wdate-time -D_FORTIFY_SOURCE=2 -g  -c lp_utils.c -o lp_utils.o
gcc -I"/usr/local/lib/R/include" -DNDEBUG -I . -DINTEGERTIME -DPARSER_LP -DBUILDING_FOR_R -DYY_NEVER_INTERACTIVE -DUSRDLL -DCLOCKTIME -DRoleIsExternalInvEngine -DINVERSE_ACTIVE=INVERSE_LUSOL -DINLINE=static -DParanoia  -I/usr/local/include    -fPIC  -g -O2 -fstack-protector-strong -Wformat -Werror=format-security -Wdate-time -D_FORTIFY_SOURCE=2 -g  -c lp_wlp.c -o lp_wlp.o
gcc -I"/usr/local/lib/R/include" -DNDEBUG -I . -DINTEGERTIME -DPARSER_LP -DBUILDING_FOR_R -DYY_NEVER_INTERACTIVE -DUSRDLL -DCLOCKTIME -DRoleIsExternalInvEngine -DINVERSE_ACTIVE=INVERSE_LUSOL -DINLINE=static -DParanoia  -I/usr/local/include    -fPIC  -g -O2 -fstack-protector-strong -Wformat -Werror=format-security -Wdate-time -D_FORTIFY_SOURCE=2 -g  -c lpslink56.c -o lpslink56.o
gcc -I"/usr/local/lib/R/include" -DNDEBUG -I . -DINTEGERTIME -DPARSER_LP -DBUILDING_FOR_R -DYY_NEVER_INTERACTIVE -DUSRDLL -DCLOCKTIME -DRoleIsExternalInvEngine -DINVERSE_ACTIVE=INVERSE_LUSOL -DINLINE=static -DParanoia  -I/usr/local/include    -fPIC  -g -O2 -fstack-protector-strong -Wformat -Werror=format-security -Wdate-time -D_FORTIFY_SOURCE=2 -g  -c lusol.c -o lusol.o
gcc -I"/usr/local/lib/R/include" -DNDEBUG -I . -DINTEGERTIME -DPARSER_LP -DBUILDING_FOR_R -DYY_NEVER_INTERACTIVE -DUSRDLL -DCLOCKTIME -DRoleIsExternalInvEngine -DINVERSE_ACTIVE=INVERSE_LUSOL -DINLINE=static -DParanoia  -I/usr/local/include    -fPIC  -g -O2 -fstack-protector-strong -Wformat -Werror=format-security -Wdate-time -D_FORTIFY_SOURCE=2 -g  -c lusolio.c -o lusolio.o
gcc -I"/usr/local/lib/R/include" -DNDEBUG -I . -DINTEGERTIME -DPARSER_LP -DBUILDING_FOR_R -DYY_NEVER_INTERACTIVE -DUSRDLL -DCLOCKTIME -DRoleIsExternalInvEngine -DINVERSE_ACTIVE=INVERSE_LUSOL -DINLINE=static -DParanoia  -I/usr/local/include    -fPIC  -g -O2 -fstack-protector-strong -Wformat -Werror=format-security -Wdate-time -D_FORTIFY_SOURCE=2 -g  -c mmio.c -o mmio.o
gcc -I"/usr/local/lib/R/include" -DNDEBUG -I . -DINTEGERTIME -DPARSER_LP -DBUILDING_FOR_R -DYY_NEVER_INTERACTIVE -DUSRDLL -DCLOCKTIME -DRoleIsExternalInvEngine -DINVERSE_ACTIVE=INVERSE_LUSOL -DINLINE=static -DParanoia  -I/usr/local/include    -fPIC  -g -O2 -fstack-protector-strong -Wformat -Werror=format-security -Wdate-time -D_FORTIFY_SOURCE=2 -g  -c myblas.c -o myblas.o
gcc -I"/usr/local/lib/R/include" -DNDEBUG -I . -DINTEGERTIME -DPARSER_LP -DBUILDING_FOR_R -DYY_NEVER_INTERACTIVE -DUSRDLL -DCLOCKTIME -DRoleIsExternalInvEngine -DINVERSE_ACTIVE=INVERSE_LUSOL -DINLINE=static -DParanoia  -I/usr/local/include    -fPIC  -g -O2 -fstack-protector-strong -Wformat -Werror=format-security -Wdate-time -D_FORTIFY_SOURCE=2 -g  -c sparselib.c -o sparselib.o
gcc -I"/usr/local/lib/R/include" -DNDEBUG -I . -DINTEGERTIME -DPARSER_LP -DBUILDING_FOR_R -DYY_NEVER_INTERACTIVE -DUSRDLL -DCLOCKTIME -DRoleIsExternalInvEngine -DINVERSE_ACTIVE=INVERSE_LUSOL -DINLINE=static -DParanoia  -I/usr/local/include    -fPIC  -g -O2 -fstack-protector-strong -Wformat -Werror=format-security -Wdate-time -D_FORTIFY_SOURCE=2 -g  -c yacc_read.c -o yacc_read.o
gcc -shared -L/usr/local/lib/R/lib -L/usr/local/lib -o lpSolve.so colamd.o commonlib.o hbio.o ini.o init.o isfixedvar.o lp_Hash.o lp_LUSOL.o lp_MDO.o lp_MPS.o lp_SOS.o lp_crash.o lp_lib.o lp_matrix.o lp_mipbb.o lp_params.o lp_presolve.o lp_price.o lp_pricePSE.o lp_report.o lp_rlp.o lp_scale.o lp_simplex.o lp_utils.o lp_wlp.o lpslink56.o lusol.o lusolio.o mmio.o myblas.o sparselib.o yacc_read.o -L/usr/local/lib/R/lib -lR
installing to /usr/local/lib/R/site-library/00LOCK-lpSolve/00new/lpSolve/libs
** R
** byte-compile and prepare package for lazy loading
** help
*** installing help indices
** building package indices
** testing if installed package can be loaded from temporary location
** checking absolute paths in shared objects and dynamic libraries
** testing if installed package can be loaded from final location
** testing if installed package keeps a record of temporary installation path
* DONE (lpSolve)

The downloaded source packages are in
	‘/tmp/RtmpX4Q9QJ/downloaded_packages’
ℹ [2026-10-08 22:35:00.067998]: Best practice for signature extraction started.
ℹ [2026-10-08 22:35:00.07387]: NOTE: the input should be a sample-by-component matrix.
✔ [2026-10-08 22:35:00.074496]: Input matrix kept.
ℹ [2026-10-08 22:35:00.075138]: Spliting samples if it is hyper-mutant.
✔ [2026-10-08 22:35:00.076338]: Done.
ℹ [2026-10-08 22:35:00.076839]: Generating data for inputing NMF.
✔ [2026-10-08 22:35:00.07734]: Starting resampling (get bootstrapped catalog matrix).
Loading required namespace: matrixStats
Failed with error:  ‘there is no package called ‘matrixStats’’
'matrixStats' package is not available, installing it.
Installing package into ‘/usr/local/lib/R/site-library’
(as ‘lib’ is unspecified)
trying URL 'https://p3m.dev/cran/2024-04-23/src/contrib/matrixStats_1.3.0.tar.gz'
Content type 'binary/octet-stream' length 212048 bytes (207 KB)
==================================================
downloaded 207 KB

* installing *source* package ‘matrixStats’ ...
** package ‘matrixStats’ successfully unpacked and MD5 sums checked
** using staged installation
** libs
using C compiler: ‘gcc (Ubuntu 11.4.0-1ubuntu1~22.04) 11.4.0’
gcc -I"/usr/local/lib/R/include" -DNDEBUG   -I/usr/local/include    -fPIC  -g -O2 -fstack-protector-strong -Wformat -Werror=format-security -Wdate-time -D_FORTIFY_SOURCE=2 -g  -c 000.init.c -o 000.init.o
gcc -I"/usr/local/lib/R/include" -DNDEBUG   -I/usr/local/include    -fPIC  -g -O2 -fstack-protector-strong -Wformat -Werror=format-security -Wdate-time -D_FORTIFY_SOURCE=2 -g  -c allocMatrix2.c -o allocMatrix2.o
gcc -I"/usr/local/lib/R/include" -DNDEBUG   -I/usr/local/include    -fPIC  -g -O2 -fstack-protector-strong -Wformat -Werror=format-security -Wdate-time -D_FORTIFY_SOURCE=2 -g  -c anyMissing.c -o anyMissing.o
gcc -I"/usr/local/lib/R/include" -DNDEBUG   -I/usr/local/include    -fPIC  -g -O2 -fstack-protector-strong -Wformat -Werror=format-security -Wdate-time -D_FORTIFY_SOURCE=2 -g  -c binCounts.c -o binCounts.o
gcc -I"/usr/local/lib/R/include" -DNDEBUG   -I/usr/local/include    -fPIC  -g -O2 -fstack-protector-strong -Wformat -Werror=format-security -Wdate-time -D_FORTIFY_SOURCE=2 -g  -c binMeans.c -o binMeans.o
gcc -I"/usr/local/lib/R/include" -DNDEBUG   -I/usr/local/include    -fPIC  -g -O2 -fstack-protector-strong -Wformat -Werror=format-security -Wdate-time -D_FORTIFY_SOURCE=2 -g  -c colCounts.c -o colCounts.o
gcc -I"/usr/local/lib/R/include" -DNDEBUG   -I/usr/local/include    -fPIC  -g -O2 -fstack-protector-strong -Wformat -Werror=format-security -Wdate-time -D_FORTIFY_SOURCE=2 -g  -c colOrderStats.c -o colOrderStats.o
gcc -I"/usr/local/lib/R/include" -DNDEBUG   -I/usr/local/include    -fPIC  -g -O2 -fstack-protector-strong -Wformat -Werror=format-security -Wdate-time -D_FORTIFY_SOURCE=2 -g  -c colRanges.c -o colRanges.o
gcc -I"/usr/local/lib/R/include" -DNDEBUG   -I/usr/local/include    -fPIC  -g -O2 -fstack-protector-strong -Wformat -Werror=format-security -Wdate-time -D_FORTIFY_SOURCE=2 -g  -c diff2.c -o diff2.o
gcc -I"/usr/local/lib/R/include" -DNDEBUG   -I/usr/local/include    -fPIC  -g -O2 -fstack-protector-strong -Wformat -Werror=format-security -Wdate-time -D_FORTIFY_SOURCE=2 -g  -c indexByRow.c -o indexByRow.o
gcc -I"/usr/local/lib/R/include" -DNDEBUG   -I/usr/local/include    -fPIC  -g -O2 -fstack-protector-strong -Wformat -Werror=format-security -Wdate-time -D_FORTIFY_SOURCE=2 -g  -c logSumExp.c -o logSumExp.o
gcc -I"/usr/local/lib/R/include" -DNDEBUG   -I/usr/local/include    -fPIC  -g -O2 -fstack-protector-strong -Wformat -Werror=format-security -Wdate-time -D_FORTIFY_SOURCE=2 -g  -c mean2.c -o mean2.o
gcc -I"/usr/local/lib/R/include" -DNDEBUG   -I/usr/local/include    -fPIC  -g -O2 -fstack-protector-strong -Wformat -Werror=format-security -Wdate-time -D_FORTIFY_SOURCE=2 -g  -c naming.c -o naming.o
gcc -I"/usr/local/lib/R/include" -DNDEBUG   -I/usr/local/include    -fPIC  -g -O2 -fstack-protector-strong -Wformat -Werror=format-security -Wdate-time -D_FORTIFY_SOURCE=2 -g  -c productExpSumLog.c -o productExpSumLog.o
gcc -I"/usr/local/lib/R/include" -DNDEBUG   -I/usr/local/include    -fPIC  -g -O2 -fstack-protector-strong -Wformat -Werror=format-security -Wdate-time -D_FORTIFY_SOURCE=2 -g  -c psortKM.c -o psortKM.o
gcc -I"/usr/local/lib/R/include" -DNDEBUG   -I/usr/local/include    -fPIC  -g -O2 -fstack-protector-strong -Wformat -Werror=format-security -Wdate-time -D_FORTIFY_SOURCE=2 -g  -c rowCounts.c -o rowCounts.o
gcc -I"/usr/local/lib/R/include" -DNDEBUG   -I/usr/local/include    -fPIC  -g -O2 -fstack-protector-strong -Wformat -Werror=format-security -Wdate-time -D_FORTIFY_SOURCE=2 -g  -c rowCummaxs.c -o rowCummaxs.o
gcc -I"/usr/local/lib/R/include" -DNDEBUG   -I/usr/local/include    -fPIC  -g -O2 -fstack-protector-strong -Wformat -Werror=format-security -Wdate-time -D_FORTIFY_SOURCE=2 -g  -c rowCummins.c -o rowCummins.o
gcc -I"/usr/local/lib/R/include" -DNDEBUG   -I/usr/local/include    -fPIC  -g -O2 -fstack-protector-strong -Wformat -Werror=format-security -Wdate-time -D_FORTIFY_SOURCE=2 -g  -c rowCumprods.c -o rowCumprods.o
gcc -I"/usr/local/lib/R/include" -DNDEBUG   -I/usr/local/include    -fPIC  -g -O2 -fstack-protector-strong -Wformat -Werror=format-security -Wdate-time -D_FORTIFY_SOURCE=2 -g  -c rowCumsums.c -o rowCumsums.o
gcc -I"/usr/local/lib/R/include" -DNDEBUG   -I/usr/local/include    -fPIC  -g -O2 -fstack-protector-strong -Wformat -Werror=format-security -Wdate-time -D_FORTIFY_SOURCE=2 -g  -c rowDiffs.c -o rowDiffs.o
gcc -I"/usr/local/lib/R/include" -DNDEBUG   -I/usr/local/include    -fPIC  -g -O2 -fstack-protector-strong -Wformat -Werror=format-security -Wdate-time -D_FORTIFY_SOURCE=2 -g  -c rowLogSumExp.c -o rowLogSumExp.o
gcc -I"/usr/local/lib/R/include" -DNDEBUG   -I/usr/local/include    -fPIC  -g -O2 -fstack-protector-strong -Wformat -Werror=format-security -Wdate-time -D_FORTIFY_SOURCE=2 -g  -c rowMads.c -o rowMads.o
gcc -I"/usr/local/lib/R/include" -DNDEBUG   -I/usr/local/include    -fPIC  -g -O2 -fstack-protector-strong -Wformat -Werror=format-security -Wdate-time -D_FORTIFY_SOURCE=2 -g  -c rowMeans2.c -o rowMeans2.o
gcc -I"/usr/local/lib/R/include" -DNDEBUG   -I/usr/local/include    -fPIC  -g -O2 -fstack-protector-strong -Wformat -Werror=format-security -Wdate-time -D_FORTIFY_SOURCE=2 -g  -c rowMedians.c -o rowMedians.o
gcc -I"/usr/local/lib/R/include" -DNDEBUG   -I/usr/local/include    -fPIC  -g -O2 -fstack-protector-strong -Wformat -Werror=format-security -Wdate-time -D_FORTIFY_SOURCE=2 -g  -c rowOrderStats.c -o rowOrderStats.o
gcc -I"/usr/local/lib/R/include" -DNDEBUG   -I/usr/local/include    -fPIC  -g -O2 -fstack-protector-strong -Wformat -Werror=format-security -Wdate-time -D_FORTIFY_SOURCE=2 -g  -c rowRanges.c -o rowRanges.o
gcc -I"/usr/local/lib/R/include" -DNDEBUG   -I/usr/local/include    -fPIC  -g -O2 -fstack-protector-strong -Wformat -Werror=format-security -Wdate-time -D_FORTIFY_SOURCE=2 -g  -c rowRanksWithTies.c -o rowRanksWithTies.o
gcc -I"/usr/local/lib/R/include" -DNDEBUG   -I/usr/local/include    -fPIC  -g -O2 -fstack-protector-strong -Wformat -Werror=format-security -Wdate-time -D_FORTIFY_SOURCE=2 -g  -c rowSums2.c -o rowSums2.o
gcc -I"/usr/local/lib/R/include" -DNDEBUG   -I/usr/local/include    -fPIC  -g -O2 -fstack-protector-strong -Wformat -Werror=format-security -Wdate-time -D_FORTIFY_SOURCE=2 -g  -c rowVars.c -o rowVars.o
gcc -I"/usr/local/lib/R/include" -DNDEBUG   -I/usr/local/include    -fPIC  -g -O2 -fstack-protector-strong -Wformat -Werror=format-security -Wdate-time -D_FORTIFY_SOURCE=2 -g  -c signTabulate.c -o signTabulate.o
gcc -I"/usr/local/lib/R/include" -DNDEBUG   -I/usr/local/include    -fPIC  -g -O2 -fstack-protector-strong -Wformat -Werror=format-security -Wdate-time -D_FORTIFY_SOURCE=2 -g  -c sum2.c -o sum2.o
gcc -I"/usr/local/lib/R/include" -DNDEBUG   -I/usr/local/include    -fPIC  -g -O2 -fstack-protector-strong -Wformat -Werror=format-security -Wdate-time -D_FORTIFY_SOURCE=2 -g  -c validateIndices.c -o validateIndices.o
gcc -I"/usr/local/lib/R/include" -DNDEBUG   -I/usr/local/include    -fPIC  -g -O2 -fstack-protector-strong -Wformat -Werror=format-security -Wdate-time -D_FORTIFY_SOURCE=2 -g  -c weightedMean.c -o weightedMean.o
gcc -I"/usr/local/lib/R/include" -DNDEBUG   -I/usr/local/include    -fPIC  -g -O2 -fstack-protector-strong -Wformat -Werror=format-security -Wdate-time -D_FORTIFY_SOURCE=2 -g  -c weightedMedian.c -o weightedMedian.o
gcc -I"/usr/local/lib/R/include" -DNDEBUG   -I/usr/local/include    -fPIC  -g -O2 -fstack-protector-strong -Wformat -Werror=format-security -Wdate-time -D_FORTIFY_SOURCE=2 -g  -c x_OP_y.c -o x_OP_y.o
gcc -shared -L/usr/local/lib/R/lib -L/usr/local/lib -o matrixStats.so 000.init.o allocMatrix2.o anyMissing.o binCounts.o binMeans.o colCounts.o colOrderStats.o colRanges.o diff2.o indexByRow.o logSumExp.o mean2.o naming.o productExpSumLog.o psortKM.o rowCounts.o rowCummaxs.o rowCummins.o rowCumprods.o rowCumsums.o rowDiffs.o rowLogSumExp.o rowMads.o rowMeans2.o rowMedians.o rowOrderStats.o rowRanges.o rowRanksWithTies.o rowSums2.o rowVars.o signTabulate.o sum2.o validateIndices.o weightedMean.o weightedMedian.o x_OP_y.o -L/usr/local/lib/R/lib -lR
installing to /usr/local/lib/R/site-library/00LOCK-matrixStats/00new/matrixStats/libs
** R
** inst
** byte-compile and prepare package for lazy loading
** help
*** installing help indices
** building package indices
** installing vignettes
** testing if installed package can be loaded from temporary location
** checking absolute paths in shared objects and dynamic libraries
** testing if installed package can be loaded from final location
** testing if installed package keeps a record of temporary installation path
* DONE (matrixStats)

The downloaded source packages are in
	‘/tmp/RtmpX4Q9QJ/downloaded_packages’
✔ [2026-10-08 22:35:14.472353]: Done.
ℹ [2026-10-08 22:35:14.473539]: Extracting 2 signatures on 20 bootstrapped catalogs with 50 NMF runs for each.
ℹ [2026-10-08 22:35:14.482744]: Running signature number 2 for bootstrapped catalog 1.
NMF algorithm: 'brunet'
Multiple runs: 50
Mode: parallel (2/10 core(s))
Runs: |==                                                |   4%Warning in validityMethod(object) :
  Dimensions of W and H look strange [ncol(W)= 2 > ncol(H)= 1 ]
Warning in validityMethod(object) :
  Dimensions of W and H look strange [ncol(W)= 2 > ncol(H)= 1 ]
Warning in validityMethod(object) :
  Dimensions of W and H look strange [ncol(W)= 2 > ncol(H)= 1 ]
Warning in validityMethod(object) :
  Dimensions of W and H look strange [ncol(W)= 2 > ncol(H)= 1 ]
Warning in validityMethod(object) :
  Dimensions of W and H look strange [ncol(W)= 2 > ncol(H)= 1 ]
Warning in validityMethod(object) :
  Dimensions of W and H look strange [ncol(W)= 2 > ncol(H)= 1 ]
Runs: |====                                              |   8%Warning in validityMethod(object) :
  Dimensions of W and H look strange [ncol(W)= 2 > ncol(H)= 1 ]
Warning in validityMethod(object) :
  Dimensions of W and H look strange [ncol(W)= 2 > ncol(H)= 1 ]
Warning in validityMethod(object) :
  Dimensions of W and H look strange [ncol(W)= 2 > ncol(H)= 1 ]
Warning in validityMethod(object) :
  Dimensions of W and H look strange [ncol(W)= 2 > ncol(H)= 1 ]
Warning in validityMethod(object) :
  Dimensions of W and H look strange [ncol(W)= 2 > ncol(H)= 1 ]
Warning in validityMethod(object) :
  Dimensions of W and H look strange [ncol(W)= 2 > ncol(H)= 1 ]
Runs: |======                                            |  12%Warning in validityMethod(object) :
  Dimensions of W and H look strange [ncol(W)= 2 > ncol(H)= 1 ]
Warning in validityMethod(object) :
  Dimensions of W and H look strange [ncol(W)= 2 > ncol(H)= 1 ]
Warning in validityMethod(object) :
  Dimensions of W and H look strange [ncol(W)= 2 > ncol(H)= 1 ]
Warning in validityMethod(object) :
  Dimensions of W and H look strange [ncol(W)= 2 > ncol(H)= 1 ]
Warning in validityMethod(object) :
  Dimensions of W and H look strange [ncol(W)= 2 > ncol(H)= 1 ]
Warning in validityMethod(object) :
  Dimensions of W and H look strange [ncol(W)= 2 > ncol(H)= 1 ]
Runs: |========                                          |  16%Warning in validityMethod(object) :
  Dimensions of W and H look strange [ncol(W)= 2 > ncol(H)= 1 ]
Warning in validityMethod(object) :
  Dimensions of W and H look strange [ncol(W)= 2 > ncol(H)= 1 ]
Warning in validityMethod(object) :
Warning in validityMethod(object) :
Warning in validityMethod(object) :
Warning in validityMethod(object) :
Runs: |==========                                        |  20%Warning in validityMethod(object) :
Runs: |============                                      |  24%Warning in validityMethod(object) :Warning in validityMethod(object) :
 
 Dimensions of W and H look strange [ncol(W)= 2 > ncol(H)= 1 ]
Warning in validityMethod(object) :Warning in validityMethod(object) :

Runs: |==============                                    |  27%Warning in validityMethod(object) :
Runs: |================                                  |  31%Warning in validityMethod(object) :
Runs: |==================                                |  35%Warning in validityMethod(object) :
Runs: |====================                              |  39%Warning in validityMethod(object) :
Runs: |=====================                             |  41%Warning in validityMethod(object) :
Runs: |======================                            |  43%Warning in validityMethod(object) :
Runs: |========================                          |  47%Warning in validityMethod(object) :
Runs: |=========================                         |  51%Warning in validityMethod(object) :
Runs: |===========================                       |  55%Warning in validityMethod(object) :
Runs: |=============================                     |  59%Warning in validityMethod(object) :
Runs: |==============================                    |  61%Warning in validityMethod(object) :
Runs: |===============================                   |  63%Warning in validityMethod(object) :
Runs: |================================                  |  65%Warning in validityMethod(object) :
Runs: |=================================                 |  67%Warning in validityMethod(object) :
Runs: |==================================                |  69%Warning in validityMethod(object) :
Runs: |===================================               |  71%Warning in validityMethod(object) :
Runs: |====================================              |  73%Warning in validityMethod(object) :
Runs: |=====================================             |  75%Warning in validityMethod(object) :
Runs: |=======================================           |  78%Warning in validityMethod(object) :
Runs: |=========================================         |  82%Warning in validityMethod(object) :
Runs: |===========================================       |  86%Warning in validityMethod(object) :
Runs: |=============================================     |  90%Warning in validityMethod(object) :
Runs: |===============================================   |  94%Warning in validityMethod(object) :
Runs: |================================================= |  98%Warning in validityMethod(object) :
Runs: |==================================================| 100%
System time:
   user  system elapsed 
  2.088   0.098   2.228 
ℹ [2026-10-08 22:35:16.866989]: Keeping at most 10 NMF solutions with KLD within (1+RTOL) range of the best.
ℹ [2026-10-08 22:35:16.935438]: Running signature number 2 for bootstrapped catalog 2.
NMF algorithm: 'brunet'
Multiple runs: 50
Mode: parallel (2/10 core(s))
Runs: |==                                                |   4%Warning in validityMethod(object) :Warning in validityMethod(object) :
 
 Dimensions of W and H look strange [ncol(W)= 2 > ncol(H)= 1 ]
Warning in validityMethod(object) :Warning in validityMethod(object) :
 
 Dimensions of W and H look strange [ncol(W)= 2 > ncol(H)= 1 ]
Warning in validityMethod(object) :Warning in validityMethod(object) :
 
 Dimensions of W and H look strange [ncol(W)= 2 > ncol(H)= 1 ]
Runs: |====                                              |   8%Warning in validityMethod(object) :
Runs: |======                                            |  12%Warning in validityMethod(object) :
Runs: |========                                          |  16%Warning in validityMethod(object) :
Runs: |==========                                        |  20%Warning in validityMethod(object) :
Runs: |============                                      |  24%Warning in validityMethod(object) :
Runs: |==============                                    |  27%Warning in validityMethod(object) :
Runs: |================                                  |  31%Warning in validityMethod(object) :
Runs: |==================                                |  35%Warning in validityMethod(object) :
Warning in validityMethod(object) :Warning in validityMethod(object) :

Runs: |====================                              |  39%Warning in validityMethod(object) :
Runs: |======================                            |  43%Warning in validityMethod(object) :
Runs: |========================                          |  47%Warning in validityMethod(object) :
Runs: |=========================                         |  51%Warning in validityMethod(object) :
Runs: |===========================                       |  55%Warning in validityMethod(object) :
Runs: |=============================                     |  59%Warning in validityMethod(object) :Warning in validityMethod(object) :
 
 Dimensions of W and H look strange [ncol(W)= 2 > ncol(H)= 1 ]
Warning in validityMethod(object) :Warning in validityMethod(object) :
 
 Dimensions of W and H look strange [ncol(W)= 2 > ncol(H)= 1 ]
Runs: |===============================                   |  63%Warning in validityMethod(object) :
Runs: |=================================                 |  67%Warning in validityMethod(object) :
Runs: |===================================               |  71%Warning in validityMethod(object) :
Runs: |=====================================             |  75%Warning in validityMethod(object) :
Warning in validityMethod(object) :Warning in validityMethod(object) :

Warning in validityMethod(object) :Warning in validityMethod(object) :
 
 Dimensions of W and H look strange [ncol(W)= 2 > ncol(H)= 1 ]
Runs: |=======================================           |  78%Warning in validityMethod(object) :
Runs: |=========================================         |  82%Warning in validityMethod(object) :
Runs: |===========================================       |  86%Warning in validityMethod(object) :
Runs: |=============================================     |  90%Warning in validityMethod(object) :
Runs: |===============================================   |  94%Warning in validityMethod(object) :
Runs: |================================================= |  98%Warning in validityMethod(object) :
Runs: |==================================================| 100%
System time:
   user  system elapsed 
  2.085   0.090   2.215 
ℹ [2026-10-08 22:35:19.32427]: Keeping at most 10 NMF solutions with KLD within (1+RTOL) range of the best.
ℹ [2026-10-08 22:35:19.389443]: Running signature number 2 for bootstrapped catalog 3.
NMF algorithm: 'brunet'
Multiple runs: 50
Mode: parallel (2/10 core(s))
Runs: |==                                                |   4%Warning in validityMethod(object) :
Runs: |====                                              |   8%Warning in validityMethod(object) :
Warning in validityMethod(object) :Warning in validityMethod(object) :
 
 Dimensions of W and H look strange [ncol(W)= 2 > ncol(H)= 1 ]
Warning in validityMethod(object) :Warning in validityMethod(object) :
 
 Dimensions of W and H look strange [ncol(W)= 2 > ncol(H)= 1 ]
Runs: |======                                            |  12%Warning in validityMethod(object) :Warning in validityMethod(object) :
 
 Dimensions of W and H look strange [ncol(W)= 2 > ncol(H)= 1 ]
Warning in validityMethod(object) :Warning in validityMethod(object) :
 
 Dimensions of W and H look strange [ncol(W)= 2 > ncol(H)= 1 ]
Runs: |========                                          |  16%Warning in validityMethod(object) :
Runs: |==========                                        |  20%Warning in validityMethod(object) :
Runs: |============                                      |  24%Warning in validityMethod(object) :
Runs: |==============                                    |  27%Warning in validityMethod(object) :
Runs: |================                                  |  31%Warning in validityMethod(object) :
Runs: |=================                                 |  33%Warning in validityMethod(object) :
Runs: |==================                                |  35%Warning in validityMethod(object) :
Runs: |====================                              |  39%Warning in validityMethod(object) :
Runs: |======================                            |  43%Warning in validityMethod(object) :
Runs: |=======================                           |  45%Warning in validityMethod(object) :
Runs: |========================                          |  47%Warning in validityMethod(object) :
Runs: |=========================                         |  49%Warning in validityMethod(object) :
Runs: |=========================                         |  51%Warning in validityMethod(object) :
Runs: |==========================                        |  53%Warning in validityMethod(object) :
Runs: |===========================                       |  55%Warning in validityMethod(object) :
Runs: |============================                      |  57%Warning in validityMethod(object) :
Runs: |=============================                     |  59%Warning in validityMethod(object) :
Runs: |==============================                    |  61%Warning in validityMethod(object) :
Runs: |===============================                   |  63%Warning in validityMethod(object) :
Runs: |================================                  |  65%Warning in validityMethod(object) :
Runs: |=================================                 |  67%Warning in validityMethod(object) :
Runs: |==================================                |  69%Warning in validityMethod(object) :
Runs: |===================================               |  71%Warning in validityMethod(object) :
Runs: |====================================              |  73%Warning in validityMethod(object) :
Runs: |=====================================             |  75%Warning in validityMethod(object) :
Runs: |======================================            |  76%Warning in validityMethod(object) :
Runs: |=======================================           |  78%Warning in validityMethod(object) :
Runs: |========================================          |  80%Warning in validityMethod(object) :
Runs: |=========================================         |  82%Warning in validityMethod(object) :
Runs: |==========================================        |  84%Warning in validityMethod(object) :
Runs: |===========================================       |  86%Warning in validityMethod(object) :
Runs: |============================================      |  88%Warning in validityMethod(object) :
Runs: |=============================================     |  90%Warning in validityMethod(object) :
Runs: |==============================================    |  92%Warning in validityMethod(object) :
Runs: |===============================================   |  94%Warning in validityMethod(object) :
Runs: |================================================  |  96%Warning in validityMethod(object) :
System time:
   user  system elapsed 
  2.084   0.083   2.192 
ℹ [2026-10-08 22:35:21.663391]: Keeping at most 10 NMF solutions with KLD within (1+RTOL) range of the best.
ℹ [2026-10-08 22:35:21.733373]: Running signature number 2 for bootstrapped catalog 4.
NMF algorithm: 'brunet'
Multiple runs: 50
Mode: parallel (2/10 core(s))
Runs: |==                                                |   4%Warning in validityMethod(object) :
Runs: |===                                               |   6%Warning in validityMethod(object) :
Warning in validityMethod(object) :Warning in validityMethod(object) :
 
 Dimensions of W and H look strange [ncol(W)= 2 > ncol(H)= 1 ]
Runs: |======                                            |  12%Warning in validityMethod(object) :
Runs: |========                                          |  16%Warning in validityMethod(object) :
Runs: |==========                                        |  20%Warning in validityMethod(object) :
Warning in validityMethod(object) :Warning in validityMethod(object) :
 
 Dimensions of W and H look strange [ncol(W)= 2 > ncol(H)= 1 ]
Runs: |============                                      |  24%Warning in validityMethod(object) :
Runs: |==============                                    |  27%Warning in validityMethod(object) :
Runs: |================                                  |  31%Warning in validityMethod(object) :
Runs: |==================                                |  35%Warning in validityMethod(object) :
Runs: |====================                              |  39%Warning in validityMethod(object) :
Runs: |======================                            |  43%Warning in validityMethod(object) :
Runs: |========================                          |  47%Warning in validityMethod(object) :
Runs: |=========================                         |  51%Warning in validityMethod(object) :
Runs: |===========================                       |  55%Warning in validityMethod(object) :
Runs: |=============================                     |  59%Warning in validityMethod(object) :
Runs: |===============================                   |  63%Warning in validityMethod(object) :
Runs: |=================================                 |  67%Warning in validityMethod(object) :
Runs: |===================================               |  71%Warning in validityMethod(object) :
Runs: |=====================================             |  75%Warning in validityMethod(object) :
Runs: |=======================================           |  78%Warning in validityMethod(object) :
System time:
   user  system elapsed 
  2.069   0.102   2.209 
ℹ [2026-10-08 22:35:24.018158]: Keeping at most 10 NMF solutions with KLD within (1+RTOL) range of the best.
ℹ [2026-10-08 22:35:24.087445]: Running signature number 2 for bootstrapped catalog 5.
NMF algorithm: 'brunet'
Multiple runs: 50
Mode: parallel (2/10 core(s))
Runs: |==                                                |   4%Warning in validityMethod(object) :
Runs: |====                                              |   8%Warning in validityMethod(object) :
Warning in validityMethod(object) :Warning in validityMethod(object) :
 
 Dimensions of W and H look strange [ncol(W)= 2 > ncol(H)= 1 ]
Runs: |======                                            |  12%Warning in validityMethod(object) :
Runs: |========                                          |  16%Warning in validityMethod(object) :
Runs: |=========                                         |  18%Warning in validityMethod(object) :
Runs: |==========                                        |  20%Warning in validityMethod(object) :
Runs: |===========                                       |  22%Warning in validityMethod(object) :
Runs: |============                                      |  24%Warning in validityMethod(object) :
Runs: |=============                                     |  25%Warning in validityMethod(object) :
Runs: |==============                                    |  27%Warning in validityMethod(object) :
Runs: |===============                                   |  29%Warning in validityMethod(object) :
Runs: |================                                  |  31%Warning in validityMethod(object) :
Runs: |=================                                 |  33%Warning in validityMethod(object) :
Runs: |==================                                |  35%Warning in validityMethod(object) :
Runs: |===================                               |  37%Warning in validityMethod(object) :
Runs: |====================                              |  39%Warning in validityMethod(object) :
Runs: |=====================                             |  41%Warning in validityMethod(object) :
Runs: |======================                            |  43%Warning in validityMethod(object) :
Runs: |=======================                           |  45%Warning in validityMethod(object) :
Runs: |========================                          |  47%Warning in validityMethod(object) :
Runs: |=========================                         |  49%Warning in validityMethod(object) :
Runs: |=========================                         |  51%Warning in validityMethod(object) :
Runs: |==========================                        |  53%Warning in validityMethod(object) :
Runs: |===========================                       |  55%Warning in validityMethod(object) :
Runs: |============================                      |  57%Warning in validityMethod(object) :
Runs: |=============================                     |  59%Warning in validityMethod(object) :
Runs: |==============================                    |  61%Warning in validityMethod(object) :
Runs: |===============================                   |  63%Warning in validityMethod(object) :
Runs: |================================                  |  65%Warning in validityMethod(object) :
Runs: |=================================                 |  67%Warning in validityMethod(object) :
Runs: |==================================                |  69%Warning in validityMethod(object) :
Runs: |===================================               |  71%Warning in validityMethod(object) :
Runs: |====================================              |  73%Warning in validityMethod(object) :
Runs: |=====================================             |  75%Warning in validityMethod(object) :
Runs: |======================================            |  76%Warning in validityMethod(object) :
Runs: |=======================================           |  78%Warning in validityMethod(object) :
Runs: |========================================          |  80%Warning in validityMethod(object) :
System time:
   user  system elapsed 
  2.102   0.090   2.206 
ℹ [2026-10-08 22:35:26.372705]: Keeping at most 10 NMF solutions with KLD within (1+RTOL) range of the best.
ℹ [2026-10-08 22:35:26.443663]: Running signature number 2 for bootstrapped catalog 6.
NMF algorithm: 'brunet'
Multiple runs: 50
Mode: parallel (2/10 core(s))
Runs: |==                                                |   4%Warning in validityMethod(object) :Warning in validityMethod(object) :
 
 Dimensions of W and H look strange [ncol(W)= 2 > ncol(H)= 1 ]
Warning in validityMethod(object) :Warning in validityMethod(object) :
 
 Dimensions of W and H look strange [ncol(W)= 2 > ncol(H)= 1 ]
Warning in validityMethod(object) :Warning in validityMethod(object) :
 
 Dimensions of W and H look strange [ncol(W)= 2 > ncol(H)= 1 ]
Runs: |====                                              |   8%Warning in validityMethod(object) :
Warning in validityMethod(object) :Warning in validityMethod(object) :
 
 Dimensions of W and H look strange [ncol(W)= 2 > ncol(H)= 1 ]
Warning in validityMethod(object) :Warning in validityMethod(object) :
 
 Dimensions of W and H look strange [ncol(W)= 2 > ncol(H)= 1 ]
Runs: |======                                            |  12%Warning in validityMethod(object) :
Warning in validityMethod(object) :Warning in validityMethod(object) :

Runs: |========                                          |  16%Warning in validityMethod(object) :
Runs: |==========                                        |  20%Warning in validityMethod(object) :
Runs: |============                                      |  24%Warning in validityMethod(object) :
Runs: |==============                                    |  27%Warning in validityMethod(object) :
Runs: |================                                  |  31%Warning in validityMethod(object) :
Runs: |=================                                 |  33%Warning in validityMethod(object) :
Runs: |==================                                |  35%Warning in validityMethod(object) :
Runs: |===================                               |  37%Warning in validityMethod(object) :
Runs: |====================                              |  39%Warning in validityMethod(object) :
Runs: |=====================                             |  41%Warning in validityMethod(object) :
Runs: |======================                            |  43%Warning in validityMethod(object) :
Runs: |=======================                           |  45%Warning in validityMethod(object) :
Runs: |========================                          |  47%Warning in validityMethod(object) :
Runs: |=========================                         |  49%Warning in validityMethod(object) :
Runs: |=========================                         |  51%Warning in validityMethod(object) :
Runs: |==========================                        |  53%Warning in validityMethod(object) :
Runs: |===========================                       |  55%Warning in validityMethod(object) :
Runs: |============================                      |  57%Warning in validityMethod(object) :
Runs: |=============================                     |  59%Warning in validityMethod(object) :
Runs: |==============================                    |  61%Warning in validityMethod(object) :
Runs: |===============================                   |  63%Warning in validityMethod(object) :
Runs: |================================                  |  65%Warning in validityMethod(object) :
Runs: |=================================                 |  67%Warning in validityMethod(object) :
Runs: |==================================                |  69%Warning in validityMethod(object) :
Runs: |===================================               |  71%Warning in validityMethod(object) :
Runs: |====================================              |  73%Warning in validityMethod(object) :
Runs: |=====================================             |  75%Warning in validityMethod(object) :
Runs: |======================================            |  76%Warning in validityMethod(object) :
Runs: |=======================================           |  78%Warning in validityMethod(object) :
Runs: |========================================          |  80%Warning in validityMethod(object) :
System time:
   user  system elapsed 
  2.064   0.086   2.220 
ℹ [2026-10-08 22:35:28.738415]: Keeping at most 10 NMF solutions with KLD within (1+RTOL) range of the best.
ℹ [2026-10-08 22:35:28.806133]: Running signature number 2 for bootstrapped catalog 7.
NMF algorithm: 'brunet'
Multiple runs: 50
Mode: parallel (2/10 core(s))
Runs: |==                                                |   4%Warning in validityMethod(object) :
Runs: |====                                              |   8%Warning in validityMethod(object) :
Runs: |======                                            |  12%Warning in validityMethod(object) :
Runs: |========                                          |  16%Warning in validityMethod(object) :Warning in validityMethod(object) :
 
 Dimensions of W and H look strange [ncol(W)= 2 > ncol(H)= 1 ]
Warning in validityMethod(object) :Warning in validityMethod(object) :
Warning in validityMethod(object) :Warning in validityMethod(object) :
Runs: |==========                                        |  20%Warning in validityMethod(object) :
Runs: |============                                      |  24%Warning in validityMethod(object) :
Runs: |==============                                    |  27%Warning in validityMethod(object) :
Runs: |================                                  |  31%Warning in validityMethod(object) :Warning in validityMethod(object) :
Runs: |==================                                |  35%Warning in validityMethod(object) :

Runs: |====================                              |  39%Warning in validityMethod(object) :
Runs: |======================                            |  43%Warning in validityMethod(object) :
Runs: |========================                          |  47%Warning in validityMethod(object) :
Runs: |=========================                         |  51%Warning in validityMethod(object) :
Runs: |===========================                       |  55%Warning in validityMethod(object) :
Runs: |=============================                     |  59%Warning in validityMethod(object) :
Runs: |===============================                   |  63%Warning in validityMethod(object) :
Runs: |=================================                 |  67%Warning in validityMethod(object) :Warning in validityMethod(object) :
Runs: |===================================               |  71%Warning in validityMethod(object) :
Runs: |=====================================             |  75%Warning in validityMethod(object) :
Runs: |=======================================           |  78%Warning in validityMethod(object) :

System time:
   user  system elapsed 
  2.080   0.095   2.216 
ℹ [2026-10-08 22:35:31.103333]: Keeping at most 10 NMF solutions with KLD within (1+RTOL) range of the best.
ℹ [2026-10-08 22:35:31.174517]: Running signature number 2 for bootstrapped catalog 8.
NMF algorithm: 'brunet'
Multiple runs: 50
Mode: parallel (2/10 core(s))
Runs: |==                                                |   4%Warning in validityMethod(object) :
Runs: |====                                              |   8%Warning in validityMethod(object) :
Runs: |======                                            |  12%Warning in validityMethod(object) :
Runs: |========                                          |  16%Warning in validityMethod(object) :
Runs: |==========                                        |  20%Warning in validityMethod(object) :
Runs: |============                                      |  24%Warning in validityMethod(object) :
Runs: |==============                                    |  27%Warning in validityMethod(object) :
Runs: |================                                  |  31%Warning in validityMethod(object) :
Runs: |==================                                |  35%Warning in validityMethod(object) :
Runs: |====================                              |  39%Warning in validityMethod(object) :
Runs: |======================                            |  43%Warning in validityMethod(object) :
Runs: |========================                          |  47%Warning in validityMethod(object) :
Runs: |=========================                         |  51%Warning in validityMethod(object) :
Runs: |===========================                       |  55%Warning in validityMethod(object) :
Runs: |=============================                     |  59%Warning in validityMethod(object) :
Runs: |===============================                   |  63%Warning in validityMethod(object) :
Runs: |=================================                 |  67%Warning in validityMethod(object) :

Runs: |===================================               |  71%Warning in validityMethod(object) :

Runs: |=====================================             |  75%Warning in validityMethod(object) :
Runs: |=======================================           |  78%Warning in validityMethod(object) :

System time:
   user  system elapsed 
  2.189   0.102   2.332 
ℹ [2026-10-08 22:35:33.586536]: Keeping at most 10 NMF solutions with KLD within (1+RTOL) range of the best.
ℹ [2026-10-08 22:35:33.655056]: Running signature number 2 for bootstrapped catalog 9.
NMF algorithm: 'brunet'
Multiple runs: 50
Mode: parallel (2/10 core(s))
Runs: |==                                                |   4%Warning in validityMethod(object) :Warning in validityMethod(object) :
Runs: |====                                              |   8%Warning in validityMethod(object) :
Runs: |======                                            |  12%Warning in validityMethod(object) :
Runs: |========                                          |  16%Warning in validityMethod(object) :
Runs: |==========                                        |  20%Warning in validityMethod(object) :
Runs: |============                                      |  24%Warning in validityMethod(object) :
Runs: |==============                                    |  27%Warning in validityMethod(object) :
Runs: |================                                  |  31%Warning in validityMethod(object) :
Runs: |==================                                |  35%Warning in validityMethod(object) :
Runs: |====================                              |  39%Warning in validityMethod(object) :
Runs: |======================                            |  43%Warning in validityMethod(object) :
Runs: |========================                          |  47%Warning in validityMethod(object) :
Runs: |=========================                         |  51%Warning in validityMethod(object) :
Runs: |===========================                       |  55%Warning in validityMethod(object) :
Runs: |=============================                     |  59%Warning in validityMethod(object) :
Runs: |===============================                   |  63%Warning in validityMethod(object) :
Runs: |================================                  |  65%Warning in validityMethod(object) :
Runs: |=================================                 |  67%Warning in validityMethod(object) :
Runs: |==================================                |  69%Warning in validityMethod(object) :
Runs: |===================================               |  71%Warning in validityMethod(object) :
Runs: |====================================              |  73%Warning in validityMethod(object) :
Runs: |=====================================             |  75%Warning in validityMethod(object) :
Runs: |======================================            |  76%Warning in validityMethod(object) :
Runs: |=======================================           |  78%Warning in validityMethod(object) :
Runs: |========================================          |  80%Warning in validityMethod(object) :
System time:
   user  system elapsed 
  2.187   0.102   2.351 
ℹ [2026-10-08 22:35:36.095489]: Keeping at most 10 NMF solutions with KLD within (1+RTOL) range of the best.
ℹ [2026-10-08 22:35:36.177037]: Running signature number 2 for bootstrapped catalog 10.
NMF algorithm: 'brunet'
Multiple runs: 50
Mode: parallel (2/10 core(s))
Runs: |==                                                |   4%Warning in validityMethod(object) :
Runs: |====                                              |   8%Warning in validityMethod(object) :
Runs: |======                                            |  12%Warning in validityMethod(object) :
Runs: |========                                          |  16%Warning in validityMethod(object) :
Runs: |==========                                        |  20%Warning in validityMethod(object) :
Runs: |============                                      |  24%Warning in validityMethod(object) :
Runs: |=============                                     |  25%Warning in validityMethod(object) :
Runs: |==============                                    |  27%Warning in validityMethod(object) :
Runs: |===============                                   |  29%Warning in validityMethod(object) :
Runs: |================                                  |  31%Warning in validityMethod(object) :
Runs: |=================                                 |  33%Warning in validityMethod(object) :
Runs: |==================                                |  35%Warning in validityMethod(object) :
Runs: |===================                               |  37%Warning in validityMethod(object) :
Runs: |====================                              |  39%Warning in validityMethod(object) :
Runs: |=====================                             |  41%Warning in validityMethod(object) :
Runs: |======================                            |  43%Warning in validityMethod(object) :
Runs: |=======================                           |  45%Warning in validityMethod(object) :
Runs: |========================                          |  47%Warning in validityMethod(object) :
Runs: |=========================                         |  49%Warning in validityMethod(object) :
Runs: |=========================                         |  51%Warning in validityMethod(object) :
Runs: |==========================                        |  53%Warning in validityMethod(object) :
Runs: |===========================                       |  55%Warning in validityMethod(object) :
Runs: |============================                      |  57%Warning in validityMethod(object) :
Runs: |=============================                     |  59%Warning in validityMethod(object) :
Runs: |==============================                    |  61%Warning in validityMethod(object) :
Runs: |===============================                   |  63%Warning in validityMethod(object) :
Runs: |================================                  |  65%Warning in validityMethod(object) :
Runs: |=================================                 |  67%Warning in validityMethod(object) :
Runs: |==================================                |  69%Warning in validityMethod(object) :
Runs: |===================================               |  71%Warning in validityMethod(object) :
Runs: |====================================              |  73%Warning in validityMethod(object) :
Runs: |=====================================             |  75%Warning in validityMethod(object) :
Runs: |======================================            |  76%Warning in validityMethod(object) :
Runs: |=======================================           |  78%Warning in validityMethod(object) :
Runs: |========================================          |  80%Warning in validityMethod(object) :
System time:
   user  system elapsed 
  2.211   0.098   2.362 
ℹ [2026-10-08 22:35:38.628172]: Keeping at most 10 NMF solutions with KLD within (1+RTOL) range of the best.
ℹ [2026-10-08 22:35:38.706271]: Running signature number 2 for bootstrapped catalog 11.
NMF algorithm: 'brunet'
Multiple runs: 50
Mode: parallel (2/10 core(s))
Runs: |==                                                |   4%Warning in validityMethod(object) :Warning in validityMethod(object) :
Runs: |====                                              |   8%Warning in validityMethod(object) :
Runs: |======                                            |  12%Warning in validityMethod(object) :
Runs: |========                                          |  16%Warning in validityMethod(object) :
Runs: |==========                                        |  20%Warning in validityMethod(object) :
Runs: |============                                      |  24%Warning in validityMethod(object) :
Runs: |==============                                    |  27%Warning in validityMethod(object) :
Runs: |================                                  |  31%Warning in validityMethod(object) :
Runs: |==================                                |  35%Warning in validityMethod(object) :
Runs: |====================                              |  39%Warning in validityMethod(object) :
Runs: |======================                            |  43%Warning in validityMethod(object) :
Runs: |========================                          |  47%Warning in validityMethod(object) :
Runs: |=========================                         |  51%Warning in validityMethod(object) :
Runs: |==========================                        |  53%Warning in validityMethod(object) :
Runs: |===========================                       |  55%Warning in validityMethod(object) :
Runs: |============================                      |  57%Warning in validityMethod(object) :
Runs: |=============================                     |  59%Warning in validityMethod(object) :
Runs: |==============================                    |  61%Warning in validityMethod(object) :
Runs: |===============================                   |  63%Warning in validityMethod(object) :
Runs: |================================                  |  65%Warning in validityMethod(object) :
Runs: |=================================                 |  67%Warning in validityMethod(object) :
Runs: |==================================                |  69%Warning in validityMethod(object) :
Runs: |===================================               |  71%Warning in validityMethod(object) :
Runs: |====================================              |  73%Warning in validityMethod(object) :
Runs: |=====================================             |  75%Warning in validityMethod(object) :
Runs: |======================================            |  76%Warning in validityMethod(object) :
Runs: |=======================================           |  78%Warning in validityMethod(object) :
Runs: |========================================          |  80%Warning in validityMethod(object) :
System time:
   user  system elapsed 
  2.116   0.093   2.279 
ℹ [2026-10-08 22:35:41.067979]: Keeping at most 10 NMF solutions with KLD within (1+RTOL) range of the best.
ℹ [2026-10-08 22:35:41.143243]: Running signature number 2 for bootstrapped catalog 12.
NMF algorithm: 'brunet'
Multiple runs: 50
Mode: parallel (2/10 core(s))
Runs: |==                                                |   4%Warning in validityMethod(object) :Warning in validityMethod(object) :
Runs: |====                                              |   8%Warning in validityMethod(object) :Warning in validityMethod(object) :
Runs: |======                                            |  12%Warning in validityMethod(object) :
Runs: |========                                          |  16%Warning in validityMethod(object) :
Runs: |==========                                        |  20%Warning in validityMethod(object) :
Runs: |============                                      |  24%Warning in validityMethod(object) :
Runs: |==============                                    |  27%Warning in validityMethod(object) :
Runs: |================                                  |  31%Warning in validityMethod(object) :
Runs: |==================                                |  35%Warning in validityMethod(object) :
Runs: |====================                              |  39%Warning in validityMethod(object) :
Runs: |======================                            |  43%Warning in validityMethod(object) :
Runs: |=======================                           |  45%Warning in validityMethod(object) :
Runs: |========================                          |  47%Warning in validityMethod(object) :
Runs: |=========================                         |  49%Warning in validityMethod(object) :
Runs: |=========================                         |  51%Warning in validityMethod(object) :
Runs: |==========================                        |  53%Warning in validityMethod(object) :
Runs: |===========================                       |  55%Warning in validityMethod(object) :
Runs: |============================                      |  57%Warning in validityMethod(object) :
Runs: |=============================                     |  59%Warning in validityMethod(object) :
Runs: |==============================                    |  61%Warning in validityMethod(object) :
Runs: |===============================                   |  63%Warning in validityMethod(object) :
Runs: |================================                  |  65%Warning in validityMethod(object) :
Runs: |=================================                 |  67%Warning in validityMethod(object) :
Runs: |==================================                |  69%Warning in validityMethod(object) :
Runs: |===================================               |  71%Warning in validityMethod(object) :
Runs: |====================================              |  73%Warning in validityMethod(object) :
Runs: |=====================================             |  75%Warning in validityMethod(object) :
Runs: |======================================            |  76%Warning in validityMethod(object) :
Runs: |=======================================           |  78%Warning in validityMethod(object) :
Runs: |========================================          |  80%Warning in validityMethod(object) :
System time:
   user  system elapsed 
  2.104   0.084   2.238 
ℹ [2026-10-08 22:35:43.459106]: Keeping at most 10 NMF solutions with KLD within (1+RTOL) range of the best.
ℹ [2026-10-08 22:35:43.526512]: Running signature number 2 for bootstrapped catalog 13.
NMF algorithm: 'brunet'
Multiple runs: 50
Mode: parallel (2/10 core(s))
Runs: |==                                                |   4%Warning in validityMethod(object) :Warning in validityMethod(object) :

Runs: |====                                              |   8%Warning in validityMethod(object) :

Runs: |======                                            |  12%Warning in validityMethod(object) :
Runs: |========                                          |  16%Warning in validityMethod(object) :
Runs: |==========                                        |  20%Warning in validityMethod(object) :
Runs: |============                                      |  24%Warning in validityMethod(object) :
Runs: |==============                                    |  27%Warning in validityMethod(object) :
Runs: |================                                  |  31%Warning in validityMethod(object) :
Runs: |==================                                |  35%Warning in validityMethod(object) :
Runs: |====================                              |  39%Warning in validityMethod(object) :
Runs: |======================                            |  43%Warning in validityMethod(object) :
Runs: |========================                          |  47%Warning in validityMethod(object) :
Runs: |=========================                         |  51%Warning in validityMethod(object) :
Runs: |===========================                       |  55%Warning in validityMethod(object) :
Runs: |=============================                     |  59%Warning in validityMethod(object) :
Runs: |===============================                   |  63%Warning in validityMethod(object) :
Runs: |=================================                 |  67%Warning in validityMethod(object) :
Runs: |===================================               |  71%Warning in validityMethod(object) :
Runs: |=====================================             |  75%Warning in validityMethod(object) :
Runs: |=======================================           |  78%Warning in validityMethod(object) :
System time:
   user  system elapsed 
  2.118   0.083   2.244 
ℹ [2026-10-08 22:35:45.850547]: Keeping at most 10 NMF solutions with KLD within (1+RTOL) range of the best.
ℹ [2026-10-08 22:35:45.916581]: Running signature number 2 for bootstrapped catalog 14.
NMF algorithm: 'brunet'
Multiple runs: 50
Mode: parallel (2/10 core(s))
Runs: |==                                                |   4%Warning in validityMethod(object) :Warning in validityMethod(object) :
Runs: |====                                              |   8%Warning in validityMethod(object) :
Runs: |======                                            |  12%Warning in validityMethod(object) :
Runs: |========                                          |  16%Warning in validityMethod(object) :
Runs: |==========                                        |  20%Warning in validityMethod(object) :
Runs: |============                                      |  24%Warning in validityMethod(object) :Warning in validityMethod(object) :

Runs: |==============                                    |  27%Warning in validityMethod(object) :Warning in validityMethod(object) :

Runs: |================                                  |  31%Warning in validityMethod(object) :
Runs: |==================                                |  35%Warning in validityMethod(object) :
Runs: |====================                              |  39%Warning in validityMethod(object) :
Runs: |======================                            |  43%Warning in validityMethod(object) :
Runs: |========================                          |  47%Warning in validityMethod(object) :
Runs: |=========================                         |  51%Warning in validityMethod(object) :
Runs: |==========================                        |  53%Warning in validityMethod(object) :
Runs: |===========================                       |  55%Warning in validityMethod(object) :
Runs: |============================                      |  57%Warning in validityMethod(object) :
Runs: |=============================                     |  59%Warning in validityMethod(object) :
Runs: |==============================                    |  61%Warning in validityMethod(object) :
Runs: |===============================                   |  63%Warning in validityMethod(object) :
Runs: |================================                  |  65%Warning in validityMethod(object) :
Runs: |=================================                 |  67%Warning in validityMethod(object) :
Runs: |==================================                |  69%Warning in validityMethod(object) :
Runs: |===================================               |  71%Warning in validityMethod(object) :
Runs: |====================================              |  73%Warning in validityMethod(object) :
Runs: |=====================================             |  75%Warning in validityMethod(object) :
Runs: |======================================            |  76%Warning in validityMethod(object) :
Runs: |=======================================           |  78%Warning in validityMethod(object) :
Runs: |========================================          |  80%Warning in validityMethod(object) :
System time:
   user  system elapsed 
  2.130   0.081   2.262 
ℹ [2026-10-08 22:35:48.265842]: Keeping at most 10 NMF solutions with KLD within (1+RTOL) range of the best.
ℹ [2026-10-08 22:35:48.334543]: Running signature number 2 for bootstrapped catalog 15.
NMF algorithm: 'brunet'
Multiple runs: 50
Mode: parallel (2/10 core(s))
Runs: |==                                                |   4%Warning in validityMethod(object) :Warning in validityMethod(object) :

Runs: |====                                              |   8%Warning in validityMethod(object) :
Runs: |======                                            |  12%Warning in validityMethod(object) :
Runs: |========                                          |  16%Warning in validityMethod(object) :
Runs: |==========                                        |  20%Warning in validityMethod(object) :
Runs: |============                                      |  24%Warning in validityMethod(object) :
Runs: |==============                                    |  27%Warning in validityMethod(object) :

 Warning in validityMethod(object) : Dimensions of W and H look strange [ncol(W)= 2 > ncol(H)= 1 ]

Runs: |================                                  |  31%Warning in validityMethod(object) :
Runs: |==================                                |  35%Warning in validityMethod(object) :
Runs: |====================                              |  39%Warning in validityMethod(object) :Warning in validityMethod(object) :
Runs: |======================                            |  43%Warning in validityMethod(object) :
Runs: |========================                          |  47%Warning in validityMethod(object) :
Runs: |=========================                         |  51%Warning in validityMethod(object) :
Runs: |===========================                       |  55%Warning in validityMethod(object) :
Runs: |=============================                     |  59%Warning in validityMethod(object) :
Runs: |===============================                   |  63%Warning in validityMethod(object) :
Runs: |=================================                 |  67%Warning in validityMethod(object) :
Runs: |===================================               |  71%Warning in validityMethod(object) :
Runs: |=====================================             |  75%Warning in validityMethod(object) :
Runs: |=======================================           |  78%Warning in validityMethod(object) :
 Warning in validityMethod(object) : Dimensions of W and H look strange [ncol(W)= 2 > ncol(H)= 1 ]

System time:
   user  system elapsed 
  2.121   0.088   2.248 
ℹ [2026-10-08 22:35:50.666249]: Keeping at most 10 NMF solutions with KLD within (1+RTOL) range of the best.
ℹ [2026-10-08 22:35:50.741347]: Running signature number 2 for bootstrapped catalog 16.
NMF algorithm: 'brunet'
Multiple runs: 50
Mode: parallel (2/10 core(s))
Runs: |==                                                |   4%Warning in validityMethod(object) :
Runs: |====                                              |   8%Warning in validityMethod(object) :
Runs: |======                                            |  12%Warning in validityMethod(object) :

Runs: |========                                          |  16%Warning in validityMethod(object) :
Runs: |==========                                        |  20%Warning in validityMethod(object) :
Runs: |============                                      |  24%Warning in validityMethod(object) :
Runs: |==============                                    |  27%Warning in validityMethod(object) :
Runs: |================                                  |  31%Warning in validityMethod(object) :
Runs: |==================                                |  35%Warning in validityMethod(object) :
Runs: |====================                              |  39%Warning in validityMethod(object) :
Runs: |======================                            |  43%Warning in validityMethod(object) :
Runs: |========================                          |  47%Warning in validityMethod(object) :
Runs: |=========================                         |  51%Warning in validityMethod(object) :
Runs: |===========================                       |  55%Warning in validityMethod(object) :
Runs: |============================                      |  57%Warning in validityMethod(object) :
Runs: |=============================                     |  59%Warning in validityMethod(object) :
Runs: |===============================                   |  63%Warning in validityMethod(object) :
Runs: |================================                  |  65%Warning in validityMethod(object) :
Runs: |=================================                 |  67%Warning in validityMethod(object) :
Runs: |==================================                |  69%Warning in validityMethod(object) :
Runs: |===================================               |  71%Warning in validityMethod(object) :
Runs: |====================================              |  73%Warning in validityMethod(object) :
Runs: |=====================================             |  75%Warning in validityMethod(object) :
Runs: |======================================            |  76%Warning in validityMethod(object) :
Runs: |=======================================           |  78%Warning in validityMethod(object) :
Runs: |========================================          |  80%Warning in validityMethod(object) :
System time:
   user  system elapsed 
  2.115   0.090   2.257 
ℹ [2026-10-08 22:35:53.080943]: Keeping at most 10 NMF solutions with KLD within (1+RTOL) range of the best.
ℹ [2026-10-08 22:35:53.150374]: Running signature number 2 for bootstrapped catalog 17.
NMF algorithm: 'brunet'
Multiple runs: 50
Mode: parallel (2/10 core(s))
Runs: |==                                                |   4%Warning in validityMethod(object) :Warning in validityMethod(object) :
Runs: |====                                              |   8%Warning in validityMethod(object) :Warning in validityMethod(object) :
Runs: |======                                            |  12%Warning in validityMethod(object) :
Runs: |========                                          |  16%Warning in validityMethod(object) :
Runs: |=========                                         |  18%Warning in validityMethod(object) :
Runs: |==========                                        |  20%Warning in validityMethod(object) :
Runs: |============                                      |  24%Warning in validityMethod(object) :
Runs: |==============                                    |  27%Warning in validityMethod(object) :
Runs: |================                                  |  31%Warning in validityMethod(object) :
Runs: |==================                                |  35%Warning in validityMethod(object) :
Runs: |====================                              |  39%Warning in validityMethod(object) :
Runs: |======================                            |  43%Warning in validityMethod(object) :
Runs: |========================                          |  47%Warning in validityMethod(object) :
Runs: |=========================                         |  51%Warning in validityMethod(object) :
Runs: |===========================                       |  55%Warning in validityMethod(object) :
 Warning in validityMethod(object) : Dimensions of W and H look strange [ncol(W)= 2 > ncol(H)= 1 ]

Runs: |=============================                     |  59%Warning in validityMethod(object) :
Runs: |===============================                   |  63%Warning in validityMethod(object) :
Runs: |=================================                 |  67%Warning in validityMethod(object) :Warning in validityMethod(object) :
Runs: |===================================               |  71%Warning in validityMethod(object) :
Runs: |=====================================             |  75%Warning in validityMethod(object) :
Runs: |=======================================           |  78%Warning in validityMethod(object) :
System time:
   user  system elapsed 
  2.107   0.091   2.243 
ℹ [2026-10-08 22:35:55.469306]: Keeping at most 10 NMF solutions with KLD within (1+RTOL) range of the best.
ℹ [2026-10-08 22:35:55.542274]: Running signature number 2 for bootstrapped catalog 18.
NMF algorithm: 'brunet'
Multiple runs: 50
Mode: parallel (2/10 core(s))
Runs: |==                                                |   4%Warning in validityMethod(object) :
Runs: |====                                              |   8%Warning in validityMethod(object) :
Runs: |======                                            |  12%Warning in validityMethod(object) :
Runs: |========                                          |  16%Warning in validityMethod(object) :
Runs: |==========                                        |  20%Warning in validityMethod(object) :
Runs: |============                                      |  24%Warning in validityMethod(object) :
Runs: |==============                                    |  27%Warning in validityMethod(object) :
Runs: |================                                  |  31%Warning in validityMethod(object) :
Runs: |==================                                |  35%Warning in validityMethod(object) :
Runs: |====================                              |  39%Warning in validityMethod(object) :
Runs: |======================                            |  43%Warning in validityMethod(object) :
Runs: |========================                          |  47%Warning in validityMethod(object) :
Runs: |=========================                         |  51%Warning in validityMethod(object) :
Runs: |===========================                       |  55%Warning in validityMethod(object) :
Runs: |=============================                     |  59%Warning in validityMethod(object) :
Runs: |===============================                   |  63%Warning in validityMethod(object) :
Runs: |=================================                 |  67%Warning in validityMethod(object) :
Runs: |===================================               |  71%Warning in validityMethod(object) :
Runs: |=====================================             |  75%Warning in validityMethod(object) :Warning in validityMethod(object) :
Runs: |=======================================           |  78%Warning in validityMethod(object) :
System time:
   user  system elapsed 
  2.108   0.100   2.255 
ℹ [2026-10-08 22:35:57.875985]: Keeping at most 10 NMF solutions with KLD within (1+RTOL) range of the best.
ℹ [2026-10-08 22:35:57.943432]: Running signature number 2 for bootstrapped catalog 19.
NMF algorithm: 'brunet'
Multiple runs: 50
Mode: parallel (2/10 core(s))
Runs: |==                                                |   4%Warning in validityMethod(object) :
Runs: |====                                              |   8%Warning in validityMethod(object) :
Runs: |======                                            |  12%Warning in validityMethod(object) :
Runs: |========                                          |  16%Warning in validityMethod(object) :
Runs: |==========                                        |  20%Warning in validityMethod(object) :
Runs: |============                                      |  24%Warning in validityMethod(object) :
Runs: |==============                                    |  27%Warning in validityMethod(object) :
Runs: |================                                  |  31%Warning in validityMethod(object) :
Runs: |==================                                |  35%Warning in validityMethod(object) :
Runs: |====================                              |  39%Warning in validityMethod(object) :
Runs: |======================                            |  43%Warning in validityMethod(object) :
Runs: |========================                          |  47%Warning in validityMethod(object) :
Runs: |=========================                         |  51%Warning in validityMethod(object) :
Runs: |===========================                       |  55%Warning in validityMethod(object) :
Runs: |=============================                     |  59%Warning in validityMethod(object) :
Runs: |===============================                   |  63%Warning in validityMethod(object) :
Runs: |=================================                 |  67%Warning in validityMethod(object) :
Runs: |===================================               |  71%Warning in validityMethod(object) :
Runs: |=====================================             |  75%Warning in validityMethod(object) :

Runs: |=======================================           |  78%Warning in validityMethod(object) :

System time:
   user  system elapsed 
  2.117   0.091   2.248 
ℹ [2026-10-08 22:36:00.275745]: Keeping at most 10 NMF solutions with KLD within (1+RTOL) range of the best.
ℹ [2026-10-08 22:36:00.345661]: Running signature number 2 for bootstrapped catalog 20.
NMF algorithm: 'brunet'
Multiple runs: 50
Mode: parallel (2/10 core(s))
Runs: |==                                                |   4%Warning in validityMethod(object) :Warning in validityMethod(object) :
Runs: |====                                              |   8%Warning in validityMethod(object) :
Runs: |======                                            |  12%Warning in validityMethod(object) :
Runs: |========                                          |  16%Warning in validityMethod(object) :
Runs: |==========                                        |  20%Warning in validityMethod(object) :
Runs: |============                                      |  24%Warning in validityMethod(object) :
Runs: |==============                                    |  27%Warning in validityMethod(object) :
Runs: |================                                  |  31%Warning in validityMethod(object) :
Runs: |==================                                |  35%Warning in validityMethod(object) :
Runs: |====================                              |  39%Warning in validityMethod(object) :
Runs: |======================                            |  43%Warning in validityMethod(object) :

Runs: |========================                          |  47%Warning in validityMethod(object) :Warning in validityMethod(object) :
Runs: |=========================                         |  51%Warning in validityMethod(object) :
Runs: |===========================                       |  55%Warning in validityMethod(object) :
Runs: |=============================                     |  59%Warning in validityMethod(object) :
Runs: |===============================                   |  63%Warning in validityMethod(object) :
Runs: |=================================                 |  67%Warning in validityMethod(object) :
Runs: |===================================               |  71%Warning in validityMethod(object) :
Runs: |=====================================             |  75%Warning in validityMethod(object) :
Runs: |=======================================           |  78%Warning in validityMethod(object) :


System time:
   user  system elapsed 
  2.121   0.092   2.253 
ℹ [2026-10-08 22:36:02.68197]: Keeping at most 10 NMF solutions with KLD within (1+RTOL) range of the best.
ℹ [2026-10-08 22:36:02.750765]: Reading NMF run files...
✔ [2026-10-08 22:36:02.755098]: Read successfully.
✔ [2026-10-08 22:36:02.756207]: NMF run files deleted.
✔ [2026-10-08 22:36:02.756835]: Done for this signature number. Current memory size used: 115MB
ℹ [2026-10-08 22:36:02.864219]: Extracting 3 signatures on 20 bootstrapped catalogs with 50 NMF runs for each.
ℹ [2026-10-08 22:36:02.865176]: Running signature number 3 for bootstrapped catalog 1.
NMF algorithm: 'brunet'
Multiple runs: 50
Mode: parallel (2/10 core(s))
Runs: |==                                                |   4%Warning in validityMethod(object) :

Runs: |====                                              |   8%Warning in validityMethod(object) :
Runs: |======                                            |  12%Warning in validityMethod(object) :
Runs: |========                                          |  16%Warning in validityMethod(object) :
Runs: |==========                                        |  20%Warning in validityMethod(object) :
Runs: |============                                      |  24%Warning in validityMethod(object) :
Runs: |==============                                    |  27%Warning in validityMethod(object) :
Runs: |================                                  |  31%Warning in validityMethod(object) :
Runs: |==================                                |  35%Warning in validityMethod(object) :
Runs: |====================                              |  39%Warning in validityMethod(object) :
Runs: |======================                            |  43%Warning in validityMethod(object) :
Runs: |========================                          |  47%Warning in validityMethod(object) :
Runs: |=========================                         |  51%Warning in validityMethod(object) :
Runs: |===========================                       |  55%Warning in validityMethod(object) :
Runs: |=============================                     |  59%Warning in validityMethod(object) :
Runs: |===============================                   |  63%Warning in validityMethod(object) :
Runs: |=================================                 |  67%Warning in validityMethod(object) :Warning in validityMethod(object) :
Runs: |===================================               |  71%Warning in validityMethod(object) :
Runs: |=====================================             |  75%Warning in validityMethod(object) :
Runs: |=======================================           |  78%Warning in validityMethod(object) :
 Warning in validityMethod(object) : Dimensions of W and H look strange [ncol(W)= 3 > ncol(H)= 1 ]

System time:
   user  system elapsed 
  2.136   0.083   2.258 
ℹ [2026-10-08 22:36:05.205432]: Keeping at most 10 NMF solutions with KLD within (1+RTOL) range of the best.
ℹ [2026-10-08 22:36:05.278098]: Running signature number 3 for bootstrapped catalog 2.
NMF algorithm: 'brunet'
Multiple runs: 50
Mode: parallel (2/10 core(s))
Runs: |==                                                |   4%Warning in validityMethod(object) :Warning in validityMethod(object) :

Runs: |====                                              |   8%Warning in validityMethod(object) :Warning in validityMethod(object) :
Runs: |======                                            |  12%Warning in validityMethod(object) :
Runs: |========                                          |  16%Warning in validityMethod(object) :
Runs: |==========                                        |  20%Warning in validityMethod(object) :
Runs: |============                                      |  24%Warning in validityMethod(object) :

Runs: |==============                                    |  27%Warning in validityMethod(object) :
Runs: |================                                  |  31%Warning in validityMethod(object) :
Runs: |==================                                |  35%Warning in validityMethod(object) :
Runs: |====================                              |  39%Warning in validityMethod(object) :
Runs: |======================                            |  43%Warning in validityMethod(object) :
Runs: |========================                          |  47%Warning in validityMethod(object) :
Runs: |=========================                         |  49%Warning in validityMethod(object) :
Runs: |=========================                         |  51%Warning in validityMethod(object) :
Runs: |==========================                        |  53%Warning in validityMethod(object) :
Runs: |===========================                       |  55%Warning in validityMethod(object) :
Runs: |============================                      |  57%Warning in validityMethod(object) :
Runs: |=============================                     |  59%Warning in validityMethod(object) :
Runs: |==============================                    |  61%Warning in validityMethod(object) :
Runs: |===============================                   |  63%Warning in validityMethod(object) :
Runs: |================================                  |  65%Warning in validityMethod(object) :
Runs: |=================================                 |  67%Warning in validityMethod(object) :
Runs: |==================================                |  69%Warning in validityMethod(object) :
Runs: |===================================               |  71%Warning in validityMethod(object) :
Runs: |====================================              |  73%Warning in validityMethod(object) :
Runs: |=====================================             |  75%Warning in validityMethod(object) :
Runs: |======================================            |  76%Warning in validityMethod(object) :
Runs: |=======================================           |  78%Warning in validityMethod(object) :
Runs: |========================================          |  80%Warning in validityMethod(object) :
System time:
   user  system elapsed 
  2.127   0.085   2.260 
ℹ [2026-10-08 22:36:07.613039]: Keeping at most 10 NMF solutions with KLD within (1+RTOL) range of the best.
ℹ [2026-10-08 22:36:07.683433]: Running signature number 3 for bootstrapped catalog 3.
NMF algorithm: 'brunet'
Multiple runs: 50
Mode: parallel (2/10 core(s))
Runs: |==                                                |   4%Warning in validityMethod(object) :Warning in validityMethod(object) :

Runs: |====                                              |   8%Warning in validityMethod(object) :
Runs: |======                                            |  12%Warning in validityMethod(object) :
Runs: |========                                          |  16%Warning in validityMethod(object) :
 Warning in validityMethod(object) : Dimensions of W and H look strange [ncol(W)= 3 > ncol(H)= 1 ]

Runs: |==========                                        |  20%Warning in validityMethod(object) :
Runs: |============                                      |  24%Warning in validityMethod(object) :Warning in validityMethod(object) :
Runs: |==============                                    |  27%Warning in validityMethod(object) :
Runs: |================                                  |  31%Warning in validityMethod(object) :
Runs: |==================                                |  35%Warning in validityMethod(object) :
Runs: |====================                              |  39%Warning in validityMethod(object) :
Runs: |======================                            |  43%Warning in validityMethod(object) :
Runs: |========================                          |  47%Warning in validityMethod(object) :
Runs: |=========================                         |  51%Warning in validityMethod(object) :
Runs: |===========================                       |  55%Warning in validityMethod(object) :
Runs: |=============================                     |  59%Warning in validityMethod(object) :
Runs: |===============================                   |  63%Warning in validityMethod(object) :
Runs: |=================================                 |  67%Warning in validityMethod(object) :
Runs: |===================================               |  71%Warning in validityMethod(object) :
Runs: |=====================================             |  75%Warning in validityMethod(object) :
Runs: |=======================================           |  78%Warning in validityMethod(object) :
System time:
   user  system elapsed 
  2.092   0.092   2.228 
ℹ [2026-10-08 22:36:09.990088]: Keeping at most 10 NMF solutions with KLD within (1+RTOL) range of the best.
ℹ [2026-10-08 22:36:10.058102]: Running signature number 3 for bootstrapped catalog 4.
NMF algorithm: 'brunet'
Multiple runs: 50
Mode: parallel (2/10 core(s))
Runs: |==                                                |   4%Warning in validityMethod(object) :Warning in validityMethod(object) :
 Warning in validityMethod(object) : Dimensions of W and H look strange [ncol(W)= 3 > ncol(H)= 1 ]

Runs: |====                                              |   8%Warning in validityMethod(object) :
Runs: |======                                            |  12%Warning in validityMethod(object) :

Runs: |========                                          |  16%Warning in validityMethod(object) :


Runs: |==========                                        |  20%Warning in validityMethod(object) :Warning in validityMethod(object) :
Runs: |============                                      |  24%Warning in validityMethod(object) :
Runs: |==============                                    |  27%Warning in validityMethod(object) :
Runs: |================                                  |  31%Warning in validityMethod(object) :
Runs: |==================                                |  35%Warning in validityMethod(object) :
Runs: |====================                              |  39%Warning in validityMethod(object) :
Runs: |======================                            |  43%Warning in validityMethod(object) :
Runs: |========================                          |  47%Warning in validityMethod(object) :
Runs: |=========================                         |  51%Warning in validityMethod(object) :
Runs: |===========================                       |  55%Warning in validityMethod(object) :
Runs: |=============================                     |  59%Warning in validityMethod(object) :
Runs: |==============================                    |  61%Warning in validityMethod(object) :
Runs: |===============================                   |  63%Warning in validityMethod(object) :
Runs: |================================                  |  65%Warning in validityMethod(object) :
Runs: |=================================                 |  67%Warning in validityMethod(object) :
Runs: |==================================                |  69%Warning in validityMethod(object) :
Runs: |===================================               |  71%Warning in validityMethod(object) :
Runs: |====================================              |  73%Warning in validityMethod(object) :
Runs: |=====================================             |  75%Warning in validityMethod(object) :
Runs: |======================================            |  76%Warning in validityMethod(object) :
Runs: |=======================================           |  78%Warning in validityMethod(object) :
Runs: |========================================          |  80%Warning in validityMethod(object) :
System time:
   user  system elapsed 
  2.141   0.090   2.259 
ℹ [2026-10-08 22:36:12.398545]: Keeping at most 10 NMF solutions with KLD within (1+RTOL) range of the best.
ℹ [2026-10-08 22:36:12.468527]: Running signature number 3 for bootstrapped catalog 5.
NMF algorithm: 'brunet'
Multiple runs: 50
Mode: parallel (2/10 core(s))
Runs: |==                                                |   4%Warning in validityMethod(object) :Warning in validityMethod(object) :


Runs: |====                                              |   8%Warning in validityMethod(object) :
Runs: |======                                            |  12%Warning in validityMethod(object) :
Runs: |========                                          |  16%Warning in validityMethod(object) :
Runs: |=========                                         |  18%Warning in validityMethod(object) :
Runs: |==========                                        |  20%Warning in validityMethod(object) :
Runs: |===========                                       |  22%Warning in validityMethod(object) :
Runs: |============                                      |  24%Warning in validityMethod(object) :
Runs: |=============                                     |  25%Warning in validityMethod(object) :
Runs: |==============                                    |  27%Warning in validityMethod(object) :
Runs: |===============                                   |  29%Warning in validityMethod(object) :
Runs: |================                                  |  31%Warning in validityMethod(object) :
Runs: |=================                                 |  33%Warning in validityMethod(object) :
Runs: |==================                                |  35%Warning in validityMethod(object) :
Runs: |===================                               |  37%Warning in validityMethod(object) :
Runs: |====================                              |  39%Warning in validityMethod(object) :
Runs: |=====================                             |  41%Warning in validityMethod(object) :
Runs: |======================                            |  43%Warning in validityMethod(object) :
Runs: |=======================                           |  45%Warning in validityMethod(object) :
Runs: |========================                          |  47%Warning in validityMethod(object) :
Runs: |=========================                         |  49%Warning in validityMethod(object) :
Runs: |=========================                         |  51%Warning in validityMethod(object) :
Runs: |==========================                        |  53%Warning in validityMethod(object) :
Runs: |===========================                       |  55%Warning in validityMethod(object) :
Runs: |============================                      |  57%Warning in validityMethod(object) :
Runs: |=============================                     |  59%Warning in validityMethod(object) :
Runs: |==============================                    |  61%Warning in validityMethod(object) :
Runs: |===============================                   |  63%Warning in validityMethod(object) :
Runs: |================================                  |  65%Warning in validityMethod(object) :
Runs: |=================================                 |  67%Warning in validityMethod(object) :
Runs: |==================================                |  69%Warning in validityMethod(object) :
Runs: |===================================               |  71%Warning in validityMethod(object) :
Runs: |====================================              |  73%Warning in validityMethod(object) :
Runs: |=====================================             |  75%Warning in validityMethod(object) :
Runs: |======================================            |  76%Warning in validityMethod(object) :
Runs: |=======================================           |  78%Warning in validityMethod(object) :
Runs: |========================================          |  80%Warning in validityMethod(object) :
System time:
   user  system elapsed 
  2.099   0.097   2.256 
ℹ [2026-10-08 22:36:14.809552]: Keeping at most 10 NMF solutions with KLD within (1+RTOL) range of the best.
ℹ [2026-10-08 22:36:14.881546]: Running signature number 3 for bootstrapped catalog 6.
NMF algorithm: 'brunet'
Multiple runs: 50
Mode: parallel (2/10 core(s))
Runs: |==                                                |   4%Warning in validityMethod(object) :Warning in validityMethod(object) :
Runs: |====                                              |   8%Warning in validityMethod(object) :
Runs: |======                                            |  12%Warning in validityMethod(object) :
Runs: |========                                          |  16%Warning in validityMethod(object) :
Runs: |==========                                        |  20%Warning in validityMethod(object) :
Runs: |============                                      |  24%Warning in validityMethod(object) :
Runs: |==============                                    |  27%Warning in validityMethod(object) :

Runs: |================                                  |  31%Warning in validityMethod(object) :
Runs: |==================                                |  35%Warning in validityMethod(object) :
Runs: |====================                              |  39%Warning in validityMethod(object) :
Runs: |======================                            |  43%Warning in validityMethod(object) :
Runs: |========================                          |  47%Warning in validityMethod(object) :
Runs: |=========================                         |  51%Warning in validityMethod(object) :
Runs: |===========================                       |  55%Warning in validityMethod(object) :
Runs: |=============================                     |  59%Warning in validityMethod(object) :
Runs: |===============================                   |  63%Warning in validityMethod(object) :
Runs: |=================================                 |  67%Warning in validityMethod(object) :
Runs: |===================================               |  71%Warning in validityMethod(object) :
Runs: |=====================================             |  75%Warning in validityMethod(object) :
Runs: |=======================================           |  78%Warning in validityMethod(object) :
System time:
   user  system elapsed 
  2.197   0.076   2.315 
ℹ [2026-10-08 22:36:17.281166]: Keeping at most 10 NMF solutions with KLD within (1+RTOL) range of the best.
ℹ [2026-10-08 22:36:17.350816]: Running signature number 3 for bootstrapped catalog 7.
NMF algorithm: 'brunet'
Multiple runs: 50
Mode: parallel (2/10 core(s))
Runs: |==                                                |   4%Warning in validityMethod(object) :
Runs: |====                                              |   8%Warning in validityMethod(object) :
Runs: |======                                            |  12%Warning in validityMethod(object) :
Runs: |========                                          |  16%Warning in validityMethod(object) :
Runs: |==========                                        |  20%Warning in validityMethod(object) :
Runs: |============                                      |  24%Warning in validityMethod(object) :

Runs: |==============                                    |  27%Warning in validityMethod(object) :
Runs: |================                                  |  31%Warning in validityMethod(object) :
Runs: |==================                                |  35%Warning in validityMethod(object) :
Runs: |====================                              |  39%Warning in validityMethod(object) :
Runs: |======================                            |  43%Warning in validityMethod(object) :
Runs: |========================                          |  47%Warning in validityMethod(object) :
Runs: |=========================                         |  51%Warning in validityMethod(object) :
Runs: |===========================                       |  55%Warning in validityMethod(object) :
Runs: |=============================                     |  59%Warning in validityMethod(object) :
Runs: |===============================                   |  63%Warning in validityMethod(object) :
Runs: |=================================                 |  67%Warning in validityMethod(object) :
Runs: |===================================               |  71%Warning in validityMethod(object) :
Runs: |=====================================             |  75%Warning in validityMethod(object) :
Runs: |=======================================           |  78%Warning in validityMethod(object) :


System time:
   user  system elapsed 
  2.182   0.099   2.319 
ℹ [2026-10-08 22:36:19.751804]: Keeping at most 10 NMF solutions with KLD within (1+RTOL) range of the best.
ℹ [2026-10-08 22:36:19.824547]: Running signature number 3 for bootstrapped catalog 8.
NMF algorithm: 'brunet'
Multiple runs: 50
Mode: parallel (2/10 core(s))
Runs: |==                                                |   4%Warning in validityMethod(object) :Warning in validityMethod(object) :
Runs: |====                                              |   8%Warning in validityMethod(object) :Warning in validityMethod(object) :
Runs: |======                                            |  12%Warning in validityMethod(object) :
Runs: |========                                          |  16%Warning in validityMethod(object) :
Runs: |=========                                         |  18%Warning in validityMethod(object) :
Runs: |==========                                        |  20%Warning in validityMethod(object) :
Runs: |============                                      |  24%Warning in validityMethod(object) :
Runs: |=============                                     |  25%Warning in validityMethod(object) :
Runs: |==============                                    |  27%Warning in validityMethod(object) :
Runs: |===============                                   |  29%Warning in validityMethod(object) :
Runs: |================                                  |  31%Warning in validityMethod(object) :
Runs: |=================                                 |  33%Warning in validityMethod(object) :
Runs: |==================                                |  35%Warning in validityMethod(object) :
Runs: |====================                              |  39%Warning in validityMethod(object) :
Runs: |======================                            |  43%Warning in validityMethod(object) :
Runs: |=======================                           |  45%Warning in validityMethod(object) :
Runs: |========================                          |  47%Warning in validityMethod(object) :
Runs: |=========================                         |  51%Warning in validityMethod(object) :
Runs: |===========================                       |  55%Warning in validityMethod(object) :
Runs: |=============================                     |  59%Warning in validityMethod(object) :
Runs: |===============================                   |  63%Warning in validityMethod(object) :
Runs: |=================================                 |  67%Warning in validityMethod(object) :

Runs: |===================================               |  71%Warning in validityMethod(object) :
Runs: |=====================================             |  75%Warning in validityMethod(object) :
Runs: |=======================================           |  78%Warning in validityMethod(object) :
System time:
   user  system elapsed 
  2.128   0.086   2.249 
ℹ [2026-10-08 22:36:22.155424]: Keeping at most 10 NMF solutions with KLD within (1+RTOL) range of the best.
ℹ [2026-10-08 22:36:22.231418]: Running signature number 3 for bootstrapped catalog 9.
NMF algorithm: 'brunet'
Multiple runs: 50
Mode: parallel (2/10 core(s))
Runs: |==                                                |   4%Warning in validityMethod(object) :
Runs: |====                                              |   8%Warning in validityMethod(object) :
Runs: |======                                            |  12%Warning in validityMethod(object) :
Runs: |========                                          |  16%Warning in validityMethod(object) :
Runs: |==========                                        |  20%Warning in validityMethod(object) :
Runs: |===========                                       |  22%Warning in validityMethod(object) :
Runs: |============                                      |  24%Warning in validityMethod(object) :
Runs: |=============                                     |  25%Warning in validityMethod(object) :
Runs: |==============                                    |  27%Warning in validityMethod(object) :
Runs: |===============                                   |  29%Warning in validityMethod(object) :
Runs: |================                                  |  31%Warning in validityMethod(object) :
Runs: |=================                                 |  33%Warning in validityMethod(object) :
Runs: |==================                                |  35%Warning in validityMethod(object) :
Runs: |===================                               |  37%Warning in validityMethod(object) :
Runs: |====================                              |  39%Warning in validityMethod(object) :
Runs: |=====================                             |  41%Warning in validityMethod(object) :
Runs: |======================                            |  43%Warning in validityMethod(object) :
Runs: |=======================                           |  45%Warning in validityMethod(object) :
Runs: |========================                          |  47%Warning in validityMethod(object) :
Runs: |=========================                         |  49%Warning in validityMethod(object) :
Runs: |=========================                         |  51%Warning in validityMethod(object) :
Runs: |==========================                        |  53%Warning in validityMethod(object) :
Runs: |===========================                       |  55%Warning in validityMethod(object) :
Runs: |============================                      |  57%Warning in validityMethod(object) :
Runs: |=============================                     |  59%Warning in validityMethod(object) :
Runs: |==============================                    |  61%Warning in validityMethod(object) :
Runs: |===============================                   |  63%Warning in validityMethod(object) :
Runs: |================================                  |  65%Warning in validityMethod(object) :
Runs: |=================================                 |  67%Warning in validityMethod(object) :
Runs: |==================================                |  69%Warning in validityMethod(object) :
Runs: |===================================               |  71%Warning in validityMethod(object) :
Runs: |====================================              |  73%Warning in validityMethod(object) :
Runs: |=====================================             |  75%Warning in validityMethod(object) :
Runs: |======================================            |  76%Warning in validityMethod(object) :
Runs: |=======================================           |  78%Warning in validityMethod(object) :
Runs: |========================================          |  80%Warning in validityMethod(object) :
System time:
   user  system elapsed 
  2.124   0.086   2.268 
ℹ [2026-10-08 22:36:24.579473]: Keeping at most 10 NMF solutions with KLD within (1+RTOL) range of the best.
ℹ [2026-10-08 22:36:24.650538]: Running signature number 3 for bootstrapped catalog 10.
NMF algorithm: 'brunet'
Multiple runs: 50
Mode: parallel (2/10 core(s))
Runs: |==                                                |   4%Warning in validityMethod(object) :
Runs: |====                                              |   8%Warning in validityMethod(object) :
Runs: |======                                            |  12%Warning in validityMethod(object) :
Runs: |========                                          |  16%Warning in validityMethod(object) :Warning in validityMethod(object) :
Runs: |==========                                        |  20%Warning in validityMethod(object) :
Runs: |============                                      |  24%Warning in validityMethod(object) :
Runs: |==============                                    |  27%Warning in validityMethod(object) :
Runs: |================                                  |  31%Warning in validityMethod(object) :
Runs: |==================                                |  35%Warning in validityMethod(object) :
Runs: |====================                              |  39%Warning in validityMethod(object) :
Runs: |======================                            |  43%Warning in validityMethod(object) :
Runs: |========================                          |  47%Warning in validityMethod(object) :
Runs: |=========================                         |  51%Warning in validityMethod(object) :
Runs: |===========================                       |  55%Warning in validityMethod(object) :
Runs: |=============================                     |  59%Warning in validityMethod(object) :
Runs: |===============================                   |  63%Warning in validityMethod(object) :
Runs: |=================================                 |  67%Warning in validityMethod(object) :
Runs: |===================================               |  71%Warning in validityMethod(object) :
Runs: |=====================================             |  75%Warning in validityMethod(object) :
Runs: |=======================================           |  78%Warning in validityMethod(object) :
System time:
   user  system elapsed 
  2.134   0.085   2.260 
ℹ [2026-10-08 22:36:26.986804]: Keeping at most 10 NMF solutions with KLD within (1+RTOL) range of the best.
ℹ [2026-10-08 22:36:27.060322]: Running signature number 3 for bootstrapped catalog 11.
NMF algorithm: 'brunet'
Multiple runs: 50
Mode: parallel (2/10 core(s))
Runs: |==                                                |   4%Warning in validityMethod(object) :Warning in validityMethod(object) :
Runs: |====                                              |   8%Warning in validityMethod(object) :
Runs: |======                                            |  12%Warning in validityMethod(object) :
Runs: |========                                          |  16%Warning in validityMethod(object) :
Runs: |==========                                        |  20%Warning in validityMethod(object) :Warning in validityMethod(object) :
Runs: |============                                      |  24%Warning in validityMethod(object) :
Runs: |==============                                    |  27%Warning in validityMethod(object) :
Runs: |===============                                   |  29%Warning in validityMethod(object) :
Runs: |================                                  |  31%Warning in validityMethod(object) :
Runs: |==================                                |  35%Warning in validityMethod(object) :
Runs: |====================                              |  39%Warning in validityMethod(object) :
Runs: |======================                            |  43%Warning in validityMethod(object) :
Runs: |========================                          |  47%Warning in validityMethod(object) :
Runs: |=========================                         |  51%Warning in validityMethod(object) :
Runs: |===========================                       |  55%Warning in validityMethod(object) :
Runs: |=============================                     |  59%Warning in validityMethod(object) :
Runs: |===============================                   |  63%Warning in validityMethod(object) :
Runs: |=================================                 |  67%Warning in validityMethod(object) :
Runs: |==================================                |  69%Warning in validityMethod(object) :
Runs: |===================================               |  71%Warning in validityMethod(object) :
Runs: |=====================================             |  75%Warning in validityMethod(object) :
Runs: |=======================================           |  78%Warning in validityMethod(object) :
System time:
   user  system elapsed 
  2.125   0.084   2.250 
ℹ [2026-10-08 22:36:29.393565]: Keeping at most 10 NMF solutions with KLD within (1+RTOL) range of the best.
ℹ [2026-10-08 22:36:29.460896]: Running signature number 3 for bootstrapped catalog 12.
NMF algorithm: 'brunet'
Multiple runs: 50
Mode: parallel (2/10 core(s))
Runs: |==                                                |   4%Warning in validityMethod(object) :

Runs: |====                                              |   8%Warning in validityMethod(object) :Warning in validityMethod(object) :

Runs: |======                                            |  12%Warning in validityMethod(object) :
Runs: |========                                          |  16%Warning in validityMethod(object) :
Runs: |==========                                        |  20%Warning in validityMethod(object) :
Runs: |============                                      |  24%Warning in validityMethod(object) :
Runs: |==============                                    |  27%Warning in validityMethod(object) :
Runs: |================                                  |  31%Warning in validityMethod(object) :
Runs: |==================                                |  35%Warning in validityMethod(object) :
Runs: |====================                              |  39%Warning in validityMethod(object) :
Runs: |======================                            |  43%Warning in validityMethod(object) :
Runs: |========================                          |  47%Warning in validityMethod(object) :
Runs: |=========================                         |  51%Warning in validityMethod(object) :
Runs: |===========================                       |  55%Warning in validityMethod(object) :
Runs: |=============================                     |  59%Warning in validityMethod(object) :
Runs: |===============================                   |  63%Warning in validityMethod(object) :Warning in validityMethod(object) :
Runs: |=================================                 |  67%Warning in validityMethod(object) :
Runs: |===================================               |  71%Warning in validityMethod(object) :
Runs: |=====================================             |  75%Warning in validityMethod(object) :
Runs: |=======================================           |  78%Warning in validityMethod(object) :
System time:
   user  system elapsed 
  2.164   0.070   2.276 
ℹ [2026-10-08 22:36:31.827009]: Keeping at most 10 NMF solutions with KLD within (1+RTOL) range of the best.
ℹ [2026-10-08 22:36:31.897962]: Running signature number 3 for bootstrapped catalog 13.
NMF algorithm: 'brunet'
Multiple runs: 50
Mode: parallel (2/10 core(s))
Runs: |==                                                |   4%Warning in validityMethod(object) :
Runs: |====                                              |   8%Warning in validityMethod(object) :
Runs: |======                                            |  12%Warning in validityMethod(object) :
Runs: |========                                          |  16%Warning in validityMethod(object) :
Runs: |==========                                        |  20%Warning in validityMethod(object) :
Runs: |============                                      |  24%Warning in validityMethod(object) :
Runs: |==============                                    |  27%Warning in validityMethod(object) :
Runs: |================                                  |  31%Warning in validityMethod(object) :Warning in validityMethod(object) :
Runs: |==================                                |  35%Warning in validityMethod(object) :
Runs: |====================                              |  39%Warning in validityMethod(object) :
Runs: |======================                            |  43%Warning in validityMethod(object) :Warning in validityMethod(object) :
Runs: |========================                          |  47%Warning in validityMethod(object) :
Runs: |=========================                         |  51%Warning in validityMethod(object) :
Runs: |===========================                       |  55%Warning in validityMethod(object) :
 Warning in validityMethod(object) : Dimensions of W and H look strange [ncol(W)= 3 > ncol(H)= 1 ]

Runs: |=============================                     |  59%Warning in validityMethod(object) :
Runs: |===============================                   |  63%Warning in validityMethod(object) :
Runs: |=================================                 |  67%Warning in validityMethod(object) :
Runs: |===================================               |  71%Warning in validityMethod(object) :
Runs: |=====================================             |  75%Warning in validityMethod(object) :
Runs: |=======================================           |  78%Warning in validityMethod(object) :
System time:
   user  system elapsed 
  2.144   0.088   2.277 
ℹ [2026-10-08 22:36:34.259752]: Keeping at most 10 NMF solutions with KLD within (1+RTOL) range of the best.
ℹ [2026-10-08 22:36:34.332884]: Running signature number 3 for bootstrapped catalog 14.
NMF algorithm: 'brunet'
Multiple runs: 50
Mode: parallel (2/10 core(s))
Runs: |==                                                |   4%Warning in validityMethod(object) :
Runs: |====                                              |   8%Warning in validityMethod(object) :
Runs: |======                                            |  12%Warning in validityMethod(object) :
Runs: |========                                          |  16%Warning in validityMethod(object) :
Runs: |==========                                        |  20%Warning in validityMethod(object) :
Runs: |============                                      |  24%Warning in validityMethod(object) :
Runs: |==============                                    |  27%Warning in validityMethod(object) :
Runs: |================                                  |  31%Warning in validityMethod(object) :
Runs: |==================                                |  35%Warning in validityMethod(object) :
Runs: |====================                              |  39%Warning in validityMethod(object) :
Runs: |======================                            |  43%Warning in validityMethod(object) :
Runs: |========================                          |  47%Warning in validityMethod(object) :Warning in validityMethod(object) :


Runs: |=========================                         |  51%Warning in validityMethod(object) :
Runs: |===========================                       |  55%Warning in validityMethod(object) :
Runs: |=============================                     |  59%Warning in validityMethod(object) :
Runs: |===============================                   |  63%Warning in validityMethod(object) :
Runs: |=================================                 |  67%Warning in validityMethod(object) :
Runs: |===================================               |  71%Warning in validityMethod(object) :
Runs: |=====================================             |  75%Warning in validityMethod(object) :
Runs: |=======================================           |  78%Warning in validityMethod(object) :
 Warning in validityMethod(object) : Dimensions of W and H look strange [ncol(W)= 3 > ncol(H)= 1 ]

System time:
   user  system elapsed 
  2.143   0.092   2.278 
ℹ [2026-10-08 22:36:36.692567]: Keeping at most 10 NMF solutions with KLD within (1+RTOL) range of the best.
ℹ [2026-10-08 22:36:36.764209]: Running signature number 3 for bootstrapped catalog 15.
NMF algorithm: 'brunet'
Multiple runs: 50
Mode: parallel (2/10 core(s))
Runs: |==                                                |   4%Warning in validityMethod(object) :
Runs: |====                                              |   8%Warning in validityMethod(object) :
Runs: |======                                            |  12%Warning in validityMethod(object) :
Runs: |========                                          |  16%Warning in validityMethod(object) :
Runs: |==========                                        |  20%Warning in validityMethod(object) :Warning in validityMethod(object) :
Runs: |============                                      |  24%Warning in validityMethod(object) :
Runs: |==============                                    |  27%Warning in validityMethod(object) :
Runs: |================                                  |  31%Warning in validityMethod(object) :
Runs: |==================                                |  35%Warning in validityMethod(object) :
Runs: |====================                              |  39%Warning in validityMethod(object) :
Runs: |======================                            |  43%Warning in validityMethod(object) :
Runs: |========================                          |  47%Warning in validityMethod(object) :
Runs: |=========================                         |  51%Warning in validityMethod(object) :
Runs: |===========================                       |  55%Warning in validityMethod(object) :

Runs: |=============================                     |  59%Warning in validityMethod(object) :
Runs: |===============================                   |  63%Warning in validityMethod(object) :
Runs: |=================================                 |  67%Warning in validityMethod(object) :
Runs: |===================================               |  71%Warning in validityMethod(object) :
Runs: |=====================================             |  75%Warning in validityMethod(object) :
Runs: |=======================================           |  78%Warning in validityMethod(object) :
System time:
   user  system elapsed 
  2.151   0.084   2.276 
ℹ [2026-10-08 22:36:39.118511]: Keeping at most 10 NMF solutions with KLD within (1+RTOL) range of the best.
ℹ [2026-10-08 22:36:39.190158]: Running signature number 3 for bootstrapped catalog 16.
NMF algorithm: 'brunet'
Multiple runs: 50
Mode: parallel (2/10 core(s))
Runs: |==                                                |   4%Warning in validityMethod(object) :Warning in validityMethod(object) :
Runs: |====                                              |   8%Warning in validityMethod(object) :Warning in validityMethod(object) :
Runs: |======                                            |  12%Warning in validityMethod(object) :
Runs: |========                                          |  16%Warning in validityMethod(object) :
Runs: |==========                                        |  20%Warning in validityMethod(object) :
Runs: |============                                      |  24%Warning in validityMethod(object) :
Runs: |==============                                    |  27%Warning in validityMethod(object) :
Runs: |================                                  |  31%Warning in validityMethod(object) :
Runs: |==================                                |  35%Warning in validityMethod(object) :
Runs: |====================                              |  39%Warning in validityMethod(object) :
Runs: |======================                            |  43%Warning in validityMethod(object) :
Runs: |========================                          |  47%Warning in validityMethod(object) :
Runs: |=========================                         |  51%Warning in validityMethod(object) :
Runs: |===========================                       |  55%Warning in validityMethod(object) :Warning in validityMethod(object) :
Runs: |=============================                     |  59%Warning in validityMethod(object) :
Runs: |===============================                   |  63%Warning in validityMethod(object) :
Runs: |=================================                 |  67%Warning in validityMethod(object) :
Runs: |===================================               |  71%Warning in validityMethod(object) :
Runs: |=====================================             |  75%Warning in validityMethod(object) :
Runs: |=======================================           |  78%Warning in validityMethod(object) :

[... +518 suppressed of storm shape 'Runs: |========================================= ...]
System time:
   user  system elapsed 
  2.119   0.088   2.246 
ℹ [2026-10-08 22:36:41.516004]: Keeping at most 10 NMF solutions with KLD within (1+RTOL) range of the best.
ℹ [2026-10-08 22:36:41.59104]: Running signature number 3 for bootstrapped catalog 17.
NMF algorithm: 'brunet'
Multiple runs: 50
Mode: parallel (2/10 core(s))
Runs: |==                                                |   4%Warning in validityMethod(object) :
Runs: |====                                              |   8%Warning in validityMethod(object) :
Runs: |======                                            |  12%Warning in validityMethod(object) :Warning in validityMethod(object) :
Runs: |========                                          |  16%Warning in validityMethod(object) :Warning in validityMethod(object) :
Runs: |==========                                        |  20%Warning in validityMethod(object) :
Runs: |============                                      |  24%Warning in validityMethod(object) :
Runs: |==============                                    |  27%Warning in validityMethod(object) :
Runs: |================                                  |  31%Warning in validityMethod(object) :
Runs: |=================                                 |  33%Warning in validityMethod(object) :
Runs: |==================                                |  35%Warning in validityMethod(object) :
Runs: |====================                              |  39%Warning in validityMethod(object) :
Runs: |======================                            |  43%Warning in validityMethod(object) :
Runs: |========================                          |  47%Warning in validityMethod(object) :
Runs: |=========================                         |  51%Warning in validityMethod(object) :
Runs: |===========================                       |  55%Warning in validityMethod(object) :
Runs: |=============================                     |  59%Warning in validityMethod(object) :

Runs: |===============================                   |  63%Warning in validityMethod(object) :

Runs: |=================================                 |  67%Warning in validityMethod(object) :

Runs: |===================================               |  71%Warning in validityMethod(object) :
Runs: |=====================================             |  75%Warning in validityMethod(object) :
Runs: |=======================================           |  78%Warning in validityMethod(object) :


System time:
   user  system elapsed 
  2.130   0.093   2.265 
ℹ [2026-10-08 22:36:43.943077]: Keeping at most 10 NMF solutions with KLD within (1+RTOL) range of the best.
ℹ [2026-10-08 22:36:44.014898]: Running signature number 3 for bootstrapped catalog 18.
NMF algorithm: 'brunet'
Multiple runs: 50
Mode: parallel (2/10 core(s))
Runs: |==                                                |   4%Warning in validityMethod(object) :
Runs: |====                                              |   8%Warning in validityMethod(object) :
Runs: |======                                            |  12%Warning in validityMethod(object) :
Runs: |========                                          |  16%Warning in validityMethod(object) :
Runs: |==========                                        |  20%Warning in validityMethod(object) :
Runs: |============                                      |  24%Warning in validityMethod(object) :
Runs: |==============                                    |  27%Warning in validityMethod(object) :
Runs: |================                                  |  31%Warning in validityMethod(object) :
Runs: |==================                                |  35%Warning in validityMethod(object) :
Runs: |====================                              |  39%Warning in validityMethod(object) :
Runs: |======================                            |  43%Warning in validityMethod(object) :
Runs: |========================                          |  47%Warning in validityMethod(object) :

Runs: |=========================                         |  51%Warning in validityMethod(object) :
Runs: |===========================                       |  55%Warning in validityMethod(object) :
Runs: |=============================                     |  59%Warning in validityMethod(object) :
Runs: |===============================                   |  63%Warning in validityMethod(object) :
Runs: |=================================                 |  67%Warning in validityMethod(object) :
Runs: |===================================               |  71%Warning in validityMethod(object) :
Runs: |=====================================             |  75%Warning in validityMethod(object) :
Runs: |=======================================           |  78%Warning in validityMethod(object) :
System time:
   user  system elapsed 
  2.139   0.084   2.268 
ℹ [2026-10-08 22:36:46.367213]: Keeping at most 10 NMF solutions with KLD within (1+RTOL) range of the best.
ℹ [2026-10-08 22:36:46.438135]: Running signature number 3 for bootstrapped catalog 19.
NMF algorithm: 'brunet'
Multiple runs: 50
Mode: parallel (2/10 core(s))
Runs: |==                                                |   4%Warning in validityMethod(object) :
Runs: |====                                              |   8%Warning in validityMethod(object) :
Runs: |======                                            |  12%Warning in validityMethod(object) :
Runs: |========                                          |  16%Warning in validityMethod(object) :
Runs: |==========                                        |  20%Warning in validityMethod(object) :
Runs: |============                                      |  24%Warning in validityMethod(object) :
Runs: |==============                                    |  27%Warning in validityMethod(object) :
Runs: |================                                  |  31%Warning in validityMethod(object) :
Runs: |==================                                |  35%Warning in validityMethod(object) :
Runs: |====================                              |  39%Warning in validityMethod(object) :
Runs: |======================                            |  43%Warning in validityMethod(object) :
Runs: |========================                          |  47%Warning in validityMethod(object) :
Runs: |=========================                         |  51%Warning in validityMethod(object) :
Runs: |===========================                       |  55%Warning in validityMethod(object) :
Runs: |=============================                     |  59%Warning in validityMethod(object) :
Runs: |===============================                   |  63%Warning in validityMethod(object) :
Runs: |=================================                 |  67%Warning in validityMethod(object) :
Runs: |===================================               |  71%Warning in validityMethod(object) :
Runs: |=====================================             |  75%Warning in validityMethod(object) :
Runs: |=======================================           |  78%Warning in validityMethod(object) :
System time:
   user  system elapsed 
  2.124   0.089   2.256 
ℹ [2026-10-08 22:36:48.779399]: Keeping at most 10 NMF solutions with KLD within (1+RTOL) range of the best.
ℹ [2026-10-08 22:36:48.849809]: Running signature number 3 for bootstrapped catalog 20.
NMF algorithm: 'brunet'
Multiple runs: 50
Mode: parallel (2/10 core(s))
Runs: |==                                                |   4%Warning in validityMethod(object) :

Runs: |====                                              |   8%Warning in validityMethod(object) :
Runs: |======                                            |  12%Warning in validityMethod(object) :
Runs: |========                                          |  16%Warning in validityMethod(object) :Warning in validityMethod(object) :

Runs: |==========                                        |  20%Warning in validityMethod(object) :
Runs: |============                                      |  24%Warning in validityMethod(object) :
Runs: |==============                                    |  27%Warning in validityMethod(object) :
Runs: |================                                  |  31%Warning in validityMethod(object) :
Runs: |==================                                |  35%Warning in validityMethod(object) :
Runs: |====================                              |  39%Warning in validityMethod(object) :
Runs: |======================                            |  43%Warning in validityMethod(object) :
Runs: |========================                          |  47%Warning in validityMethod(object) :
Runs: |=========================                         |  51%Warning in validityMethod(object) :
Runs: |===========================                       |  55%Warning in validityMethod(object) :
Runs: |=============================                     |  59%Warning in validityMethod(object) :
Runs: |===============================                   |  63%Warning in validityMethod(object) :
Runs: |=================================                 |  67%Warning in validityMethod(object) :Warning in validityMethod(object) :
 Warning in validityMethod(object) : Dimensions of W and H look strange [ncol(W)= 3 > ncol(H)= 1 ]

Runs: |===================================               |  71%Warning in validityMethod(object) :Warning in validityMethod(object) :
Runs: |=====================================             |  75%Warning in validityMethod(object) :Warning in validityMethod(object) :
Runs: |=======================================           |  78%Warning in validityMethod(object) :
[... +11525 suppressed of storm shape '  Dimensions of W and H look strange [ncol(W)= 9 ...]
System time:
   user  system elapsed 
  2.132   0.093   2.265 
ℹ [2026-10-08 22:36:51.198074]: Keeping at most 10 NMF solutions with KLD within (1+RTOL) range of the best.
ℹ [2026-10-08 22:36:51.270733]: Reading NMF run files...
✔ [2026-10-08 22:36:51.275669]: Read successfully.
✔ [2026-10-08 22:36:51.276742]: NMF run files deleted.
✔ [2026-10-08 22:36:51.277409]: Done for this signature number. Current memory size used: 116MB
ℹ [2026-10-08 22:36:51.381058]: Extracting 4 signatures on 20 bootstrapped catalogs with 50 NMF runs for each.
ℹ [2026-10-08 22:36:51.381951]: Running signature number 4 for bootstrapped catalog 1.
NMF algorithm: 'brunet'
Multiple runs: 50
Mode: parallel (2/10 core(s))
Runs: |==                                                |   4%Warning in validityMethod(object) :
Runs: |====                                              |   8%Warning in validityMethod(object) :
Runs: |======                                            |  12%Warning in validityMethod(object) :
Runs: |========                                          |  16%Warning in validityMethod(object) :
Runs: |==========                                        |  20%Warning in validityMethod(object) :
[... +8717 suppressed of storm shape 'Warning in validityMethod(object) : ...]

Runs: |============                                      |  24%Warning in validityMethod(object) :
[... +318 suppressed of storm shape 'Warning in validityMethod(object) :Warning in va ...]
Runs: |==============                                    |  27%Warning in validityMethod(object) :
Runs: |================                                  |  31%Warning in validityMethod(object) :
[... +340 suppressed of storm shape '  ...]
[... +341 suppressed of storm shape ' Dimensions of W and H look strange [ncol(W)= 9  ...]
Runs: |==================                                |  35%Warning in validityMethod(object) :
Runs: |====================                              |  39%Warning in validityMethod(object) :
Runs: |======================                            |  43%Warning in validityMethod(object) :
Runs: |========================                          |  47%Warning in validityMethod(object) :
Runs: |=========================                         |  51%Warning in validityMethod(object) :
Runs: |===========================                       |  55%Warning in validityMethod(object) :
Runs: |=============================                     |  59%Warning in validityMethod(object) :
Runs: |===============================                   |  63%Warning in validityMethod(object) :
Runs: |=================================                 |  67%Warning in validityMethod(object) :
Runs: |===================================               |  71%Warning in validityMethod(object) :
Runs: |=====================================             |  75%Warning in validityMethod(object) :
Runs: |=======================================           |  78%Warning in validityMethod(object) :


System time:
   user  system elapsed 
  2.144   0.090   2.275 
ℹ [2026-10-08 22:36:53.735126]: Keeping at most 10 NMF solutions with KLD within (1+RTOL) range of the best.
ℹ [2026-10-08 22:36:53.806209]: Running signature number 4 for bootstrapped catalog 2.
NMF algorithm: 'brunet'
Multiple runs: 50
Mode: parallel (2/10 core(s))
Runs: |==                                                |   4%Warning in validityMethod(object) :Warning in validityMethod(object) :
Runs: |====                                              |   8%Warning in validityMethod(object) :
Runs: |======                                            |  12%Warning in validityMethod(object) :
Runs: |========                                          |  16%Warning in validityMethod(object) :
Runs: |==========                                        |  20%Warning in validityMethod(object) :
Runs: |============                                      |  24%Warning in validityMethod(object) :
Runs: |==============                                    |  27%Warning in validityMethod(object) :
Runs: |================                                  |  31%Warning in validityMethod(object) :
Runs: |==================                                |  35%Warning in validityMethod(object) :

Runs: |====================                              |  39%Warning in validityMethod(object) :
Runs: |======================                            |  43%Warning in validityMethod(object) :
Runs: |========================                          |  47%Warning in validityMethod(object) :
Runs: |=========================                         |  51%Warning in validityMethod(object) :
Runs: |===========================                       |  55%Warning in validityMethod(object) :
Runs: |=============================                     |  59%Warning in validityMethod(object) :Warning in validityMethod(object) :
Runs: |===============================                   |  63%Warning in validityMethod(object) :
Runs: |=================================                 |  67%Warning in validityMethod(object) :
Runs: |===================================               |  71%Warning in validityMethod(object) :
Runs: |=====================================             |  75%Warning in validityMethod(object) :

Runs: |=======================================           |  78%Warning in validityMethod(object) :

System time:
   user  system elapsed 
  2.145   0.091   2.278 
ℹ [2026-10-08 22:36:56.167924]: Keeping at most 10 NMF solutions with KLD within (1+RTOL) range of the best.
ℹ [2026-10-08 22:36:56.239135]: Running signature number 4 for bootstrapped catalog 3.
NMF algorithm: 'brunet'
Multiple runs: 50
Mode: parallel (2/10 core(s))
Runs: |==                                                |   4%Warning in validityMethod(object) :Warning in validityMethod(object) :
Runs: |====                                              |   8%Warning in validityMethod(object) :

Runs: |======                                            |  12%Warning in validityMethod(object) :
 Warning in validityMethod(object) : Dimensions of W and H look strange [ncol(W)= 4 > ncol(H)= 1 ]

Runs: |========                                          |  16%Warning in validityMethod(object) :
Runs: |==========                                        |  20%Warning in validityMethod(object) :
Runs: |============                                      |  24%Warning in validityMethod(object) :
Runs: |==============                                    |  27%Warning in validityMethod(object) :
Runs: |================                                  |  31%Warning in validityMethod(object) :
Runs: |==================                                |  35%Warning in validityMethod(object) :
Runs: |====================                              |  39%Warning in validityMethod(object) :
Runs: |======================                            |  43%Warning in validityMethod(object) :
Runs: |========================                          |  47%Warning in validityMethod(object) :
Runs: |=========================                         |  51%Warning in validityMethod(object) :
Runs: |===========================                       |  55%Warning in validityMethod(object) :
Runs: |=============================                     |  59%Warning in validityMethod(object) :
Runs: |===============================                   |  63%Warning in validityMethod(object) :Warning in validityMethod(object) :
Runs: |=================================                 |  67%Warning in validityMethod(object) :
Runs: |===================================               |  71%Warning in validityMethod(object) :
Runs: |=====================================             |  75%Warning in validityMethod(object) :
Runs: |=======================================           |  78%Warning in validityMethod(object) :
System time:
   user  system elapsed 
  2.157   0.083   2.282 
ℹ [2026-10-08 22:36:58.611479]: Keeping at most 10 NMF solutions with KLD within (1+RTOL) range of the best.
ℹ [2026-10-08 22:36:58.684185]: Running signature number 4 for bootstrapped catalog 4.
NMF algorithm: 'brunet'
Multiple runs: 50
Mode: parallel (2/10 core(s))
Runs: |==                                                |   4%Warning in validityMethod(object) :
Runs: |====                                              |   8%Warning in validityMethod(object) :
Runs: |======                                            |  12%Warning in validityMethod(object) :
Runs: |========                                          |  16%Warning in validityMethod(object) :
Runs: |==========                                        |  20%Warning in validityMethod(object) :
Runs: |============                                      |  24%Warning in validityMethod(object) :
 Warning in validityMethod(object) :
Runs: |==============                                    |  27%Warning in validityMethod(object) :
Runs: |================                                  |  31%Warning in validityMethod(object) :Warning in validityMethod(object) :

Runs: |==================                                |  35%Warning in validityMethod(object) :
Runs: |====================                              |  39%Warning in validityMethod(object) :
Runs: |======================                            |  43%Warning in validityMethod(object) :
Runs: |========================                          |  47%Warning in validityMethod(object) :
Runs: |=========================                         |  51%Warning in validityMethod(object) :
Runs: |===========================                       |  55%Warning in validityMethod(object) :
Runs: |=============================                     |  59%Warning in validityMethod(object) :
Runs: |===============================                   |  63%Warning in validityMethod(object) :
Runs: |=================================                 |  67%Warning in validityMethod(object) :
Runs: |==================================                |  69%Warning in validityMethod(object) :
Runs: |===================================               |  71%Warning in validityMethod(object) :
Runs: |====================================              |  73%Warning in validityMethod(object) :
Runs: |=====================================             |  75%Warning in validityMethod(object) :
Runs: |======================================            |  76%Warning in validityMethod(object) :
Runs: |=======================================           |  78%Warning in validityMethod(object) :
Runs: |========================================          |  80%Warning in validityMethod(object) :
System time:
   user  system elapsed 
  2.324   0.101   2.474 
ℹ [2026-10-08 22:37:01.244989]: Keeping at most 10 NMF solutions with KLD within (1+RTOL) range of the best.
ℹ [2026-10-08 22:37:01.326435]: Running signature number 4 for bootstrapped catalog 5.
NMF algorithm: 'brunet'
Multiple runs: 50
Mode: parallel (2/10 core(s))
Runs: |==                                                |   4%Warning in validityMethod(object) :Warning in validityMethod(object) :
Runs: |====                                              |   8%Warning in validityMethod(object) :
Runs: |======                                            |  12%Warning in validityMethod(object) :
Runs: |========                                          |  16%Warning in validityMethod(object) :
Runs: |==========                                        |  20%Warning in validityMethod(object) :
Runs: |============                                      |  24%Warning in validityMethod(object) :
Runs: |==============                                    |  27%Warning in validityMethod(object) :
Runs: |================                                  |  31%Warning in validityMethod(object) :
Runs: |==================                                |  35%Warning in validityMethod(object) :
Runs: |====================                              |  39%Warning in validityMethod(object) :
Runs: |======================                            |  43%Warning in validityMethod(object) :
Runs: |========================                          |  47%Warning in validityMethod(object) :
Runs: |=========================                         |  51%Warning in validityMethod(object) :
Runs: |===========================                       |  55%Warning in validityMethod(object) :Warning in validityMethod(object) :
Runs: |=============================                     |  59%Warning in validityMethod(object) :
Runs: |===============================                   |  63%Warning in validityMethod(object) :
Runs: |=================================                 |  67%Warning in validityMethod(object) :
Runs: |===================================               |  71%Warning in validityMethod(object) :

Runs: |=====================================             |  75%Warning in validityMethod(object) :
Runs: |=======================================           |  78%Warning in validityMethod(object) :
System time:
   user  system elapsed 
  2.216   0.106   2.361 
ℹ [2026-10-08 22:37:03.774095]: Keeping at most 10 NMF solutions with KLD within (1+RTOL) range of the best.
ℹ [2026-10-08 22:37:03.849901]: Running signature number 4 for bootstrapped catalog 6.
NMF algorithm: 'brunet'
Multiple runs: 50
Mode: parallel (2/10 core(s))
Runs: |==                                                |   4%Warning in validityMethod(object) :
Runs: |====                                              |   8%Warning in validityMethod(object) :Warning in validityMethod(object) :
Runs: |======                                            |  12%Warning in validityMethod(object) :
Runs: |========                                          |  16%Warning in validityMethod(object) :
Runs: |==========                                        |  20%Warning in validityMethod(object) :
Runs: |============                                      |  24%Warning in validityMethod(object) :
Runs: |==============                                    |  27%Warning in validityMethod(object) :
Runs: |================                                  |  31%Warning in validityMethod(object) :

Runs: |==================                                |  35%Warning in validityMethod(object) :
Runs: |====================                              |  39%Warning in validityMethod(object) :
Runs: |======================                            |  43%Warning in validityMethod(object) :
Runs: |========================                          |  47%Warning in validityMethod(object) :
Runs: |=========================                         |  51%Warning in validityMethod(object) :
Runs: |===========================                       |  55%Warning in validityMethod(object) :
Runs: |=============================                     |  59%Warning in validityMethod(object) :
Runs: |===============================                   |  63%Warning in validityMethod(object) :
Runs: |=================================                 |  67%Warning in validityMethod(object) :
Runs: |===================================               |  71%Warning in validityMethod(object) :
Runs: |=====================================             |  75%Warning in validityMethod(object) :Warning in validityMethod(object) :
Runs: |=======================================           |  78%Warning in validityMethod(object) :
System time:
   user  system elapsed 
  2.226   0.084   2.348 
ℹ [2026-10-08 22:37:06.281002]: Keeping at most 10 NMF solutions with KLD within (1+RTOL) range of the best.
ℹ [2026-10-08 22:37:06.359783]: Running signature number 4 for bootstrapped catalog 7.
NMF algorithm: 'brunet'
Multiple runs: 50
Mode: parallel (2/10 core(s))
Runs: |==                                                |   4%Warning in validityMethod(object) :
Runs: |====                                              |   8%Warning in validityMethod(object) :
Runs: |======                                            |  12%Warning in validityMethod(object) :
Runs: |========                                          |  16%Warning in validityMethod(object) :
Runs: |==========                                        |  20%Warning in validityMethod(object) :
Runs: |============                                      |  24%Warning in validityMethod(object) :
Runs: |==============                                    |  27%Warning in validityMethod(object) :
Runs: |================                                  |  31%Warning in validityMethod(object) :
Runs: |==================                                |  35%Warning in validityMethod(object) :
Runs: |====================                              |  39%Warning in validityMethod(object) :
Runs: |======================                            |  43%Warning in validityMethod(object) :
Runs: |========================                          |  47%Warning in validityMethod(object) :Warning in validityMethod(object) :

Runs: |=========================                         |  51%Warning in validityMethod(object) :
Runs: |===========================                       |  55%Warning in validityMethod(object) :
Runs: |=============================                     |  59%Warning in validityMethod(object) :
Runs: |===============================                   |  63%Warning in validityMethod(object) :
Runs: |=================================                 |  67%Warning in validityMethod(object) :
Runs: |===================================               |  71%Warning in validityMethod(object) :
Runs: |=====================================             |  75%Warning in validityMethod(object) :
Runs: |=======================================           |  78%Warning in validityMethod(object) :
System time:
   user  system elapsed 
  2.158   0.086   2.284 
ℹ [2026-10-08 22:37:08.727147]: Keeping at most 10 NMF solutions with KLD within (1+RTOL) range of the best.
ℹ [2026-10-08 22:37:08.800129]: Running signature number 4 for bootstrapped catalog 8.
NMF algorithm: 'brunet'
Multiple runs: 50
Mode: parallel (2/10 core(s))
Runs: |==                                                |   4%Warning in validityMethod(object) :Warning in validityMethod(object) :
Runs: |====                                              |   8%Warning in validityMethod(object) :
Runs: |======                                            |  12%Warning in validityMethod(object) :
Runs: |========                                          |  16%Warning in validityMethod(object) :
Runs: |==========                                        |  20%Warning in validityMethod(object) :
Runs: |============                                      |  24%Warning in validityMethod(object) :
Runs: |==============                                    |  27%Warning in validityMethod(object) :
Runs: |================                                  |  31%Warning in validityMethod(object) :
Runs: |==================                                |  35%Warning in validityMethod(object) :
Runs: |====================                              |  39%Warning in validityMethod(object) :
Runs: |======================                            |  43%Warning in validityMethod(object) :
Runs: |========================                          |  47%Warning in validityMethod(object) :
Runs: |=========================                         |  51%Warning in validityMethod(object) :
Runs: |===========================                       |  55%Warning in validityMethod(object) :
Runs: |=============================                     |  59%Warning in validityMethod(object) :
Runs: |===============================                   |  63%Warning in validityMethod(object) :
Runs: |=================================                 |  67%Warning in validityMethod(object) :
Runs: |===================================               |  71%Warning in validityMethod(object) :
Runs: |=====================================             |  75%Warning in validityMethod(object) :
Runs: |=======================================           |  78%Warning in validityMethod(object) :
Runs: |========================================          |  80%Warning in validityMethod(object) :
System time:
   user  system elapsed 
  2.173   0.089   2.315 
ℹ [2026-10-08 22:37:11.200809]: Keeping at most 10 NMF solutions with KLD within (1+RTOL) range of the best.
ℹ [2026-10-08 22:37:11.278431]: Running signature number 4 for bootstrapped catalog 9.
NMF algorithm: 'brunet'
Multiple runs: 50
Mode: parallel (2/10 core(s))
Runs: |==                                                |   4%Warning in validityMethod(object) :
Runs: |====                                              |   8%Warning in validityMethod(object) :
Runs: |======                                            |  12%Warning in validityMethod(object) :
Runs: |========                                          |  16%Warning in validityMethod(object) :
Runs: |==========                                        |  20%Warning in validityMethod(object) :
Runs: |============                                      |  24%Warning in validityMethod(object) :

Runs: |==============                                    |  27%Warning in validityMethod(object) :
Runs: |================                                  |  31%Warning in validityMethod(object) :
Runs: |==================                                |  35%Warning in validityMethod(object) :
Runs: |====================                              |  39%Warning in validityMethod(object) :
Runs: |======================                            |  43%Warning in validityMethod(object) :
Runs: |========================                          |  47%Warning in validityMethod(object) :
Runs: |=========================                         |  51%Warning in validityMethod(object) :
Runs: |===========================                       |  55%Warning in validityMethod(object) :
Runs: |=============================                     |  59%Warning in validityMethod(object) :

Runs: |===============================                   |  63%Warning in validityMethod(object) :
Runs: |=================================                 |  67%Warning in validityMethod(object) :
Runs: |===================================               |  71%Warning in validityMethod(object) :
Runs: |=====================================             |  75%Warning in validityMethod(object) :
Runs: |=======================================           |  78%Warning in validityMethod(object) :
System time:
   user  system elapsed 
  2.202   0.102   2.352 
ℹ [2026-10-08 22:37:13.727813]: Keeping at most 10 NMF solutions with KLD within (1+RTOL) range of the best.
ℹ [2026-10-08 22:37:13.800294]: Running signature number 4 for bootstrapped catalog 10.
NMF algorithm: 'brunet'
Multiple runs: 50
Mode: parallel (2/10 core(s))
Runs: |==                                                |   4%Warning in validityMethod(object) :Warning in validityMethod(object) :
Runs: |====                                              |   8%Warning in validityMethod(object) :Warning in validityMethod(object) :

Runs: |======                                            |  12%Warning in validityMethod(object) :
Runs: |========                                          |  16%Warning in validityMethod(object) :
Runs: |==========                                        |  20%Warning in validityMethod(object) :
Runs: |============                                      |  24%Warning in validityMethod(object) :
Runs: |==============                                    |  27%Warning in validityMethod(object) :
Runs: |================                                  |  31%Warning in validityMethod(object) :
Runs: |==================                                |  35%Warning in validityMethod(object) :
Runs: |====================                              |  39%Warning in validityMethod(object) :
Runs: |======================                            |  43%Warning in validityMethod(object) :
Runs: |========================                          |  47%Warning in validityMethod(object) :
Runs: |=========================                         |  51%Warning in validityMethod(object) :

Runs: |===========================                       |  55%Warning in validityMethod(object) :
Runs: |=============================                     |  59%Warning in validityMethod(object) :Warning in validityMethod(object) :
Runs: |===============================                   |  63%Warning in validityMethod(object) :
Runs: |=================================                 |  67%Warning in validityMethod(object) :
Runs: |===================================               |  71%Warning in validityMethod(object) :
Runs: |=====================================             |  75%Warning in validityMethod(object) :
Runs: |=======================================           |  78%Warning in validityMethod(object) :

System time:
   user  system elapsed 
  2.132   0.091   2.260 
ℹ [2026-10-08 22:37:16.146495]: Keeping at most 10 NMF solutions with KLD within (1+RTOL) range of the best.
ℹ [2026-10-08 22:37:16.221448]: Running signature number 4 for bootstrapped catalog 11.
NMF algorithm: 'brunet'
Multiple runs: 50
Mode: parallel (2/10 core(s))
Runs: |==                                                |   4%Warning in validityMethod(object) :
Runs: |====                                              |   8%Warning in validityMethod(object) :
Runs: |======                                            |  12%Warning in validityMethod(object) :
Runs: |========                                          |  16%Warning in validityMethod(object) :
Runs: |==========                                        |  20%Warning in validityMethod(object) :
Runs: |============                                      |  24%Warning in validityMethod(object) :
Runs: |==============                                    |  27%Warning in validityMethod(object) :
Runs: |================                                  |  31%Warning in validityMethod(object) :
Runs: |==================                                |  35%Warning in validityMethod(object) :
Runs: |====================                              |  39%Warning in validityMethod(object) :
Runs: |=====================                             |  41%Warning in validityMethod(object) :
Runs: |======================                            |  43%Warning in validityMethod(object) :
Runs: |=======================                           |  45%Warning in validityMethod(object) :
Runs: |========================                          |  47%Warning in validityMethod(object) :
Runs: |=========================                         |  49%Warning in validityMethod(object) :
Runs: |=========================                         |  51%Warning in validityMethod(object) :
Runs: |==========================                        |  53%Warning in validityMethod(object) :
Runs: |===========================                       |  55%Warning in validityMethod(object) :
Runs: |============================                      |  57%Warning in validityMethod(object) :
Runs: |=============================                     |  59%Warning in validityMethod(object) :
Runs: |==============================                    |  61%Warning in validityMethod(object) :
Runs: |===============================                   |  63%Warning in validityMethod(object) :
Runs: |================================                  |  65%Warning in validityMethod(object) :
Runs: |=================================                 |  67%Warning in validityMethod(object) :
Runs: |==================================                |  69%Warning in validityMethod(object) :
Runs: |===================================               |  71%Warning in validityMethod(object) :
Runs: |====================================              |  73%Warning in validityMethod(object) :
Runs: |=====================================             |  75%Warning in validityMethod(object) :
Runs: |======================================            |  76%Warning in validityMethod(object) :
Runs: |=======================================           |  78%Warning in validityMethod(object) :
Runs: |========================================          |  80%Warning in validityMethod(object) :
System time:
   user  system elapsed 
  2.133   0.080   2.270 
ℹ [2026-10-08 22:37:18.577674]: Keeping at most 10 NMF solutions with KLD within (1+RTOL) range of the best.
ℹ [2026-10-08 22:37:18.651151]: Running signature number 4 for bootstrapped catalog 12.
NMF algorithm: 'brunet'
Multiple runs: 50
Mode: parallel (2/10 core(s))
Runs: |==                                                |   4%Warning in validityMethod(object) :Warning in validityMethod(object) :
Runs: |====                                              |   8%Warning in validityMethod(object) :
Runs: |======                                            |  12%Warning in validityMethod(object) :
Runs: |========                                          |  16%Warning in validityMethod(object) :
Runs: |==========                                        |  20%Warning in validityMethod(object) :
Runs: |============                                      |  24%Warning in validityMethod(object) :
Runs: |==============                                    |  27%Warning in validityMethod(object) :
Runs: |================                                  |  31%Warning in validityMethod(object) :Warning in validityMethod(object) :
Runs: |==================                                |  35%Warning in validityMethod(object) :
Runs: |====================                              |  39%Warning in validityMethod(object) :
Runs: |======================                            |  43%Warning in validityMethod(object) :
Runs: |========================                          |  47%Warning in validityMethod(object) :
Runs: |=========================                         |  51%Warning in validityMethod(object) :
Runs: |===========================                       |  55%Warning in validityMethod(object) :
Runs: |=============================                     |  59%Warning in validityMethod(object) :
Runs: |===============================                   |  63%Warning in validityMethod(object) :Warning in validityMethod(object) :
Runs: |=================================                 |  67%Warning in validityMethod(object) :
Runs: |===================================               |  71%Warning in validityMethod(object) :
Runs: |=====================================             |  75%Warning in validityMethod(object) :
Runs: |=======================================           |  78%Warning in validityMethod(object) :
System time:
   user  system elapsed 
  2.142   0.094   2.274 
ℹ [2026-10-08 22:37:21.007732]: Keeping at most 10 NMF solutions with KLD within (1+RTOL) range of the best.
ℹ [2026-10-08 22:37:21.083372]: Running signature number 4 for bootstrapped catalog 13.
NMF algorithm: 'brunet'
Multiple runs: 50
Mode: parallel (2/10 core(s))
Runs: |==                                                |   4%Warning in validityMethod(object) :
Runs: |====                                              |   8%Warning in validityMethod(object) :
Runs: |======                                            |  12%Warning in validityMethod(object) :
Runs: |========                                          |  16%Warning in validityMethod(object) :
Runs: |==========                                        |  20%Warning in validityMethod(object) :
Runs: |============                                      |  24%Warning in validityMethod(object) :
Runs: |==============                                    |  27%Warning in validityMethod(object) :
Runs: |================                                  |  31%Warning in validityMethod(object) :
Runs: |==================                                |  35%Warning in validityMethod(object) :
Runs: |====================                              |  39%Warning in validityMethod(object) :
Runs: |======================                            |  43%Warning in validityMethod(object) :
Runs: |========================                          |  47%Warning in validityMethod(object) :
Runs: |=========================                         |  51%Warning in validityMethod(object) :
Runs: |===========================                       |  55%Warning in validityMethod(object) :

Runs: |=============================                     |  59%Warning in validityMethod(object) :
Runs: |===============================                   |  63%Warning in validityMethod(object) :
Runs: |=================================                 |  67%Warning in validityMethod(object) :Warning in validityMethod(object) :

Runs: |===================================               |  71%Warning in validityMethod(object) :
Runs: |=====================================             |  75%Warning in validityMethod(object) :
Runs: |=======================================           |  78%Warning in validityMethod(object) :
System time:
   user  system elapsed 
  2.145   0.094   2.280 
ℹ [2026-10-08 22:37:23.446734]: Keeping at most 10 NMF solutions with KLD within (1+RTOL) range of the best.
ℹ [2026-10-08 22:37:23.52718]: Running signature number 4 for bootstrapped catalog 14.
NMF algorithm: 'brunet'
Multiple runs: 50
Mode: parallel (2/10 core(s))
Runs: |==                                                |   4%Warning in validityMethod(object) :
Runs: |====                                              |   8%Warning in validityMethod(object) :
Runs: |======                                            |  12%Warning in validityMethod(object) :
Runs: |========                                          |  16%Warning in validityMethod(object) :
Runs: |==========                                        |  20%Warning in validityMethod(object) :
Runs: |============                                      |  24%Warning in validityMethod(object) :
Runs: |==============                                    |  27%Warning in validityMethod(object) :
Runs: |================                                  |  31%Warning in validityMethod(object) :
Runs: |==================                                |  35%Warning in validityMethod(object) :
Runs: |====================                              |  39%Warning in validityMethod(object) :
Runs: |======================                            |  43%Warning in validityMethod(object) :
Runs: |========================                          |  47%Warning in validityMethod(object) :
Runs: |=========================                         |  51%Warning in validityMethod(object) :Warning in validityMethod(object) :
Runs: |===========================                       |  55%Warning in validityMethod(object) :
Runs: |=============================                     |  59%Warning in validityMethod(object) :
Runs: |===============================                   |  63%Warning in validityMethod(object) :
Runs: |=================================                 |  67%Warning in validityMethod(object) :
Runs: |===================================               |  71%Warning in validityMethod(object) :
Runs: |=====================================             |  75%Warning in validityMethod(object) :
Runs: |=======================================           |  78%Warning in validityMethod(object) :
System time:
   user  system elapsed 
  2.157   0.083   2.281 
ℹ [2026-10-08 22:37:25.890173]: Keeping at most 10 NMF solutions with KLD within (1+RTOL) range of the best.
ℹ [2026-10-08 22:37:25.960352]: Running signature number 4 for bootstrapped catalog 15.
NMF algorithm: 'brunet'
Multiple runs: 50
Mode: parallel (2/10 core(s))
Runs: |==                                                |   4%Warning in validityMethod(object) :
Runs: |====                                              |   8%Warning in validityMethod(object) :
Runs: |======                                            |  12%Warning in validityMethod(object) :

Runs: |========                                          |  16%Warning in validityMethod(object) :
Runs: |==========                                        |  20%Warning in validityMethod(object) :
Runs: |============                                      |  24%Warning in validityMethod(object) :
Runs: |==============                                    |  27%Warning in validityMethod(object) :
Runs: |================                                  |  31%Warning in validityMethod(object) :Warning in validityMethod(object) :

Runs: |==================                                |  35%Warning in validityMethod(object) :
Runs: |====================                              |  39%Warning in validityMethod(object) :
Runs: |======================                            |  43%Warning in validityMethod(object) :
Runs: |========================                          |  47%Warning in validityMethod(object) :
Runs: |=========================                         |  51%Warning in validityMethod(object) :
Runs: |===========================                       |  55%Warning in validityMethod(object) :
Runs: |=============================                     |  59%Warning in validityMethod(object) :
Runs: |===============================                   |  63%Warning in validityMethod(object) :
Runs: |=================================                 |  67%Warning in validityMethod(object) :
Runs: |===================================               |  71%Warning in validityMethod(object) :
Runs: |=====================================             |  75%Warning in validityMethod(object) :
Runs: |=======================================           |  78%Warning in validityMethod(object) :
System time:
   user  system elapsed 
  2.181   0.080   2.305 
ℹ [2026-10-08 22:37:28.34973]: Keeping at most 10 NMF solutions with KLD within (1+RTOL) range of the best.
ℹ [2026-10-08 22:37:28.425267]: Running signature number 4 for bootstrapped catalog 16.
NMF algorithm: 'brunet'
Multiple runs: 50
Mode: parallel (2/10 core(s))
Runs: |==                                                |   4%Warning in validityMethod(object) :
Runs: |====                                              |   8%Warning in validityMethod(object) :
Runs: |======                                            |  12%Warning in validityMethod(object) :Warning in validityMethod(object) :
Runs: |========                                          |  16%Warning in validityMethod(object) :
Runs: |==========                                        |  20%Warning in validityMethod(object) :
Runs: |============                                      |  24%Warning in validityMethod(object) :
Runs: |==============                                    |  27%Warning in validityMethod(object) :
Runs: |================                                  |  31%Warning in validityMethod(object) :
Runs: |==================                                |  35%Warning in validityMethod(object) :
Runs: |====================                              |  39%Warning in validityMethod(object) :
Runs: |======================                            |  43%Warning in validityMethod(object) :
Runs: |========================                          |  47%Warning in validityMethod(object) :
Runs: |=========================                         |  51%Warning in validityMethod(object) :
Runs: |===========================                       |  55%Warning in validityMethod(object) :
Runs: |=============================                     |  59%Warning in validityMethod(object) :
Runs: |===============================                   |  63%Warning in validityMethod(object) :
Runs: |=================================                 |  67%Warning in validityMethod(object) :
Runs: |===================================               |  71%Warning in validityMethod(object) :
Runs: |=====================================             |  75%Warning in validityMethod(object) :
Runs: |=======================================           |  78%Warning in validityMethod(object) :
System time:
   user  system elapsed 
  2.126   0.080   2.248 
ℹ [2026-10-08 22:37:30.759624]: Keeping at most 10 NMF solutions with KLD within (1+RTOL) range of the best.
ℹ [2026-10-08 22:37:30.829581]: Running signature number 4 for bootstrapped catalog 17.
NMF algorithm: 'brunet'
Multiple runs: 50
Mode: parallel (2/10 core(s))
Runs: |==                                                |   4%Warning in validityMethod(object) :
Runs: |====                                              |   8%Warning in validityMethod(object) :

Runs: |======                                            |  12%Warning in validityMethod(object) :
Runs: |========                                          |  16%Warning in validityMethod(object) :
Runs: |=========                                         |  18%Warning in validityMethod(object) :
Runs: |==========                                        |  20%Warning in validityMethod(object) :
Runs: |============                                      |  24%Warning in validityMethod(object) :
Runs: |=============                                     |  25%Warning in validityMethod(object) :
Runs: |==============                                    |  27%Warning in validityMethod(object) :
Runs: |===============                                   |  29%Warning in validityMethod(object) :
Runs: |================                                  |  31%Warning in validityMethod(object) :
Runs: |==================                                |  35%Warning in validityMethod(object) :
Runs: |====================                              |  39%Warning in validityMethod(object) :
Runs: |======================                            |  43%Warning in validityMethod(object) :
Runs: |========================                          |  47%Warning in validityMethod(object) :
Runs: |=========================                         |  51%Warning in validityMethod(object) :
Runs: |===========================                       |  55%Warning in validityMethod(object) :
Runs: |=============================                     |  59%Warning in validityMethod(object) :
Runs: |===============================                   |  63%Warning in validityMethod(object) :
Runs: |=================================                 |  67%Warning in validityMethod(object) :
Runs: |===================================               |  71%Warning in validityMethod(object) :
Runs: |=====================================             |  75%Warning in validityMethod(object) :
Runs: |=======================================           |  78%Warning in validityMethod(object) :
System time:
   user  system elapsed 
  2.160   0.076   2.279 
ℹ [2026-10-08 22:37:33.194134]: Keeping at most 10 NMF solutions with KLD within (1+RTOL) range of the best.
ℹ [2026-10-08 22:37:33.266819]: Running signature number 4 for bootstrapped catalog 18.
NMF algorithm: 'brunet'
Multiple runs: 50
Mode: parallel (2/10 core(s))
Runs: |==                                                |   4%Warning in validityMethod(object) :Warning in validityMethod(object) :
Runs: |====                                              |   8%Warning in validityMethod(object) :

Runs: |======                                            |  12%Warning in validityMethod(object) :
Runs: |========                                          |  16%Warning in validityMethod(object) :
Runs: |==========                                        |  20%Warning in validityMethod(object) :
Runs: |============                                      |  24%Warning in validityMethod(object) :
Runs: |==============                                    |  27%Warning in validityMethod(object) :
Runs: |================                                  |  31%Warning in validityMethod(object) :
Runs: |==================                                |  35%Warning in validityMethod(object) :
Runs: |====================                              |  39%Warning in validityMethod(object) :
Runs: |======================                            |  43%Warning in validityMethod(object) :
Runs: |========================                          |  47%Warning in validityMethod(object) :
Runs: |=========================                         |  51%Warning in validityMethod(object) :
Runs: |===========================                       |  55%Warning in validityMethod(object) :
Runs: |=============================                     |  59%Warning in validityMethod(object) :
Runs: |===============================                   |  63%Warning in validityMethod(object) :
Runs: |=================================                 |  67%Warning in validityMethod(object) :
Runs: |===================================               |  71%Warning in validityMethod(object) :
Runs: |=====================================             |  75%Warning in validityMethod(object) :
Runs: |=======================================           |  78%Warning in validityMethod(object) :
System time:
   user  system elapsed 
  2.145   0.096   2.283 
ℹ [2026-10-08 22:37:35.632252]: Keeping at most 10 NMF solutions with KLD within (1+RTOL) range of the best.
ℹ [2026-10-08 22:37:35.709121]: Running signature number 4 for bootstrapped catalog 19.
NMF algorithm: 'brunet'
Multiple runs: 50
Mode: parallel (2/10 core(s))
Runs: |==                                                |   4%Warning in validityMethod(object) :
Runs: |====                                              |   8%Warning in validityMethod(object) :
Runs: |======                                            |  12%Warning in validityMethod(object) :
Runs: |========                                          |  16%Warning in validityMethod(object) :
Runs: |==========                                        |  20%Warning in validityMethod(object) :
 Warning in validityMethod(object) : Dimensions of W and H look strange [ncol(W)= 4 > ncol(H)= 1 ]

Runs: |============                                      |  24%Warning in validityMethod(object) :
Runs: |==============                                    |  27%Warning in validityMethod(object) :
Runs: |================                                  |  31%Warning in validityMethod(object) :
Runs: |==================                                |  35%Warning in validityMethod(object) :
Runs: |====================                              |  39%Warning in validityMethod(object) :
Runs: |======================                            |  43%Warning in validityMethod(object) :
Runs: |========================                          |  47%Warning in validityMethod(object) :
Runs: |=========================                         |  51%Warning in validityMethod(object) :
Runs: |===========================                       |  55%Warning in validityMethod(object) :
Runs: |=============================                     |  59%Warning in validityMethod(object) :
Runs: |===============================                   |  63%Warning in validityMethod(object) :Warning in validityMethod(object) :


Runs: |=================================                 |  67%Warning in validityMethod(object) :
Runs: |===================================               |  71%Warning in validityMethod(object) :
Runs: |=====================================             |  75%Warning in validityMethod(object) :

Runs: |=======================================           |  78%Warning in validityMethod(object) :

System time:
   user  system elapsed 
  2.168   0.083   2.292 
ℹ [2026-10-08 22:37:38.085486]: Keeping at most 10 NMF solutions with KLD within (1+RTOL) range of the best.
ℹ [2026-10-08 22:37:38.158323]: Running signature number 4 for bootstrapped catalog 20.
NMF algorithm: 'brunet'
Multiple runs: 50
Mode: parallel (2/10 core(s))
Runs: |==                                                |   4%Warning in validityMethod(object) :Warning in validityMethod(object) :

Runs: |====                                              |   8%Warning in validityMethod(object) :
Runs: |======                                            |  12%Warning in validityMethod(object) :
Runs: |========                                          |  16%Warning in validityMethod(object) :
Runs: |==========                                        |  20%Warning in validityMethod(object) :
Runs: |============                                      |  24%Warning in validityMethod(object) :Warning in validityMethod(object) :
Runs: |==============                                    |  27%Warning in validityMethod(object) :
Runs: |================                                  |  31%Warning in validityMethod(object) :
Runs: |==================                                |  35%Warning in validityMethod(object) :Warning in validityMethod(object) :

Runs: |====================                              |  39%Warning in validityMethod(object) :
Runs: |======================                            |  43%Warning in validityMethod(object) :
Runs: |========================                          |  47%Warning in validityMethod(object) :
Runs: |=========================                         |  51%Warning in validityMethod(object) :
Runs: |===========================                       |  55%Warning in validityMethod(object) :
Runs: |=============================                     |  59%Warning in validityMethod(object) :
Runs: |===============================                   |  63%Warning in validityMethod(object) :Warning in validityMethod(object) :

Runs: |=================================                 |  67%Warning in validityMethod(object) :
Runs: |===================================               |  71%Warning in validityMethod(object) :
Runs: |=====================================             |  75%Warning in validityMethod(object) :
Runs: |=======================================           |  78%Warning in validityMethod(object) :
System time:
   user  system elapsed 
  2.146   0.099   2.286 
ℹ [2026-10-08 22:37:40.53156]: Keeping at most 10 NMF solutions with KLD within (1+RTOL) range of the best.
ℹ [2026-10-08 22:37:40.604727]: Reading NMF run files...
✔ [2026-10-08 22:37:40.610193]: Read successfully.
✔ [2026-10-08 22:37:40.61103]: NMF run files deleted.
✔ [2026-10-08 22:37:40.611533]: Done for this signature number. Current memory size used: 117MB
ℹ [2026-10-08 22:37:40.717834]: Extracting 5 signatures on 20 bootstrapped catalogs with 50 NMF runs for each.
ℹ [2026-10-08 22:37:40.718834]: Running signature number 5 for bootstrapped catalog 1.
NMF algorithm: 'brunet'
Multiple runs: 50
Mode: parallel (2/10 core(s))
Runs: |==                                                |   4%Warning in validityMethod(object) :Warning in validityMethod(object) :
Runs: |====                                              |   8%Warning in validityMethod(object) :
Runs: |======                                            |  12%Warning in validityMethod(object) :
Runs: |========                                          |  16%Warning in validityMethod(object) :

Runs: |==========                                        |  20%Warning in validityMethod(object) :
Runs: |============                                      |  24%Warning in validityMethod(object) :

Runs: |=============                                     |  25%Warning in validityMethod(object) :
Runs: |==============                                    |  27%Warning in validityMethod(object) :
Runs: |===============                                   |  29%Warning in validityMethod(object) :
Runs: |================                                  |  31%Warning in validityMethod(object) :
Runs: |=================                                 |  33%Warning in validityMethod(object) :
Runs: |==================                                |  35%Warning in validityMethod(object) :
Runs: |===================                               |  37%Warning in validityMethod(object) :
Runs: |====================                              |  39%Warning in validityMethod(object) :
Runs: |=====================                             |  41%Warning in validityMethod(object) :
Runs: |======================                            |  43%Warning in validityMethod(object) :
Runs: |=======================                           |  45%Warning in validityMethod(object) :
Runs: |========================                          |  47%Warning in validityMethod(object) :
Runs: |=========================                         |  49%Warning in validityMethod(object) :
Runs: |=========================                         |  51%Warning in validityMethod(object) :
Runs: |==========================                        |  53%Warning in validityMethod(object) :
Runs: |===========================                       |  55%Warning in validityMethod(object) :
Runs: |============================                      |  57%Warning in validityMethod(object) :
Runs: |=============================                     |  59%Warning in validityMethod(object) :
Runs: |==============================                    |  61%Warning in validityMethod(object) :
Runs: |===============================                   |  63%Warning in validityMethod(object) :
Runs: |================================                  |  65%Warning in validityMethod(object) :
Runs: |=================================                 |  67%Warning in validityMethod(object) :
Runs: |==================================                |  69%Warning in validityMethod(object) :
Runs: |===================================               |  71%Warning in validityMethod(object) :
Runs: |====================================              |  73%Warning in validityMethod(object) :
Runs: |=====================================             |  75%Warning in validityMethod(object) :
Runs: |======================================            |  76%Warning in validityMethod(object) :
Runs: |=======================================           |  78%Warning in validityMethod(object) :
Runs: |========================================          |  80%Warning in validityMethod(object) :
System time:
   user  system elapsed 
  2.147   0.083   2.297 
ℹ [2026-10-08 22:37:43.098143]: Keeping at most 10 NMF solutions with KLD within (1+RTOL) range of the best.
ℹ [2026-10-08 22:37:43.174278]: Running signature number 5 for bootstrapped catalog 2.
NMF algorithm: 'brunet'
Multiple runs: 50
Mode: parallel (2/10 core(s))
Runs: |==                                                |   4%Warning in validityMethod(object) :
Runs: |====                                              |   8%Warning in validityMethod(object) :
Runs: |=====                                             |  10%Warning in validityMethod(object) :
Runs: |======                                            |  12%Warning in validityMethod(object) :
Runs: |=======                                           |  14%Warning in validityMethod(object) :
Runs: |========                                          |  16%Warning in validityMethod(object) :
Runs: |==========                                        |  20%Warning in validityMethod(object) :
Runs: |============                                      |  24%Warning in validityMethod(object) :
Runs: |==============                                    |  27%Warning in validityMethod(object) :
Runs: |================                                  |  31%Warning in validityMethod(object) :
Runs: |==================                                |  35%Warning in validityMethod(object) :
Runs: |====================                              |  39%Warning in validityMethod(object) :
Runs: |======================                            |  43%Warning in validityMethod(object) :
Runs: |========================                          |  47%Warning in validityMethod(object) :
Runs: |=========================                         |  51%Warning in validityMethod(object) :
Runs: |===========================                       |  55%Warning in validityMethod(object) :
Runs: |=============================                     |  59%Warning in validityMethod(object) :
Runs: |===============================                   |  63%Warning in validityMethod(object) :
Runs: |=================================                 |  67%Warning in validityMethod(object) :
Runs: |===================================               |  71%Warning in validityMethod(object) :
Runs: |=====================================             |  75%Warning in validityMethod(object) :
Runs: |=======================================           |  78%Warning in validityMethod(object) :
System time:
   user  system elapsed 
  2.214   0.090   2.344 
ℹ [2026-10-08 22:37:45.606568]: Keeping at most 10 NMF solutions with KLD within (1+RTOL) range of the best.
ℹ [2026-10-08 22:37:45.681595]: Running signature number 5 for bootstrapped catalog 3.
NMF algorithm: 'brunet'
Multiple runs: 50
Mode: parallel (2/10 core(s))
Runs: |==                                                |   4%Warning in validityMethod(object) :
Runs: |====                                              |   8%Warning in validityMethod(object) :
Runs: |======                                            |  12%Warning in validityMethod(object) :
Runs: |========                                          |  16%Warning in validityMethod(object) :
Runs: |==========                                        |  20%Warning in validityMethod(object) :
Runs: |===========                                       |  22%Warning in validityMethod(object) :
Runs: |============                                      |  24%Warning in validityMethod(object) :
Runs: |=============                                     |  25%Warning in validityMethod(object) :
Runs: |==============                                    |  27%Warning in validityMethod(object) :
Runs: |===============                                   |  29%Warning in validityMethod(object) :
Runs: |================                                  |  31%Warning in validityMethod(object) :
Runs: |=================                                 |  33%Warning in validityMethod(object) :
Runs: |==================                                |  35%Warning in validityMethod(object) :
Runs: |===================                               |  37%Warning in validityMethod(object) :
Runs: |====================                              |  39%Warning in validityMethod(object) :
Runs: |=====================                             |  41%Warning in validityMethod(object) :
Runs: |======================                            |  43%Warning in validityMethod(object) :
Runs: |=======================                           |  45%Warning in validityMethod(object) :
Runs: |========================                          |  47%Warning in validityMethod(object) :
Runs: |=========================                         |  49%Warning in validityMethod(object) :
Runs: |=========================                         |  51%Warning in validityMethod(object) :
Runs: |==========================                        |  53%Warning in validityMethod(object) :
Runs: |===========================                       |  55%Warning in validityMethod(object) :
Runs: |============================                      |  57%Warning in validityMethod(object) :
Runs: |=============================                     |  59%Warning in validityMethod(object) :
Runs: |==============================                    |  61%Warning in validityMethod(object) :
Runs: |===============================                   |  63%Warning in validityMethod(object) :
Runs: |================================                  |  65%Warning in validityMethod(object) :
Runs: |=================================                 |  67%Warning in validityMethod(object) :
Runs: |==================================                |  69%Warning in validityMethod(object) :
Runs: |===================================               |  71%Warning in validityMethod(object) :
Runs: |====================================              |  73%Warning in validityMethod(object) :
Runs: |=====================================             |  75%Warning in validityMethod(object) :
Runs: |======================================            |  76%Warning in validityMethod(object) :
Runs: |=======================================           |  78%Warning in validityMethod(object) :
Runs: |========================================          |  80%Warning in validityMethod(object) :
System time:
   user  system elapsed 
  2.178   0.116   2.349 
ℹ [2026-10-08 22:37:48.121901]: Keeping at most 10 NMF solutions with KLD within (1+RTOL) range of the best.
ℹ [2026-10-08 22:37:48.201701]: Running signature number 5 for bootstrapped catalog 4.
NMF algorithm: 'brunet'
Multiple runs: 50
Mode: parallel (2/10 core(s))
Runs: |==                                                |   4%Warning in validityMethod(object) :
Runs: |====                                              |   8%Warning in validityMethod(object) :
 Warning in validityMethod(object) : Dimensions of W and H look strange [ncol(W)= 5 > ncol(H)= 1 ]

Runs: |======                                            |  12%Warning in validityMethod(object) :
Runs: |========                                          |  16%Warning in validityMethod(object) :Warning in validityMethod(object) :
Runs: |==========                                        |  20%Warning in validityMethod(object) :
Runs: |============                                      |  24%Warning in validityMethod(object) :Warning in validityMethod(object) :

Runs: |==============                                    |  27%Warning in validityMethod(object) :

Runs: |================                                  |  31%Warning in validityMethod(object) :
Runs: |==================                                |  35%Warning in validityMethod(object) :
Runs: |====================                              |  39%Warning in validityMethod(object) :
Runs: |======================                            |  43%Warning in validityMethod(object) :
Runs: |========================                          |  47%Warning in validityMethod(object) :
Runs: |=========================                         |  51%Warning in validityMethod(object) :
Runs: |===========================                       |  55%Warning in validityMethod(object) :
Runs: |=============================                     |  59%Warning in validityMethod(object) :
Runs: |===============================                   |  63%Warning in validityMethod(object) :
Runs: |=================================                 |  67%Warning in validityMethod(object) :
Runs: |===================================               |  71%Warning in validityMethod(object) :
Runs: |=====================================             |  75%Warning in validityMethod(object) :
Runs: |=======================================           |  78%Warning in validityMethod(object) :
System time:
   user  system elapsed 
  2.168   0.084   2.291 
ℹ [2026-10-08 22:37:50.576629]: Keeping at most 10 NMF solutions with KLD within (1+RTOL) range of the best.
ℹ [2026-10-08 22:37:50.651481]: Running signature number 5 for bootstrapped catalog 5.
NMF algorithm: 'brunet'
Multiple runs: 50
Mode: parallel (2/10 core(s))
Runs: |==                                                |   4%Warning in validityMethod(object) :
Runs: |====                                              |   8%Warning in validityMethod(object) :
Runs: |======                                            |  12%Warning in validityMethod(object) :
Runs: |========                                          |  16%Warning in validityMethod(object) :
Runs: |==========                                        |  20%Warning in validityMethod(object) :
Runs: |============                                      |  24%Warning in validityMethod(object) :
Runs: |==============                                    |  27%Warning in validityMethod(object) :
Runs: |================                                  |  31%Warning in validityMethod(object) :
Runs: |=================                                 |  33%Warning in validityMethod(object) :
Runs: |==================                                |  35%Warning in validityMethod(object) :
Runs: |===================                               |  37%Warning in validityMethod(object) :
Runs: |====================                              |  39%Warning in validityMethod(object) :
Runs: |=====================                             |  41%Warning in validityMethod(object) :
Runs: |======================                            |  43%Warning in validityMethod(object) :
Runs: |=======================                           |  45%Warning in validityMethod(object) :
Runs: |========================                          |  47%Warning in validityMethod(object) :
Runs: |=========================                         |  49%Warning in validityMethod(object) :
Runs: |=========================                         |  51%Warning in validityMethod(object) :
Runs: |==========================                        |  53%Warning in validityMethod(object) :
Runs: |===========================                       |  55%Warning in validityMethod(object) :
Runs: |============================                      |  57%Warning in validityMethod(object) :
Runs: |=============================                     |  59%Warning in validityMethod(object) :
Runs: |==============================                    |  61%Warning in validityMethod(object) :
Runs: |===============================                   |  63%Warning in validityMethod(object) :
Runs: |================================                  |  65%Warning in validityMethod(object) :
Runs: |=================================                 |  67%Warning in validityMethod(object) :
Runs: |==================================                |  69%Warning in validityMethod(object) :
Runs: |===================================               |  71%Warning in validityMethod(object) :
Runs: |====================================              |  73%Warning in validityMethod(object) :
Runs: |=====================================             |  75%Warning in validityMethod(object) :
Runs: |======================================            |  76%Warning in validityMethod(object) :
Runs: |=======================================           |  78%Warning in validityMethod(object) :
Runs: |========================================          |  80%Warning in validityMethod(object) :
System time:
   user  system elapsed 
  2.236   0.095   2.368 
ℹ [2026-10-08 22:37:53.098913]: Keeping at most 10 NMF solutions with KLD within (1+RTOL) range of the best.
ℹ [2026-10-08 22:37:53.182713]: Running signature number 5 for bootstrapped catalog 6.
NMF algorithm: 'brunet'
Multiple runs: 50
Mode: parallel (2/10 core(s))
Runs: |==                                                |   4%Warning in validityMethod(object) :Warning in validityMethod(object) :
Runs: |====                                              |   8%Warning in validityMethod(object) :
Runs: |======                                            |  12%Warning in validityMethod(object) :
Runs: |========                                          |  16%Warning in validityMethod(object) :
Runs: |==========                                        |  20%Warning in validityMethod(object) :
Runs: |============                                      |  24%Warning in validityMethod(object) :
Runs: |==============                                    |  27%Warning in validityMethod(object) :
Runs: |================                                  |  31%Warning in validityMethod(object) :
Runs: |==================                                |  35%Warning in validityMethod(object) :
Runs: |====================                              |  39%Warning in validityMethod(object) :Warning in validityMethod(object) :
Runs: |======================                            |  43%Warning in validityMethod(object) :
Runs: |========================                          |  47%Warning in validityMethod(object) :Warning in validityMethod(object) :
Runs: |=========================                         |  51%Warning in validityMethod(object) :
Runs: |===========================                       |  55%Warning in validityMethod(object) :
Runs: |=============================                     |  59%Warning in validityMethod(object) :
Runs: |===============================                   |  63%Warning in validityMethod(object) :
Runs: |=================================                 |  67%Warning in validityMethod(object) :
Runs: |===================================               |  71%Warning in validityMethod(object) :
Runs: |=====================================             |  75%Warning in validityMethod(object) :
Runs: |=======================================           |  78%Warning in validityMethod(object) :Warning in validityMethod(object) :

System time:
   user  system elapsed 
  2.339   0.095   2.482 
ℹ [2026-10-08 22:37:55.757244]: Keeping at most 10 NMF solutions with KLD within (1+RTOL) range of the best.
ℹ [2026-10-08 22:37:55.839785]: Running signature number 5 for bootstrapped catalog 7.
NMF algorithm: 'brunet'
Multiple runs: 50
Mode: parallel (2/10 core(s))
Runs: |==                                                |   4%Warning in validityMethod(object) :
Runs: |====                                              |   8%Warning in validityMethod(object) :
Runs: |======                                            |  12%Warning in validityMethod(object) :
Runs: |========                                          |  16%Warning in validityMethod(object) :
Runs: |==========                                        |  20%Warning in validityMethod(object) :
Runs: |============                                      |  24%Warning in validityMethod(object) :
Runs: |=============                                     |  25%Warning in validityMethod(object) :
Runs: |==============                                    |  27%Warning in validityMethod(object) :
Runs: |================                                  |  31%Warning in validityMethod(object) :
Runs: |==================                                |  35%Warning in validityMethod(object) :
Runs: |====================                              |  39%Warning in validityMethod(object) :
Runs: |======================                            |  43%Warning in validityMethod(object) :
Runs: |========================                          |  47%Warning in validityMethod(object) :
Runs: |=========================                         |  51%Warning in validityMethod(object) :
Runs: |===========================                       |  55%Warning in validityMethod(object) :
Runs: |=============================                     |  59%Warning in validityMethod(object) :
Runs: |===============================                   |  63%Warning in validityMethod(object) :
Runs: |=================================                 |  67%Warning in validityMethod(object) :
Runs: |===================================               |  71%Warning in validityMethod(object) :
Runs: |=====================================             |  75%Warning in validityMethod(object) :
Runs: |=======================================           |  78%Warning in validityMethod(object) :
System time:
   user  system elapsed 
  2.251   0.091   2.387 
ℹ [2026-10-08 22:37:58.322314]: Keeping at most 10 NMF solutions with KLD within (1+RTOL) range of the best.
ℹ [2026-10-08 22:37:58.394923]: Running signature number 5 for bootstrapped catalog 8.
NMF algorithm: 'brunet'
Multiple runs: 50
Mode: parallel (2/10 core(s))
Runs: |==                                                |   4%Warning in validityMethod(object) :
Runs: |====                                              |   8%Warning in validityMethod(object) :Warning in validityMethod(object) :
Runs: |======                                            |  12%Warning in validityMethod(object) :
Runs: |========                                          |  16%Warning in validityMethod(object) :
Runs: |==========                                        |  20%Warning in validityMethod(object) :
Runs: |============                                      |  24%Warning in validityMethod(object) :
Runs: |==============                                    |  27%Warning in validityMethod(object) :
Runs: |================                                  |  31%Warning in validityMethod(object) :
Runs: |==================                                |  35%Warning in validityMethod(object) :Warning in validityMethod(object) :
Runs: |====================                              |  39%Warning in validityMethod(object) :
Runs: |======================                            |  43%Warning in validityMethod(object) :
Runs: |========================                          |  47%Warning in validityMethod(object) :
Runs: |=========================                         |  51%Warning in validityMethod(object) :

Runs: |===========================                       |  55%Warning in validityMethod(object) :
Runs: |=============================                     |  59%Warning in validityMethod(object) :
Runs: |===============================                   |  63%Warning in validityMethod(object) :
Runs: |=================================                 |  67%Warning in validityMethod(object) :
Runs: |===================================               |  71%Warning in validityMethod(object) :
Runs: |=====================================             |  75%Warning in validityMethod(object) :
Runs: |=======================================           |  78%Warning in validityMethod(object) :
System time:
   user  system elapsed 
  2.150   0.098   2.289 
ℹ [2026-10-08 22:38:00.773254]: Keeping at most 10 NMF solutions with KLD within (1+RTOL) range of the best.
ℹ [2026-10-08 22:38:00.848618]: Running signature number 5 for bootstrapped catalog 9.
NMF algorithm: 'brunet'
Multiple runs: 50
Mode: parallel (2/10 core(s))
Runs: |==                                                |   4%Warning in validityMethod(object) :
Runs: |====                                              |   8%Warning in validityMethod(object) :Warning in validityMethod(object) :

Runs: |======                                            |  12%Warning in validityMethod(object) :
Runs: |========                                          |  16%Warning in validityMethod(object) :
Runs: |==========                                        |  20%Warning in validityMethod(object) :
Runs: |============                                      |  24%Warning in validityMethod(object) :
Runs: |==============                                    |  27%Warning in validityMethod(object) :
Runs: |================                                  |  31%Warning in validityMethod(object) :
Runs: |==================                                |  35%Warning in validityMethod(object) :
Runs: |====================                              |  39%Warning in validityMethod(object) :
Runs: |======================                            |  43%Warning in validityMethod(object) :
Runs: |========================                          |  47%Warning in validityMethod(object) :

Runs: |=========================                         |  51%Warning in validityMethod(object) :
Runs: |===========================                       |  55%Warning in validityMethod(object) :
Runs: |=============================                     |  59%Warning in validityMethod(object) :
Runs: |===============================                   |  63%Warning in validityMethod(object) :
Runs: |=================================                 |  67%Warning in validityMethod(object) :

Runs: |===================================               |  71%Warning in validityMethod(object) :
Runs: |=====================================             |  75%Warning in validityMethod(object) :
Runs: |=======================================           |  78%Warning in validityMethod(object) :
System time:
   user  system elapsed 
  2.171   0.080   2.291 
ℹ [2026-10-08 22:38:03.22671]: Keeping at most 10 NMF solutions with KLD within (1+RTOL) range of the best.
ℹ [2026-10-08 22:38:03.298327]: Running signature number 5 for bootstrapped catalog 10.
NMF algorithm: 'brunet'
Multiple runs: 50
Mode: parallel (2/10 core(s))
Runs: |==                                                |   4%Warning in validityMethod(object) :

Runs: |====                                              |   8%Warning in validityMethod(object) :
Runs: |======                                            |  12%Warning in validityMethod(object) :
Runs: |========                                          |  16%Warning in validityMethod(object) :
Runs: |==========                                        |  20%Warning in validityMethod(object) :
Runs: |============                                      |  24%Warning in validityMethod(object) :Warning in validityMethod(object) :

Runs: |==============                                    |  27%Warning in validityMethod(object) :
Runs: |================                                  |  31%Warning in validityMethod(object) :
Runs: |==================                                |  35%Warning in validityMethod(object) :Warning in validityMethod(object) :

Runs: |====================                              |  39%Warning in validityMethod(object) :
Runs: |======================                            |  43%Warning in validityMethod(object) :
Runs: |========================                          |  47%Warning in validityMethod(object) :
Runs: |=========================                         |  51%Warning in validityMethod(object) :
Runs: |===========================                       |  55%Warning in validityMethod(object) :
Runs: |=============================                     |  59%Warning in validityMethod(object) :
Runs: |===============================                   |  63%Warning in validityMethod(object) :
Runs: |=================================                 |  67%Warning in validityMethod(object) :
Runs: |===================================               |  71%Warning in validityMethod(object) :

Runs: |=====================================             |  75%Warning in validityMethod(object) :
Runs: |=======================================           |  78%Warning in validityMethod(object) :
System time:
   user  system elapsed 
  2.167   0.089   2.296 
ℹ [2026-10-08 22:38:05.680835]: Keeping at most 10 NMF solutions with KLD within (1+RTOL) range of the best.
ℹ [2026-10-08 22:38:05.759746]: Running signature number 5 for bootstrapped catalog 11.
NMF algorithm: 'brunet'
Multiple runs: 50
Mode: parallel (2/10 core(s))
Runs: |==                                                |   4%Warning in validityMethod(object) :Warning in validityMethod(object) :
Runs: |====                                              |   8%Warning in validityMethod(object) :
Runs: |======                                            |  12%Warning in validityMethod(object) :
Runs: |========                                          |  16%Warning in validityMethod(object) :
Runs: |==========                                        |  20%Warning in validityMethod(object) :
Runs: |============                                      |  24%Warning in validityMethod(object) :
Runs: |==============                                    |  27%Warning in validityMethod(object) :
Runs: |================                                  |  31%Warning in validityMethod(object) :
Runs: |==================                                |  35%Warning in validityMethod(object) :
Runs: |====================                              |  39%Warning in validityMethod(object) :
Runs: |======================                            |  43%Warning in validityMethod(object) :
Runs: |========================                          |  47%Warning in validityMethod(object) :
Runs: |=========================                         |  51%Warning in validityMethod(object) :
Runs: |===========================                       |  55%Warning in validityMethod(object) :
Runs: |=============================                     |  59%Warning in validityMethod(object) :Warning in validityMethod(object) :
Runs: |===============================                   |  63%Warning in validityMethod(object) :
Runs: |=================================                 |  67%Warning in validityMethod(object) :
Runs: |===================================               |  71%Warning in validityMethod(object) :
Runs: |=====================================             |  75%Warning in validityMethod(object) :
Runs: |=======================================           |  78%Warning in validityMethod(object) :

System time:
   user  system elapsed 
  2.167   0.086   2.296 
ℹ [2026-10-08 22:38:08.140956]: Keeping at most 10 NMF solutions with KLD within (1+RTOL) range of the best.
ℹ [2026-10-08 22:38:08.215546]: Running signature number 5 for bootstrapped catalog 12.
NMF algorithm: 'brunet'
Multiple runs: 50
Mode: parallel (2/10 core(s))
Runs: |==                                                |   4%Warning in validityMethod(object) :
Runs: |====                                              |   8%Warning in validityMethod(object) :
Runs: |======                                            |  12%Warning in validityMethod(object) :
Runs: |========                                          |  16%Warning in validityMethod(object) :
Runs: |==========                                        |  20%Warning in validityMethod(object) :
Runs: |============                                      |  24%Warning in validityMethod(object) :
Runs: |==============                                    |  27%Warning in validityMethod(object) :
Runs: |================                                  |  31%Warning in validityMethod(object) :Warning in validityMethod(object) :
Runs: |==================                                |  35%Warning in validityMethod(object) :
Runs: |====================                              |  39%Warning in validityMethod(object) :
Runs: |======================                            |  43%Warning in validityMethod(object) :
Runs: |========================                          |  47%Warning in validityMethod(object) :
Runs: |=========================                         |  51%Warning in validityMethod(object) :

Runs: |===========================                       |  55%Warning in validityMethod(object) :
Runs: |=============================                     |  59%Warning in validityMethod(object) :

Runs: |===============================                   |  63%Warning in validityMethod(object) :
Runs: |=================================                 |  67%Warning in validityMethod(object) :
Runs: |===================================               |  71%Warning in validityMethod(object) :

Runs: |=====================================             |  75%Warning in validityMethod(object) :
Runs: |=======================================           |  78%Warning in validityMethod(object) :Warning in validityMethod(object) :

System time:
   user  system elapsed 
  2.184   0.085   2.311 
ℹ [2026-10-08 22:38:10.610377]: Keeping at most 10 NMF solutions with KLD within (1+RTOL) range of the best.
ℹ [2026-10-08 22:38:10.684204]: Running signature number 5 for bootstrapped catalog 13.
NMF algorithm: 'brunet'
Multiple runs: 50
Mode: parallel (2/10 core(s))
Runs: |==                                                |   4%Warning in validityMethod(object) :Warning in validityMethod(object) :
Warning in validityMethod(object) :Warning in validityMethod(object) :
Runs: |====                                              |   8%Warning in validityMethod(object) :
Runs: |======                                            |  12%Warning in validityMethod(object) :
Runs: |=======                                           |  14%Warning in validityMethod(object) :
Warning in validityMethod(object) :Warning in validityMethod(object) :
Runs: |==========                                        |  20%Warning in validityMethod(object) :
Runs: |============                                      |  24%Warning in validityMethod(object) :
Runs: |==============                                    |  27%Warning in validityMethod(object) :
Runs: |================                                  |  31%Warning in validityMethod(object) :
Runs: |=================                                 |  33%Warning in validityMethod(object) :
Runs: |==================                                |  35%Warning in validityMethod(object) :
Runs: |===================                               |  37%Warning in validityMethod(object) :
Runs: |====================                              |  39%Warning in validityMethod(object) :
Runs: |======================                            |  43%Warning in validityMethod(object) :
Runs: |=======================                           |  45%Warning in validityMethod(object) :
Runs: |========================                          |  47%Warning in validityMethod(object) :
Runs: |=========================                         |  51%Warning in validityMethod(object) :
Runs: |===========================                       |  55%Warning in validityMethod(object) :
Runs: |=============================                     |  59%Warning in validityMethod(object) :
Runs: |===============================                   |  63%Warning in validityMethod(object) :
Runs: |=================================                 |  67%Warning in validityMethod(object) :
Runs: |===================================               |  71%Warning in validityMethod(object) :
Runs: |=====================================             |  75%Warning in validityMethod(object) :
Runs: |=======================================           |  78%Warning in validityMethod(object) :
Runs: |========================================          |  80%Warning in validityMethod(object) :
System time:
   user  system elapsed 
  2.153   0.100   2.297 
ℹ [2026-10-08 22:38:13.076744]: Keeping at most 10 NMF solutions with KLD within (1+RTOL) range of the best.
ℹ [2026-10-08 22:38:13.154851]: Running signature number 5 for bootstrapped catalog 14.
NMF algorithm: 'brunet'
Multiple runs: 50
Mode: parallel (2/10 core(s))
Runs: |==                                                |   4%Warning in validityMethod(object) :
Runs: |====                                              |   8%Warning in validityMethod(object) :Warning in validityMethod(object) :
Warning in validityMethod(object) :Warning in validityMethod(object) :
Runs: |======                                            |  12%Warning in validityMethod(object) :
Runs: |========                                          |  16%Warning in validityMethod(object) :
Runs: |==========                                        |  20%Warning in validityMethod(object) :
Runs: |============                                      |  24%Warning in validityMethod(object) :
Warning in validityMethod(object) :Warning in validityMethod(object) :

Runs: |==============                                    |  27%Warning in validityMethod(object) :
 Warning in validityMethod(object) : Dimensions of W and H look strange [ncol(W)= 5 > ncol(H)= 1 ]

Warning in validityMethod(object) :Warning in validityMethod(object) :
Warning in validityMethod(object) :Warning in validityMethod(object) :
Runs: |================                                  |  31%Warning in validityMethod(object) :
Runs: |==================                                |  35%Warning in validityMethod(object) :
Runs: |====================                              |  39%Warning in validityMethod(object) :
Runs: |======================                            |  43%Warning in validityMethod(object) :
Runs: |========================                          |  47%Warning in validityMethod(object) :
Runs: |=========================                         |  51%Warning in validityMethod(object) :
Runs: |===========================                       |  55%Warning in validityMethod(object) :
Runs: |=============================                     |  59%Warning in validityMethod(object) :
Runs: |===============================                   |  63%Warning in validityMethod(object) :
Runs: |=================================                 |  67%Warning in validityMethod(object) :
Runs: |===================================               |  71%Warning in validityMethod(object) :
Runs: |=====================================             |  75%Warning in validityMethod(object) :
Runs: |=======================================           |  78%Warning in validityMethod(object) :
Warning in validityMethod(object) :Warning in validityMethod(object) :
Warning in validityMethod(object) :Warning in validityMethod(object) :
 
 Dimensions of W and H look strange [ncol(W)= 5 > ncol(H)= 1 ]
Warning in validityMethod(object) :Warning in validityMethod(object) :

System time:
   user  system elapsed 
  2.171   0.090   2.300 
ℹ [2026-10-08 22:38:15.541256]: Keeping at most 10 NMF solutions with KLD within (1+RTOL) range of the best.
ℹ [2026-10-08 22:38:15.615285]: Running signature number 5 for bootstrapped catalog 15.
NMF algorithm: 'brunet'
Multiple runs: 50
Mode: parallel (2/10 core(s))
Runs: |==                                                |   4%Warning in validityMethod(object) :
Runs: |====                                              |   8%Warning in validityMethod(object) :
Runs: |======                                            |  12%Warning in validityMethod(object) :
Runs: |========                                          |  16%Warning in validityMethod(object) :
Runs: |==========                                        |  20%Warning in validityMethod(object) :
Runs: |============                                      |  24%Warning in validityMethod(object) :
Runs: |==============                                    |  27%Warning in validityMethod(object) :
Runs: |================                                  |  31%Warning in validityMethod(object) :
Runs: |==================                                |  35%Warning in validityMethod(object) :
Runs: |====================                              |  39%Warning in validityMethod(object) :
Runs: |======================                            |  43%Warning in validityMethod(object) :
Runs: |========================                          |  47%Warning in validityMethod(object) :
Runs: |=========================                         |  51%Warning in validityMethod(object) :
Runs: |===========================                       |  55%Warning in validityMethod(object) :
Runs: |=============================                     |  59%Warning in validityMethod(object) :
Runs: |===============================                   |  63%Warning in validityMethod(object) :Warning in validityMethod(object) :
 
 Dimensions of W and H look strange [ncol(W)= 5 > ncol(H)= 1 ]
Warning in validityMethod(object) :Warning in validityMethod(object) :
 
 Dimensions of W and H look strange [ncol(W)= 5 > ncol(H)= 1 ]
Runs: |=================================                 |  67%Warning in validityMethod(object) :
Runs: |===================================               |  71%Warning in validityMethod(object) :
Runs: |=====================================             |  75%Warning in validityMethod(object) :
Runs: |=======================================           |  78%Warning in validityMethod(object) :
Runs: |=========================================         |  82%Warning in validityMethod(object) :
Runs: |===========================================       |  86%Warning in validityMethod(object) :
Runs: |=============================================     |  90%Warning in validityMethod(object) :
Runs: |===============================================   |  94%Warning in validityMethod(object) :
Runs: |================================================= |  98%Warning in validityMethod(object) :Warning in validityMethod(object) :
 
 Dimensions of W and H look strange [ncol(W)= 5 > ncol(H)= 1 ]
Warning in validityMethod(object) :Warning in validityMethod(object) :
 
 Dimensions of W and H look strange [ncol(W)= 5 > ncol(H)= 1 ]
Warning in validityMethod(object) :Warning in validityMethod(object) :
 
 Dimensions of W and H look strange [ncol(W)= 5 > ncol(H)= 1 ]
Runs: |==================================================| 100%
System time:
   user  system elapsed 
  2.179   0.091   2.312 
ℹ [2026-10-08 22:38:18.0178]: Keeping at most 10 NMF solutions with KLD within (1+RTOL) range of the best.
ℹ [2026-10-08 22:38:18.092908]: Running signature number 5 for bootstrapped catalog 16.
NMF algorithm: 'brunet'
Multiple runs: 50
Mode: parallel (2/10 core(s))
Runs: |==                                                |   4%Warning in validityMethod(object) :
Runs: |====                                              |   8%Warning in validityMethod(object) :
Runs: |======                                            |  12%Warning in validityMethod(object) :
Runs: |========                                          |  16%Warning in validityMethod(object) :
Runs: |==========                                        |  20%Warning in validityMethod(object) :
Runs: |============                                      |  24%Warning in validityMethod(object) :
Runs: |==============                                    |  27%Warning in validityMethod(object) :
Runs: |================                                  |  31%Warning in validityMethod(object) :
Runs: |==================                                |  35%Warning in validityMethod(object) :
Runs: |====================                              |  39%Warning in validityMethod(object) :
Runs: |======================                            |  43%Warning in validityMethod(object) :
Runs: |========================                          |  47%Warning in validityMethod(object) :
Runs: |=========================                         |  51%Warning in validityMethod(object) :
Runs: |===========================                       |  55%Warning in validityMethod(object) :
Runs: |=============================                     |  59%Warning in validityMethod(object) :
Runs: |===============================                   |  63%Warning in validityMethod(object) :
Runs: |=================================                 |  67%Warning in validityMethod(object) :
Warning in validityMethod(object) :Warning in validityMethod(object) :
 
 Dimensions of W and H look strange [ncol(W)= 5 > ncol(H)= 1 ]
Runs: |===================================               |  71%Warning in validityMethod(object) :
Runs: |=====================================             |  75%Warning in validityMethod(object) :
Runs: |=======================================           |  78%Warning in validityMethod(object) :
Runs: |=========================================         |  82%Warning in validityMethod(object) :
Warning in validityMethod(object) :Warning in validityMethod(object) :
 
 Dimensions of W and H look strange [ncol(W)= 5 > ncol(H)= 1 ]
Runs: |===========================================       |  86%Warning in validityMethod(object) :
Runs: |=============================================     |  90%Warning in validityMethod(object) :
Warning in validityMethod(object) :Warning in validityMethod(object) :
 
 Dimensions of W and H look strange [ncol(W)= 5 > ncol(H)= 1 ]
Runs: |===============================================   |  94%Warning in validityMethod(object) :
Runs: |================================================= |  98%Warning in validityMethod(object) :Warning in validityMethod(object) :
 
 Dimensions of W and H look strange [ncol(W)= 5 > ncol(H)= 1 ]
Warning in validityMethod(object) :Warning in validityMethod(object) :
 
 Dimensions of W and H look strange [ncol(W)= 5 > ncol(H)= 1 ]
 Warning in validityMethod(object) : Dimensions of W and H look strange [ncol(W)= 5 > ncol(H)= 1 ]

Runs: |==================================================| 100%
System time:
   user  system elapsed 
  2.150   0.083   2.272 
ℹ [2026-10-08 22:38:20.447229]: Keeping at most 10 NMF solutions with KLD within (1+RTOL) range of the best.
ℹ [2026-10-08 22:38:20.524199]: Running signature number 5 for bootstrapped catalog 17.
NMF algorithm: 'brunet'
Multiple runs: 50
Mode: parallel (2/10 core(s))
Runs: |==                                                |   4%Warning in validityMethod(object) :
Runs: |====                                              |   8%Warning in validityMethod(object) :
Runs: |======                                            |  12%Warning in validityMethod(object) :
Runs: |========                                          |  16%Warning in validityMethod(object) :
Runs: |==========                                        |  20%Warning in validityMethod(object) :Warning in validityMethod(object) :
 
 Dimensions of W and H look strange [ncol(W)= 5 > ncol(H)= 1 ]
Warning in validityMethod(object) :Warning in validityMethod(object) :
 
 Dimensions of W and H look strange [ncol(W)= 5 > ncol(H)= 1 ]
Warning in validityMethod(object) :Warning in validityMethod(object) :
 
 Dimensions of W and H look strange [ncol(W)= 5 > ncol(H)= 1 ]
Runs: |============                                      |  24%Warning in validityMethod(object) :
Runs: |==============                                    |  27%Warning in validityMethod(object) :
Runs: |================                                  |  31%Warning in validityMethod(object) :
Runs: |==================                                |  35%Warning in validityMethod(object) :
Runs: |====================                              |  39%Warning in validityMethod(object) :
Runs: |======================                            |  43%Warning in validityMethod(object) :Warning in validityMethod(object) :
 
 Dimensions of W and H look strange [ncol(W)= 5 > ncol(H)= 1 ]
Warning in validityMethod(object) :Warning in validityMethod(object) :
 
 Dimensions of W and H look strange [ncol(W)= 5 > ncol(H)= 1 ]
Warning in validityMethod(object) :Warning in validityMethod(object) :

Runs: |========================                          |  47%Warning in validityMethod(object) :
Runs: |=========================                         |  51%Warning in validityMethod(object) :
Runs: |==========================                        |  53%Warning in validityMethod(object) :
Runs: |===========================                       |  55%Warning in validityMethod(object) :
Runs: |=============================                     |  59%Warning in validityMethod(object) :
Runs: |===============================                   |  63%Warning in validityMethod(object) :Warning in validityMethod(object) :
 
 Dimensions of W and H look strange [ncol(W)= 5 > ncol(H)= 1 ]
Warning in validityMethod(object) :Warning in validityMethod(object) :
 
 Dimensions of W and H look strange [ncol(W)= 5 > ncol(H)= 1 ]
Runs: |=================================                 |  67%Warning in validityMethod(object) :
Runs: |===================================               |  71%Warning in validityMethod(object) :
Warning in validityMethod(object) :Warning in validityMethod(object) :
 
 Dimensions of W and H look strange [ncol(W)= 5 > ncol(H)= 1 ]
Warning in validityMethod(object) :Warning in validityMethod(object) :
 
 Dimensions of W and H look strange [ncol(W)= 5 > ncol(H)= 1 ]
Runs: |=====================================             |  75%Warning in validityMethod(object) :
Runs: |=======================================           |  78%Warning in validityMethod(object) :
Runs: |=========================================         |  82%Warning in validityMethod(object) :
Runs: |===========================================       |  86%Warning in validityMethod(object) :
Runs: |=============================================     |  90%Warning in validityMethod(object) :
Warning in validityMethod(object) :Warning in validityMethod(object) :
 
 Dimensions of W and H look strange [ncol(W)= 5 > ncol(H)= 1 ]
Runs: |===============================================   |  94%Warning in validityMethod(object) :
Runs: |================================================= |  98%Warning in validityMethod(object) :
Runs: |==================================================| 100%
System time:
   user  system elapsed 
  2.268   0.099   2.407 
ℹ [2026-10-08 22:38:23.010733]: Keeping at most 10 NMF solutions with KLD within (1+RTOL) range of the best.
ℹ [2026-10-08 22:38:23.089222]: Running signature number 5 for bootstrapped catalog 18.
NMF algorithm: 'brunet'
Multiple runs: 50
Mode: parallel (2/10 core(s))
Runs: |==                                                |   4%Warning in validityMethod(object) :Warning in validityMethod(object) :
 
 Dimensions of W and H look strange [ncol(W)= 5 > ncol(H)= 1 ]
Warning in validityMethod(object) :Warning in validityMethod(object) :
 
 Dimensions of W and H look strange [ncol(W)= 5 > ncol(H)= 1 ]
Runs: |====                                              |   8%Warning in validityMethod(object) :
Warning in validityMethod(object) :Warning in validityMethod(object) :
 
 Dimensions of W and H look strange [ncol(W)= 5 > ncol(H)= 1 ]
Runs: |======                                            |  12%Warning in validityMethod(object) :
Runs: |========                                          |  16%Warning in validityMethod(object) :
Runs: |==========                                        |  20%Warning in validityMethod(object) :
Warning in validityMethod(object) :Warning in validityMethod(object) :

Runs: |============                                      |  24%Warning in validityMethod(object) :
Runs: |==============                                    |  27%Warning in validityMethod(object) :
Runs: |================                                  |  31%Warning in validityMethod(object) :
Runs: |==================                                |  35%Warning in validityMethod(object) :
Runs: |====================                              |  39%Warning in validityMethod(object) :
Warning in validityMethod(object) :Warning in validityMethod(object) :

Runs: |======================                            |  43%Warning in validityMethod(object) :
Runs: |========================                          |  47%Warning in validityMethod(object) :
Runs: |=========================                         |  51%Warning in validityMethod(object) :
Runs: |===========================                       |  55%Warning in validityMethod(object) :
Warning in validityMethod(object) :Warning in validityMethod(object) :

Runs: |=============================                     |  59%Warning in validityMethod(object) :
Runs: |===============================                   |  63%Warning in validityMethod(object) :Warning in validityMethod(object) :
 
 Dimensions of W and H look strange [ncol(W)= 5 > ncol(H)= 1 ]
Runs: |=================================                 |  67%Warning in validityMethod(object) :
Runs: |===================================               |  71%Warning in validityMethod(object) :
Runs: |=====================================             |  75%Warning in validityMethod(object) :
Runs: |=======================================           |  78%Warning in validityMethod(object) :
Runs: |=========================================         |  82%Warning in validityMethod(object) :
Runs: |===========================================       |  86%Warning in validityMethod(object) :
Runs: |=============================================     |  90%Warning in validityMethod(object) :
Runs: |===============================================   |  94%Warning in validityMethod(object) :
Runs: |================================================= |  98%Warning in validityMethod(object) :
Runs: |==================================================| 100%
System time:
   user  system elapsed 
  2.166   0.096   2.304 
ℹ [2026-10-08 22:38:25.477355]: Keeping at most 10 NMF solutions with KLD within (1+RTOL) range of the best.
ℹ [2026-10-08 22:38:25.552317]: Running signature number 5 for bootstrapped catalog 19.
NMF algorithm: 'brunet'
Multiple runs: 50
Mode: parallel (2/10 core(s))
Runs: |==                                                |   4%Warning in validityMethod(object) :Warning in validityMethod(object) :
 
 Dimensions of W and H look strange [ncol(W)= 5 > ncol(H)= 1 ]
Warning in validityMethod(object) :Warning in validityMethod(object) :
 
 Dimensions of W and H look strange [ncol(W)= 5 > ncol(H)= 1 ]
Warning in validityMethod(object) :Warning in validityMethod(object) :
 
 Dimensions of W and H look strange [ncol(W)= 5 > ncol(H)= 1 ]
Runs: |====                                              |   8%Warning in validityMethod(object) :
Runs: |======                                            |  12%Warning in validityMethod(object) :
Runs: |========                                          |  16%Warning in validityMethod(object) :
Runs: |==========                                        |  20%Warning in validityMethod(object) :
Runs: |============                                      |  24%Warning in validityMethod(object) :
Runs: |==============                                    |  27%Warning in validityMethod(object) :
Runs: |================                                  |  31%Warning in validityMethod(object) :Warning in validityMethod(object) :
 
 Dimensions of W and H look strange [ncol(W)= 5 > ncol(H)= 1 ]
Warning in validityMethod(object) :Warning in validityMethod(object) :
 
 Dimensions of W and H look strange [ncol(W)= 5 > ncol(H)= 1 ]
Warning in validityMethod(object) :Warning in validityMethod(object) :
 
 Dimensions of W and H look strange [ncol(W)= 5 > ncol(H)= 1 ]
Runs: |==================                                |  35%Warning in validityMethod(object) :Warning in validityMethod(object) :
 
 Dimensions of W and H look strange [ncol(W)= 5 > ncol(H)= 1 ]
Warning in validityMethod(object) :Warning in validityMethod(object) :
 
 Dimensions of W and H look strange [ncol(W)= 5 > ncol(H)= 1 ]
Warning in validityMethod(object) :Warning in validityMethod(object) :
 
 Dimensions of W and H look strange [ncol(W)= 5 > ncol(H)= 1 ]
Runs: |====================                              |  39%Warning in validityMethod(object) :Warning in validityMethod(object) :
 
 Dimensions of W and H look strange [ncol(W)= 5 > ncol(H)= 1 ]
Runs: |======================                            |  43%Warning in validityMethod(object) :
Runs: |========================                          |  47%Warning in validityMethod(object) :
Runs: |=========================                         |  49%Warning in validityMethod(object) :
Runs: |=========================                         |  51%Warning in validityMethod(object) :
Runs: |===========================                       |  55%Warning in validityMethod(object) :
Runs: |=============================                     |  59%Warning in validityMethod(object) :
Runs: |===============================                   |  63%Warning in validityMethod(object) :
Runs: |=================================                 |  67%Warning in validityMethod(object) :
Runs: |===================================               |  71%Warning in validityMethod(object) :
Runs: |=====================================             |  75%Warning in validityMethod(object) :
Runs: |======================================            |  76%Warning in validityMethod(object) :
Runs: |=======================================           |  78%Warning in validityMethod(object) :
Runs: |========================================          |  80%Warning in validityMethod(object) :
Runs: |=========================================         |  82%Warning in validityMethod(object) :
Runs: |==========================================        |  84%Warning in validityMethod(object) :
Runs: |===========================================       |  86%Warning in validityMethod(object) :
Runs: |============================================      |  88%Warning in validityMethod(object) :
Runs: |=============================================     |  90%Warning in validityMethod(object) :
Runs: |==============================================    |  92%Warning in validityMethod(object) :
Runs: |===============================================   |  94%Warning in validityMethod(object) :
Runs: |================================================  |  96%Warning in validityMethod(object) :
Runs: |================================================= |  98%Warning in validityMethod(object) :
Runs: |==================================================| 100%
System time:
   user  system elapsed 
  2.164   0.095   2.302 
ℹ [2026-10-08 22:38:27.944603]: Keeping at most 10 NMF solutions with KLD within (1+RTOL) range of the best.
ℹ [2026-10-08 22:38:28.022212]: Running signature number 5 for bootstrapped catalog 20.
NMF algorithm: 'brunet'
Multiple runs: 50
Mode: parallel (2/10 core(s))
Runs: |==                                                |   4%Warning in validityMethod(object) :
Runs: |====                                              |   8%Warning in validityMethod(object) :
Runs: |======                                            |  12%Warning in validityMethod(object) :
Runs: |========                                          |  16%Warning in validityMethod(object) :
Runs: |==========                                        |  20%Warning in validityMethod(object) :
Runs: |============                                      |  24%Warning in validityMethod(object) :
Runs: |==============                                    |  27%Warning in validityMethod(object) :
Runs: |================                                  |  31%Warning in validityMethod(object) :
Runs: |==================                                |  35%Warning in validityMethod(object) :
Runs: |====================                              |  39%Warning in validityMethod(object) :Warning in validityMethod(object) :
 
 Dimensions of W and H look strange [ncol(W)= 5 > ncol(H)= 1 ]
Warning in validityMethod(object) :Warning in validityMethod(object) :

Runs: |======================                            |  43%Warning in validityMethod(object) :
Warning in validityMethod(object) :Warning in validityMethod(object) :
 
 Dimensions of W and H look strange [ncol(W)= 5 > ncol(H)= 1 ]
Runs: |========================                          |  47%Warning in validityMethod(object) :
Runs: |=========================                         |  51%Warning in validityMethod(object) :
Runs: |===========================                       |  55%Warning in validityMethod(object) :
Runs: |=============================                     |  59%Warning in validityMethod(object) :
Runs: |===============================                   |  63%Warning in validityMethod(object) :
Warning in validityMethod(object) :Warning in validityMethod(object) :
 
 Dimensions of W and H look strange [ncol(W)= 5 > ncol(H)= 1 ]
Runs: |=================================                 |  67%Warning in validityMethod(object) :
Warning in validityMethod(object) :
Warning in validityMethod(object) :
Warning in validityMethod(object) :
Warning in validityMethod(object) :
Runs: |===================================               |  71%Warning in validityMethod(object) :
Warning in validityMethod(object) :
Warning in validityMethod(object) :Warning in validityMethod(object) :
 
 Dimensions of W and H look strange [ncol(W)= 5 > ncol(H)= 1 ]
Warning in validityMethod(object) :Warning in validityMethod(object) :
 
 Dimensions of W and H look strange [ncol(W)= 5 > ncol(H)= 1 ]
Runs: |=====================================             |  75%Warning in validityMethod(object) :
Warning in validityMethod(object) :
Warning in validityMethod(object) :
  Dimensions of W and H look strange [ncol(W)= 5 > ncol(H)= 1 ]
Warning in validityMethod(object) :
  Dimensions of W and H look strange [ncol(W)= 5 > ncol(H)= 1 ]
Warning in validityMethod(object) :
  Dimensions of W and H look strange [ncol(W)= 5 > ncol(H)= 1 ]
Warning in validityMethod(object) :
  Dimensions of W and H look strange [ncol(W)= 5 > ncol(H)= 1 ]
Runs: |=======================================           |  78%Warning in validityMethod(object) :
  Dimensions of W and H look strange [ncol(W)= 5 > ncol(H)= 1 ]
Warning in validityMethod(object) :
  Dimensions of W and H look strange [ncol(W)= 5 > ncol(H)= 1 ]
Warning in validityMethod(object) :
  Dimensions of W and H look strange [ncol(W)= 5 > ncol(H)= 1 ]
Warning in validityMethod(object) :
  Dimensions of W and H look strange [ncol(W)= 5 > ncol(H)= 1 ]
Warning in validityMethod(object) :
  Dimensions of W and H look strange [ncol(W)= 5 > ncol(H)= 1 ]
Warning in validityMethod(object) :
  Dimensions of W and H look strange [ncol(W)= 5 > ncol(H)= 1 ]
Runs: |=========================================         |  82%Warning in validityMethod(object) :
  Dimensions of W and H look strange [ncol(W)= 5 > ncol(H)= 1 ]
Warning in validityMethod(object) :
  Dimensions of W and H look strange [ncol(W)= 5 > ncol(H)= 1 ]
Warning in validityMethod(object) :
  Dimensions of W and H look strange [ncol(W)= 5 > ncol(H)= 1 ]
Warning in validityMethod(object) :
  Dimensions of W and H look strange [ncol(W)= 5 > ncol(H)= 1 ]
Warning in validityMethod(object) :
  Dimensions of W and H look strange [ncol(W)= 5 > ncol(H)= 1 ]
Warning in validityMethod(object) :
  Dimensions of W and H look strange [ncol(W)= 5 > ncol(H)= 1 ]
Runs: |===========================================       |  86%Warning in validityMethod(object) :
  Dimensions of W and H look strange [ncol(W)= 5 > ncol(H)= 1 ]
Warning in validityMethod(object) :
  Dimensions of W and H look strange [ncol(W)= 5 > ncol(H)= 1 ]
Warning in validityMethod(object) :
  Dimensions of W and H look strange [ncol(W)= 5 > ncol(H)= 1 ]
Warning in validityMethod(object) :
  Dimensions of W and H look strange [ncol(W)= 5 > ncol(H)= 1 ]
Warning in validityMethod(object) :
  Dimensions of W and H look strange [ncol(W)= 5 > ncol(H)= 1 ]
Warning in validityMethod(object) :
  Dimensions of W and H look strange [ncol(W)= 5 > ncol(H)= 1 ]
Runs: |=============================================     |  90%Warning in validityMethod(object) :
  Dimensions of W and H look strange [ncol(W)= 5 > ncol(H)= 1 ]
Warning in validityMethod(object) :
  Dimensions of W and H look strange [ncol(W)= 5 > ncol(H)= 1 ]
Warning in validityMethod(object) :
  Dimensions of W and H look strange [ncol(W)= 5 > ncol(H)= 1 ]
Warning in validityMethod(object) :
  Dimensions of W and H look strange [ncol(W)= 5 > ncol(H)= 1 ]
Warning in validityMethod(object) :
  Dimensions of W and H look strange [ncol(W)= 5 > ncol(H)= 1 ]
Warning in validityMethod(object) :
  Dimensions of W and H look strange [ncol(W)= 5 > ncol(H)= 1 ]
Runs: |===============================================   |  94%Warning in validityMethod(object) :
  Dimensions of W and H look strange [ncol(W)= 5 > ncol(H)= 1 ]
Warning in validityMethod(object) :
  Dimensions of W and H look strange [ncol(W)= 5 > ncol(H)= 1 ]
Warning in validityMethod(object) :
  Dimensions of W and H look strange [ncol(W)= 5 > ncol(H)= 1 ]
Warning in validityMethod(object) :
  Dimensions of W and H look strange [ncol(W)= 5 > ncol(H)= 1 ]
Warning in validityMethod(object) :
  Dimensions of W and H look strange [ncol(W)= 5 > ncol(H)= 1 ]
Warning in validityMethod(object) :
  Dimensions of W and H look strange [ncol(W)= 5 > ncol(H)= 1 ]
Runs: |================================================= |  98%Warning in validityMethod(object) :
  Dimensions of W and H look strange [ncol(W)= 5 > ncol(H)= 1 ]
Warning in validityMethod(object) :
  Dimensions of W and H look strange [ncol(W)= 5 > ncol(H)= 1 ]
Warning in validityMethod(object) :
  Dimensions of W and H look strange [ncol(W)= 5 > ncol(H)= 1 ]
Warning in validityMethod(object) :
  Dimensions of W and H look strange [ncol(W)= 5 > ncol(H)= 1 ]
Warning in validityMethod(object) :
  Dimensions of W and H look strange [ncol(W)= 5 > ncol(H)= 1 ]
Warning in validityMethod(object) :
  Dimensions of W and H look strange [ncol(W)= 5 > ncol(H)= 1 ]
Runs: |==================================================| 100%
System time:
   user  system elapsed 
  2.233   0.100   2.374 
ℹ [2026-10-08 22:38:30.489562]: Keeping at most 10 NMF solutions with KLD within (1+RTOL) range of the best.
ℹ [2026-10-08 22:38:30.559676]: Reading NMF run files...
✔ [2026-10-08 22:38:30.565809]: Read successfully.
✔ [2026-10-08 22:38:30.566719]: NMF run files deleted.
✔ [2026-10-08 22:38:30.567249]: Done for this signature number. Current memory size used: 118MB
ℹ [2026-10-08 22:38:30.6752]: Starting process the solution list.
ℹ [2026-10-08 22:38:30.676097]: 4 cores set for processing solutions.
 Progress: ──────────────────────────────────────────────────────────────── 100%ℹ [2026-10-08 22:38:32.636368]: Normalizing solutions to get Signature and Exposure.
ℹ [2026-10-08 22:38:55.466305]: Start processing 2 signatures.
ℹ [2026-10-08 22:38:55.467427]: Running clustering with match algorithm for signature assignment in different NMF runs.
✔ [2026-10-08 22:38:55.496386]: Run pairs obtained.
✔ [2026-10-08 22:38:55.719992]: Run pairwise similarity distance calculated.
✔ [2026-10-08 22:38:59.778428]: Match list obtained.
✔ [2026-10-08 22:38:59.782501]: Match list ordered by distance.
✔ [2026-10-08 22:39:00.326956]: Clustering done.
ℹ [2026-10-08 22:39:00.329237]: Ordering data based on the clustering result.
✔ [2026-10-08 22:39:00.331376]: Done.
ℹ [2026-10-08 22:39:00.332042]: Calculating stats for signatures and samples.
ℹ [2026-10-08 22:39:00.332569]: Getting signature stats.
ℹ [2026-10-08 22:39:00.333167]: 	 getting exposure array.
ℹ [2026-10-08 22:39:00.505825]: 	 summarizing signatures from different runs.
ℹ [2026-10-08 22:39:00.685242]: 	 summarizing sample profile similarity.
ℹ [2026-10-08 22:39:00.923992]: 	 summarizing signature-wise profile similarity.
ℹ [2026-10-08 22:39:01.652354]: Getting sample stats.
ℹ [2026-10-08 22:39:01.653454]: 	 getting exposure array.
ℹ [2026-10-08 22:39:01.812487]: 	 summarizing exposures from different runs.
ℹ [2026-10-08 22:39:01.982788]: 	 getting catalog array.
ℹ [2026-10-08 22:39:02.157255]: 	 summarizing sample profile similarity.
ℹ [2026-10-08 22:39:02.362813]: 	 summarizing sample-wise profile similarity.
ℹ [2026-10-08 22:39:02.521731]: 	 summarizing sample profile reconstruction stats.
✔ [2026-10-08 22:39:02.884237]: Done.
ℹ [2026-10-08 22:39:02.885293]: Outputing extraction result and corresponding stats.
✔ [2026-10-08 22:39:02.886369]: Data.frame for stats generated.
✔ [2026-10-08 22:39:03.064457]: Signature object generated.
ℹ [2026-10-08 22:38:33.913515]: Normalizing solutions to get Signature and Exposure.
ℹ [2026-10-08 22:38:57.050042]: Start processing 3 signatures.
ℹ [2026-10-08 22:38:57.051206]: Running clustering with match algorithm for signature assignment in different NMF runs.
✔ [2026-10-08 22:38:57.079437]: Run pairs obtained.
✔ [2026-10-08 22:38:57.394449]: Run pairwise similarity distance calculated.
✔ [2026-10-08 22:39:01.947044]: Match list obtained.
✔ [2026-10-08 22:39:01.951211]: Match list ordered by distance.
✔ [2026-10-08 22:39:02.643862]: Clustering done.
ℹ [2026-10-08 22:39:02.646994]: Ordering data based on the clustering result.
✔ [2026-10-08 22:39:02.649244]: Done.
ℹ [2026-10-08 22:39:02.649943]: Calculating stats for signatures and samples.
ℹ [2026-10-08 22:39:02.650513]: Getting signature stats.
ℹ [2026-10-08 22:39:02.651345]: 	 getting exposure array.
ℹ [2026-10-08 22:39:02.855668]: 	 summarizing signatures from different runs.
ℹ [2026-10-08 22:39:03.04443]: 	 summarizing sample profile similarity.
ℹ [2026-10-08 22:39:03.32972]: 	 summarizing signature-wise profile similarity.
ℹ [2026-10-08 22:39:04.269732]: Getting sample stats.
ℹ [2026-10-08 22:39:04.270822]: 	 getting exposure array.
ℹ [2026-10-08 22:39:04.438116]: 	 summarizing exposures from different runs.
ℹ [2026-10-08 22:39:04.585524]: 	 getting catalog array.
ℹ [2026-10-08 22:39:04.754247]: 	 summarizing sample profile similarity.
ℹ [2026-10-08 22:39:04.931815]: 	 summarizing sample-wise profile similarity.
ℹ [2026-10-08 22:39:05.102111]: 	 summarizing sample profile reconstruction stats.
✔ [2026-10-08 22:39:05.412966]: Done.
ℹ [2026-10-08 22:39:05.413862]: Outputing extraction result and corresponding stats.
✔ [2026-10-08 22:39:05.414794]: Data.frame for stats generated.
✔ [2026-10-08 22:39:05.581258]: Signature object generated.
ℹ [2026-10-08 22:38:35.309719]: Normalizing solutions to get Signature and Exposure.
ℹ [2026-10-08 22:38:58.513855]: Start processing 4 signatures.
ℹ [2026-10-08 22:38:58.514883]: Running clustering with match algorithm for signature assignment in different NMF runs.
✔ [2026-10-08 22:38:58.544217]: Run pairs obtained.
✔ [2026-10-08 22:38:58.939844]: Run pairwise similarity distance calculated.
✔ [2026-10-08 22:39:03.996208]: Match list obtained.
✔ [2026-10-08 22:39:04.000071]: Match list ordered by distance.
✔ [2026-10-08 22:39:04.674963]: Clustering done.
ℹ [2026-10-08 22:39:04.677917]: Ordering data based on the clustering result.
✔ [2026-10-08 22:39:04.679155]: Done.
ℹ [2026-10-08 22:39:04.679717]: Calculating stats for signatures and samples.
ℹ [2026-10-08 22:39:04.680219]: Getting signature stats.
ℹ [2026-10-08 22:39:04.680834]: 	 getting exposure array.
ℹ [2026-10-08 22:39:04.850127]: 	 summarizing signatures from different runs.
ℹ [2026-10-08 22:39:05.029229]: 	 summarizing sample profile similarity.
ℹ [2026-10-08 22:39:05.341844]: 	 summarizing signature-wise profile similarity.
ℹ [2026-10-08 22:39:06.343168]: Getting sample stats.
ℹ [2026-10-08 22:39:06.344173]: 	 getting exposure array.
ℹ [2026-10-08 22:39:06.489596]: 	 summarizing exposures from different runs.
ℹ [2026-10-08 22:39:06.647945]: 	 getting catalog array.
ℹ [2026-10-08 22:39:06.805493]: 	 summarizing sample profile similarity.
ℹ [2026-10-08 22:39:06.989475]: 	 summarizing sample-wise profile similarity.
ℹ [2026-10-08 22:39:07.134933]: 	 summarizing sample profile reconstruction stats.
✔ [2026-10-08 22:39:07.435782]: Done.
ℹ [2026-10-08 22:39:07.436709]: Outputing extraction result and corresponding stats.
✔ [2026-10-08 22:39:07.437677]: Data.frame for stats generated.
✔ [2026-10-08 22:39:07.588473]: Signature object generated.
ℹ [2026-10-08 22:38:36.685006]: Normalizing solutions to get Signature and Exposure.
ℹ [2026-10-08 22:39:00.284353]: Start processing 5 signatures.
ℹ [2026-10-08 22:39:00.285509]: Running clustering with match algorithm for signature assignment in different NMF runs.
✔ [2026-10-08 22:39:00.315603]: Run pairs obtained.
✔ [2026-10-08 22:39:00.921927]: Run pairwise similarity distance calculated.
✔ [2026-10-08 22:39:06.537734]: Match list obtained.
✔ [2026-10-08 22:39:06.541259]: Match list ordered by distance.
✔ [2026-10-08 22:39:07.165998]: Clustering done.
ℹ [2026-10-08 22:39:07.168857]: Ordering data based on the clustering result.
✔ [2026-10-08 22:39:07.170182]: Done.
ℹ [2026-10-08 22:39:07.170725]: Calculating stats for signatures and samples.
ℹ [2026-10-08 22:39:07.171206]: Getting signature stats.
ℹ [2026-10-08 22:39:07.171813]: 	 getting exposure array.
ℹ [2026-10-08 22:39:07.342991]: 	 summarizing signatures from different runs.
ℹ [2026-10-08 22:39:07.518497]: 	 summarizing sample profile similarity.
ℹ [2026-10-08 22:39:07.897198]: 	 summarizing signature-wise profile similarity.
ℹ [2026-10-08 22:39:09.022249]: Getting sample stats.
ℹ [2026-10-08 22:39:09.023182]: 	 getting exposure array.
ℹ [2026-10-08 22:39:09.159361]: 	 summarizing exposures from different runs.
ℹ [2026-10-08 22:39:09.286252]: 	 getting catalog array.
ℹ [2026-10-08 22:39:09.423991]: 	 summarizing sample profile similarity.
ℹ [2026-10-08 22:39:09.577367]: 	 summarizing sample-wise profile similarity.
ℹ [2026-10-08 22:39:09.716065]: 	 summarizing sample profile reconstruction stats.
✔ [2026-10-08 22:39:09.976686]: Done.
ℹ [2026-10-08 22:39:09.977576]: Outputing extraction result and corresponding stats.
✔ [2026-10-08 22:39:09.978516]: Data.frame for stats generated.
✔ [2026-10-08 22:39:10.109578]: Signature object generated.
✔ [2026-10-08 22:39:10.959417]: Solution list processed. Current memory size used: 121MB
ℹ [2026-10-08 22:39:11.024149]: Merging and checking the solution data.
✔ [2026-10-08 22:39:11.02577]: Merged. Current memory size used: 121MB
ℹ [2026-10-08 22:39:11.07909]: Ranking signature extraction solutions.
ℹ [2026-10-08 22:39:11.081167]: Calculating integrated rank score based on the measures: silhouette, L2_error
ℹ [2026-10-08 22:39:11.081728]: Corresponding weights for obtaining the aggregated score are: 0.4, 0.6
✔ [2026-10-08 22:39:11.083114]: The solution of 2 signatures (aggregated score = 95.5) is the suggested result.
✔ [2026-10-08 22:39:11.083644]: Extraction procedure run successfully.
ℹ [2026-10-08 22:39:11.159044]: 4.185 mins elapsed.
[run_sigminer] 1 samples x 2 signatures -> /m7scaffold/out/intervals.csv
